ら戳,Θユ计,Θユ肂,秨絃基,程蔼基,程基,Μ絃基,害禴基畉,Θユ掸计,RSV,K9
1996/03/11,1081000,30268100,28.5,28.5,27.2,27.9,-0.10,296,97.890000000000001,50
1996/03/12,1112030,30702332,27.6,28.1,26.5,26.5,-1.40,288,92.980000000000004,50
1996/03/13,1119478,28727300,26.0,26.4,25.0,26.4,-0.10,280,92.629999999999995,50
1996/03/14,892152,23605091,26.3,26.8,25.5,26.7,0.30,202,93.680000000000007,50
1996/03/15,596104,16031060,26.7,27.2,26.7,27.2,0.50,136,95.439999999999998,50
1996/03/16,931000,26022700,28.1,28.1,27.7,27.9,0.70,181,97.890000000000001,50
1996/03/18,532000,14748500,27.8,27.9,27.5,27.9,0.00,127,97.890000000000001,50
1996/03/19,552122,15387386,27.9,28.0,27.7,28.0,0.10,137,98.25,50
1996/03/20,955587,26948553,27.9,28.6,27.9,28.6,0.60,231,100.0,50
1996/03/21,902010,25914184,28.6,29.0,28.5,29.0,0.40,214,100.0,66.66
1996/03/22,811000,23520400,29.4,29.4,28.5,29.1,0.10,247,93.180000000000007,75.50
1996/03/25,615100,17923195,29.1,29.3,28.8,29.2,0.10,175,94.870000000000005,81.95
1996/03/26,276100,7984505,29.0,29.1,28.8,28.8,-0.40,93,77.780000000000001,80.56
1996/03/27,549455,15965331,28.8,29.2,28.8,29.0,0.20,178,78.950000000000003,80.03
1996/03/28,209133,6010235,28.8,29.0,28.6,28.6,-0.40,66,57.890000000000001,72.65
1996/04/01,308526,8948864,28.7,29.3,28.7,29.1,0.50,90,82.349999999999994,75.88
1996/04/02,299103,8613479,29.1,29.1,28.5,28.9,-0.20,80,66.670000000000002,72.81
1996/04/05,740000,21541100,29.0,29.3,28.8,29.3,0.40,161,88.890000000000001,78.17
1996/04/06,1362000,40425900,29.3,30.0,29.3,30.0,0.70,196,100.0,85.44
1996/04/08,659000,19438600,30.0,30.0,29.2,29.3,-0.70,137,53.329999999999998,74.74
1996/04/09,902201,26532559,29.0,29.8,28.5,29.5,0.20,174,66.670000000000002,72.05
1996/04/10,840001,24198029,29.2,29.3,28.4,28.5,-1.00,165,6.25,50.11
1996/04/11,510000,13890600,26.6,28.1,26.6,28.0,-0.50,162,41.18,47.14
1996/04/12,520522,14393542,27.5,28.4,27.0,28.4,0.40,147,52.939999999999998,49.08
1996/04/13,598001,16884628,28.3,28.6,28.0,28.5,0.10,95,55.880000000000003,51.35
1996/04/15,1027000,29860900,28.5,29.6,28.5,28.8,0.30,174,64.709999999999994,55.80
1996/04/16,379322,10842925,28.8,29.1,28.3,28.5,-0.30,79,55.880000000000003,55.83
1996/04/17,810000,23335500,28.5,29.2,28.1,29.1,0.60,142,73.530000000000001,61.73
1996/04/18,335000,9628700,29.1,29.1,28.5,28.6,-0.50,83,62.5,61.98
1996/04/19,156004,4463312,28.6,28.7,28.4,28.5,-0.10,43,63.329999999999998,62.43
1996/04/20,196000,5616900,28.3,28.8,28.3,28.7,0.20,54,70.0,64.95
1996/04/22,341000,9728600,28.7,28.9,28.0,28.7,0.00,93,65.379999999999995,65.09
1996/04/23,1366200,39534010,28.4,29.2,28.4,28.6,-0.10,172,37.5,55.89
1996/04/24,668000,19232700,28.7,29.0,28.4,28.7,0.10,116,43.75,51.84
1996/04/25,1396000,40873500,28.9,29.6,28.9,29.4,0.70,287,87.5,63.73
1996/04/26,856000,24922200,29.5,29.6,28.8,28.9,-0.50,184,56.25,61.24
1996/04/27,438649,12747758,29.0,29.2,28.9,29.0,0.10,103,62.5,61.66
1996/04/29,3570000,107742400,29.1,31.0,29.1,31.0,2.00,424,100.0,74.44
1996/04/30,969442,29539431,31.3,31.3,30.1,30.2,-0.80,265,66.670000000000002,71.85
1996/05/01,626000,18831900,30.3,30.4,29.6,30.1,-0.10,141,63.640000000000001,69.11
1996/05/02,451000,13386200,30.1,30.1,29.5,29.9,-0.20,101,51.719999999999999,63.31
1996/05/03,573000,17339349,30.1,30.4,30.1,30.3,0.40,129,65.519999999999996,64.05
1996/05/04,461000,14056800,30.5,30.6,30.2,30.5,0.20,95,68.0,65.37
1996/05/06,458000,13758700,30.5,30.5,29.7,30.1,-0.40,112,52.0,60.91
1996/05/07,933000,27404200,30.0,30.0,28.8,29.7,-0.40,156,36.0,52.61
1996/05/08,1501156,44909309,29.8,30.2,29.5,30.1,0.40,177,52.0,52.40
1996/05/09,1965342,59871838,30.1,30.7,30.1,30.6,0.50,230,72.0,58.93
1996/05/10,2573001,81654430,30.8,32.6,30.8,32.6,2.00,342,100.0,72.62
1996/05/11,1867201,61798418,33.7,33.8,32.5,33.0,0.40,316,84.0,76.41
1996/05/13,849000,27403900,33.0,33.0,31.6,31.8,-1.20,178,60.0,70.94
1996/05/14,527616,16479789,31.8,31.9,30.6,31.3,-0.50,130,50.0,63.96
1996/05/15,230000,7107300,31.2,31.3,30.7,30.8,-0.50,87,40.0,55.97
1996/05/16,168000,5183400,31.1,31.1,30.6,30.9,0.10,66,42.0,51.31
1996/05/17,195001,6002930,31.0,31.1,30.6,30.8,-0.10,67,30.23,44.29
1996/05/18,255000,7825900,30.8,30.9,30.4,30.9,0.10,80,21.620000000000001,36.74
1996/05/20,209000,6346200,30.8,30.9,30.1,30.3,-0.60,64,5.4100000000000001,26.29
1996/05/21,651000,19013800,30.3,30.4,28.2,29.9,-0.40,163,30.359999999999999,27.65
1996/05/22,564300,16914925,30.0,30.3,29.6,29.7,-0.20,185,31.25,28.85
1996/05/23,524101,15750984,29.8,30.3,29.7,30.0,0.30,132,48.649999999999999,35.45
1996/05/24,467000,13988800,30.0,30.2,29.6,29.9,-0.10,126,54.840000000000003,41.91
1996/05/25,246000,7335700,29.9,30.0,29.7,29.9,0.00,68,58.619999999999997,47.48
1996/05/27,216000,6422400,29.9,30.0,29.5,29.7,-0.20,70,51.719999999999999,48.89
1996/05/28,264100,7851455,29.7,29.9,29.6,29.8,0.10,80,59.259999999999998,52.34
1996/05/29,388001,11526829,29.9,30.0,29.4,30.0,0.20,99,66.670000000000002,57.11
1996/05/30,424101,12660914,29.8,30.3,29.5,30.1,0.10,113,86.359999999999999,66.86
1996/05/31,484002,14599158,30.1,30.4,29.8,30.1,0.00,124,70.0,67.90
1996/06/01,303001,9065829,30.1,30.2,29.6,30.0,-0.10,88,60.0,65.27
1996/06/03,298000,8929700,30.0,30.2,29.6,30.0,0.00,82,60.0,63.51
1996/06/04,238001,7049029,30.0,30.0,29.4,29.7,-0.30,79,30.0,52.34
1996/06/05,270000,7956200,29.8,29.8,29.2,29.4,-0.30,83,16.670000000000002,40.45
1996/06/06,526000,15509400,29.4,29.9,29.0,29.7,0.30,135,50.0,43.64
1996/06/07,254001,7451029,29.0,29.7,29.0,29.4,-0.30,106,28.57,38.61
1996/06/08,162000,4760700,29.4,29.6,29.2,29.5,0.10,40,35.710000000000001,37.64
1996/06/10,211000,6205900,29.5,29.6,29.1,29.6,0.10,76,42.859999999999999,39.38
1996/06/11,375200,11118190,29.6,29.8,29.5,29.7,0.10,76,58.329999999999998,45.69
1996/06/12,645000,19346200,29.7,30.4,29.7,30.4,0.70,135,100.0,63.79
1996/06/13,351001,10640230,30.5,30.5,30.0,30.0,-0.40,95,66.670000000000002,64.75
1996/06/14,524000,15578600,30.0,30.1,29.1,29.9,-0.10,104,60.0,63.17
1996/06/15,133000,3965700,30.0,30.0,29.5,29.5,-0.40,40,33.329999999999998,53.22
1996/06/17,343000,10118600,29.6,29.9,29.2,29.9,0.40,93,60.0,55.48
1996/06/18,229000,6773800,29.5,29.9,29.4,29.7,-0.20,69,42.859999999999999,51.28
1996/06/19,334000,9849300,29.7,29.8,29.1,29.8,0.10,94,50.0,50.86
1996/06/21,696000,20892100,29.8,30.2,29.8,30.1,0.30,105,71.430000000000007,57.72
1996/06/22,281311,8399710,30.2,30.2,29.5,29.9,-0.20,73,57.140000000000001,57.53
1996/06/24,387000,11572600,29.9,30.0,29.7,30.0,0.10,98,64.290000000000006,59.78
1996/06/25,360402,10848697,30.1,30.2,30.0,30.1,0.10,105,90.909999999999997,70.15
1996/06/26,293235,8806335,30.1,30.2,29.8,30.0,-0.10,67,81.819999999999993,74.04
1996/06/27,261000,7832600,30.2,30.2,29.8,30.0,0.00,58,81.819999999999993,76.63
1996/06/28,416000,12515200,30.0,30.2,29.9,30.2,0.20,102,100.0,84.42
1996/06/29,1085011,34271130,30.3,32.3,30.2,32.3,2.10,222,100.0,89.61
1996/07/02,2416000,79475500,32.9,33.4,32.5,33.0,0.70,258,89.739999999999995,89.65
1996/07/03,3595010,116717228,32.5,32.9,32.2,32.4,-0.60,255,74.359999999999999,84.56
1996/07/04,3265365,111101262,32.9,34.6,32.9,34.6,2.20,310,100.0,89.70
1996/07/05,3346164,113812544,34.7,34.7,33.6,34.3,-0.30,276,91.840000000000003,90.41
1996/07/06,2698200,94110024,34.5,35.3,34.4,35.1,0.80,279,96.359999999999999,92.39
1996/07/08,4189000,151341000,35.6,36.7,35.6,36.7,1.60,398,100.0,94.92
1996/07/09,3598000,131713500,36.7,37.4,36.2,37.3,0.60,370,98.670000000000002,96.17
1996/07/10,3680136,138898646,37.3,38.2,37.0,37.7,0.40,415,93.75,95.36
1996/07/11,2247122,82800975,37.6,37.6,35.9,36.6,-1.10,302,73.329999999999998,88.01
1996/07/12,3430108,126012532,36.4,37.1,36.3,37.1,0.50,242,81.670000000000002,85.89
1996/07/13,602000,22122400,36.6,37.0,36.6,36.7,-0.40,89,71.700000000000003,81.16
1996/07/15,1093000,40315900,36.7,37.3,36.5,37.3,0.60,160,80.430000000000007,80.92
1996/07/16,2401140,90567495,37.4,38.5,37.1,38.5,1.20,384,100.0,87.28
1996/07/17,2241000,86648300,38.5,39.2,38.0,39.2,0.70,298,100.0,91.52
1996/07/18,2117682,83333498,39.1,39.7,38.8,39.5,0.30,308,94.739999999999995,92.59
1996/07/19,4722000,186508400,39.5,39.6,38.8,39.4,-0.10,260,92.109999999999999,92.43
1996/07/20,2933000,116007200,39.5,39.8,39.3,39.8,0.40,309,100.0,94.95
1996/07/22,6770000,272901200,40.0,40.9,40.0,40.5,0.70,1948,91.299999999999997,93.73
1996/07/23,2006000,77190600,40.5,40.5,37.7,37.7,-2.80,621,27.27,71.58
1996/07/24,3034000,106493400,35.1,35.1,35.1,35.1,-2.60,521,0.0,47.72
1996/07/25,6786160,221907787,32.7,32.7,32.7,32.7,-2.40,993,0.0,31.81
1996/07/26,3561150,117083678,32.1,33.7,32.1,32.8,0.10,994,7.9500000000000002,23.86
1996/07/27,3208020,100373452,32.9,33.0,30.6,30.6,-2.20,781,0.0,15.91
1996/07/29,5792000,183550000,30.8,32.6,30.6,32.4,1.80,1156,17.48,16.44
1996/07/30,6341000,196464800,32.4,32.4,30.2,30.5,-1.90,1658,2.7999999999999998,11.89
1996/08/02,2922000,76613800,25.8,26.8,25.7,26.0,0.70,840,1.97,8.59
1996/08/03,2853000,72509500,26.2,26.3,25.1,25.4,-0.60,403,1.95,6.38
1996/08/05,2999000,79201700,25.5,27.1,25.5,27.0,1.60,878,19.0,10.58
1996/08/06,3858180,106292034,27.5,27.9,27.0,27.2,0.20,1078,24.420000000000002,15.19
1996/08/07,3339000,93427700,27.5,28.7,27.5,27.7,0.50,932,30.23,20.21
1996/08/08,2082000,56152500,27.7,27.7,26.1,26.7,-1.00,662,20.25,20.22
1996/08/09,735370,19372227,26.6,26.7,26.2,26.3,-0.40,280,16.0,18.81
1996/08/10,788000,21058200,27.0,27.0,26.5,26.5,0.20,262,19.18,18.93
1996/08/12,1178000,30589200,25.5,26.5,25.5,26.0,-0.50,330,25.0,20.95
1996/08/13,923000,24203600,26.3,26.4,26.0,26.0,0.00,269,25.0,22.30
1996/08/14,687136,17949918,26.1,26.5,26.0,26.1,0.10,220,18.75,21.12
1996/08/15,790000,20295400,26.0,26.1,25.5,25.6,-0.50,271,3.1299999999999999,15.12
1996/08/16,292496,7497132,25.6,25.9,25.5,25.7,0.10,123,6.25,12.16
1996/08/17,745000,19324900,25.8,26.1,25.8,26.0,0.30,234,22.73,15.69
1996/08/19,893000,22912600,26.0,26.2,25.2,25.3,-0.70,291,5.5599999999999996,12.31
1996/08/20,669000,16570500,25.0,25.3,24.5,24.7,-0.60,256,8.0,10.88
1996/08/21,853000,21180100,25.0,25.2,24.5,24.7,0.00,286,10.0,10.58
1996/08/22,828000,20773800,25.0,25.5,24.8,25.3,0.60,296,40.0,20.38
1996/08/23,783000,20066700,25.4,26.0,25.3,25.7,0.40,275,60.0,33.59
1996/08/24,864000,22112500,26.1,26.2,25.0,25.0,-0.70,239,29.41,32.19
1996/08/26,431000,10808800,25.0,25.5,25.0,25.0,0.00,154,29.41,31.26
1996/08/27,424000,10624900,25.3,25.3,25.0,25.0,0.00,148,29.41,30.64
1996/08/28,364000,9189500,25.2,25.5,25.1,25.1,0.10,135,35.289999999999999,32.19
1996/08/29,460000,11641400,25.5,25.5,25.1,25.2,0.10,150,41.18,35.19
1996/08/30,512000,12909800,25.4,25.5,25.0,25.0,-0.20,172,29.41,33.26
1996/08/31,536000,13408400,25.2,25.3,24.7,24.7,-0.30,172,0.0,22.17
1996/09/02,1539000,39059000,25.2,25.6,24.8,25.6,0.90,398,60.0,34.78
1996/09/03,1144878,29215061,25.6,25.8,25.0,25.0,-0.60,324,20.0,29.86
1996/09/04,841000,21318500,25.1,25.5,25.1,25.3,0.30,235,54.549999999999997,38.09
1996/09/05,529000,13417200,25.5,25.5,25.2,25.2,-0.10,192,45.450000000000003,40.54
1996/09/06,301000,7630400,25.5,25.5,25.2,25.2,0.00,122,45.450000000000003,42.18
1996/09/07,856000,21668800,25.4,25.5,25.2,25.3,0.10,189,54.549999999999997,46.30
1996/09/09,1647000,41982600,25.5,25.7,25.3,25.6,0.30,294,81.819999999999993,58.14
1996/09/10,846000,21535400,25.8,25.8,25.3,25.4,-0.20,211,63.640000000000001,59.97
1996/09/11,1089000,27896100,25.4,25.9,25.4,25.8,0.40,329,90.909999999999997,70.28
1996/09/12,2919078,77404502,26.0,26.8,26.0,26.6,0.80,841,88.890000000000001,76.48
1996/09/13,3580125,97427607,26.6,27.5,26.6,27.2,0.60,934,87.5,80.16
1996/09/14,1444000,39117500,27.5,27.5,26.8,27.1,-0.10,446,82.609999999999999,80.98
1996/09/16,2013000,55584900,27.5,27.9,27.2,27.9,0.80,526,100.0,87.32
1996/09/17,5174000,146199200,28.2,28.5,28.0,28.3,0.40,1101,93.939999999999998,89.52
1996/09/18,5488000,155612800,28.3,28.7,28.0,28.2,-0.10,1136,85.290000000000006,88.11
1996/09/19,3785478,107437107,28.3,28.7,28.2,28.3,0.10,804,88.239999999999995,88.15
1996/09/20,3318000,92532400,28.3,28.4,27.4,27.6,-0.70,718,66.670000000000002,80.99
1996/09/21,1177478,32540925,27.8,27.8,27.5,27.6,0.00,335,59.259999999999998,73.74
1996/09/23,1885000,52255600,27.6,27.9,27.5,27.9,0.30,446,61.899999999999999,69.79
1996/09/24,810100,22539276,27.9,28.1,27.6,27.6,-0.30,246,42.109999999999999,60.57
1996/09/25,1429000,38841000,27.6,27.7,26.8,27.0,-0.60,331,10.529999999999999,43.89
1996/09/26,840000,22931300,27.0,27.5,27.0,27.4,0.40,206,31.579999999999998,39.79
1996/09/30,1159000,32285000,27.5,28.1,27.5,27.9,0.50,382,57.890000000000001,45.83
1996/10/01,785000,21921500,28.0,28.2,27.7,27.7,-0.20,231,47.369999999999997,46.34
1996/10/02,985278,27428560,27.8,28.0,27.7,27.8,0.10,261,62.5,51.72
1996/10/03,3928314,110896784,27.9,28.5,27.8,27.8,0.00,848,58.82,54.09
1996/10/04,1304000,36201400,27.9,28.1,27.5,27.5,-0.30,379,41.18,49.79
1996/10/05,1523000,42223000,27.5,28.0,27.5,27.6,0.10,371,47.060000000000002,48.88
1996/10/07,1396000,39014100,27.8,28.2,27.7,27.8,0.20,390,58.82,52.20
1996/10/08,7490000,214083800,28.1,28.9,28.1,28.5,0.70,1582,78.950000000000003,61.12
1996/10/09,8473000,245009000,28.7,29.2,28.4,28.4,-0.10,1815,52.939999999999998,58.40
1996/10/11,2821000,81083900,28.6,29.0,28.4,28.4,0.00,718,52.939999999999998,56.58
1996/10/12,1702000,48243500,28.5,28.6,28.0,28.0,-0.40,398,29.41,47.52
1996/10/14,2390000,66801900,28.0,28.2,27.7,27.7,-0.30,576,11.76,35.60
1996/10/15,1675125,46280245,27.8,27.9,27.3,27.4,-0.30,415,5.2599999999999998,25.48
1996/10/16,1078189,29530952,27.5,27.7,27.1,27.2,-0.20,297,4.7599999999999998,18.58
1996/10/17,1932251,52474750,27.2,27.3,27.0,27.0,-0.20,404,0.0,12.39
1996/10/18,2277000,61016700,27.0,27.2,26.5,26.6,-0.40,508,3.7000000000000002,9.49
1996/10/19,897000,23892000,26.6,26.9,26.5,26.9,0.30,203,14.81,11.27
1996/10/21,715000,19250900,26.8,27.1,26.8,27.0,0.10,208,20.0,14.18
1996/10/22,796000,21348300,27.0,27.0,26.6,26.7,-0.30,182,9.5199999999999996,12.62
1996/10/23,463000,12299300,26.8,26.8,26.5,26.5,-0.20,152,0.0,8.41
1996/10/24,1538000,41507700,26.7,27.2,26.7,27.0,0.50,388,35.710000000000001,17.51
1996/10/28,1309000,35581500,27.2,27.4,27.0,27.3,0.30,302,66.670000000000002,33.89
1996/10/29,700000,18876600,27.3,27.3,26.6,26.8,-0.50,185,33.329999999999998,33.70
1996/10/30,1322000,35754200,27.0,27.3,26.6,27.2,0.40,273,77.780000000000001,48.40
1996/11/01,693000,18802300,27.2,27.4,26.8,26.8,-0.40,198,33.329999999999998,43.38
1996/11/02,1067560,28673728,27.0,27.2,26.7,26.8,0.00,234,33.329999999999998,40.03
1996/11/04,1094000,29584300,26.9,27.2,26.9,27.2,0.40,252,77.780000000000001,52.62
1996/11/05,3903978,107874863,27.3,28.0,27.2,27.7,0.50,896,80.0,61.75
1996/11/06,1654000,45547400,27.9,27.9,27.2,27.5,-0.20,347,64.290000000000006,62.60
1996/11/07,1371000,37733800,27.5,27.8,27.3,27.5,0.00,356,64.290000000000006,63.16
1996/11/08,1281596,35315006,27.6,27.8,27.3,27.4,-0.10,311,57.140000000000001,61.16
1996/11/09,656000,17956100,27.3,27.6,27.2,27.5,0.10,184,64.290000000000006,62.20
1996/11/11,2561000,71642800,27.6,28.2,27.6,27.8,0.30,569,73.329999999999998,65.91
1996/11/13,2416404,67501474,27.8,28.0,27.8,28.0,0.20,532,86.670000000000002,72.83
1996/11/14,1760078,49127130,28.1,28.2,27.7,27.7,-0.30,411,61.539999999999999,69.06
1996/11/15,2494000,69795900,27.9,28.3,27.5,27.7,0.00,501,45.450000000000003,61.19
1996/11/16,1529200,42348412,27.7,28.1,27.3,28.1,0.40,296,81.819999999999993,68.06
1996/11/18,1826000,51128900,28.2,28.3,27.6,27.6,-0.50,468,36.359999999999999,57.49
1996/11/19,1517000,41902500,27.6,27.8,27.5,27.5,-0.10,294,27.27,47.42
1996/11/20,1043236,28651156,27.6,27.6,27.2,27.2,-0.30,297,0.0,31.61
1996/11/21,858000,23473200,27.4,27.7,27.2,27.2,0.00,273,0.0,21.07
1996/11/22,1657000,44609200,27.3,27.3,26.7,26.8,-0.40,345,6.25,16.13
1996/11/23,1328000,35114800,26.7,26.8,26.2,26.3,-0.50,305,4.7599999999999998,12.34
1996/11/25,1228000,32376800,26.3,26.6,26.2,26.4,0.10,242,9.5199999999999996,11.40
1996/11/26,798000,21172500,26.4,26.7,26.4,26.4,0.00,202,9.5199999999999996,10.77
1996/11/27,1514198,39825199,26.5,26.6,26.0,26.0,-0.40,300,0.0,7.18
1996/11/28,1667200,43519273,26.0,26.4,25.8,25.8,-0.20,384,0.0,4.79
1996/11/29,2410000,63168200,26.0,26.5,25.9,25.9,0.10,370,5.2599999999999998,4.94
1996/11/30,2140000,55800100,26.0,26.3,26.0,26.2,0.30,440,21.050000000000001,10.31
1996/12/02,2705000,70670900,26.2,26.4,25.9,26.0,-0.20,621,13.33,11.31
1996/12/03,2172140,56575804,26.2,26.2,25.9,26.0,0.00,595,20.0,14.21
1996/12/04,8294678,216847844,25.9,27.0,25.7,26.8,0.80,1490,84.620000000000005,37.68
1996/12/05,6047402,162864163,26.9,27.3,26.6,26.8,0.00,1343,68.75,48.04
1996/12/06,2908780,77444844,26.9,27.0,26.4,26.4,-0.40,668,43.75,46.61
1996/12/07,1556001,41241478,26.4,26.8,26.3,26.3,-0.10,447,37.5,43.57
1996/12/09,4637000,125323500,26.6,27.3,26.6,27.1,0.80,1058,87.5,58.22
1996/12/10,6217188,170982843,27.3,27.8,27.3,27.6,0.50,1355,90.480000000000004,68.97
1996/12/11,13911111,382591137,27.3,28.0,27.0,27.1,-0.50,1376,60.869999999999997,66.27
1996/12/12,2106707,56621942,26.9,27.1,26.7,27.0,-0.10,639,56.520000000000003,63.02
1996/12/13,2527164,69402196,27.0,27.7,27.0,27.4,0.40,582,73.909999999999997,66.65
1996/12/14,1186375,32617021,27.5,27.7,27.3,27.3,-0.10,324,58.82,64.04
1996/12/16,2059000,56786200,27.3,27.8,27.3,27.7,0.40,459,82.349999999999994,70.14
1996/12/17,2351900,65250864,27.7,28.0,27.5,27.8,0.10,452,88.239999999999995,76.17
1996/12/18,7788051,223035258,28.0,29.5,27.9,29.5,1.70,1654,100.0,84.11
1996/12/19,6639400,194297296,29.5,29.7,29.0,29.2,-0.30,1547,83.329999999999998,83.85
1996/12/20,2714900,78433744,29.2,29.2,28.7,28.7,-0.50,586,66.670000000000002,78.12
1996/12/21,4723115,139521775,28.9,30.4,28.8,30.4,1.70,951,100.0,85.41
1996/12/23,20028000,619102400,30.5,32.0,30.0,30.6,0.20,3084,72.0,80.94
1996/12/24,7530655,230627732,30.5,31.2,30.2,31.2,0.60,1617,82.980000000000004,81.62
1996/12/26,4310950,132961943,31.4,31.4,30.5,30.6,-0.60,951,70.209999999999994,77.81
1996/12/27,2456642,75407464,30.5,31.0,30.5,30.9,0.30,637,75.560000000000002,77.06
1996/12/28,3835325,119559837,31.2,31.4,30.9,31.1,0.20,763,78.049999999999997,77.39
1996/12/30,6085000,191866000,31.4,31.7,31.2,31.6,0.50,912,87.879999999999995,80.88
1996/12/31,14716242,474575955,31.8,32.8,31.5,32.7,1.10,1758,97.560000000000002,86.44
1997/01/04,4584000,146644500,32.5,32.5,31.2,31.5,-1.20,869,67.5,80.13
1997/01/06,4636000,146792900,31.6,31.9,31.5,31.8,0.30,619,64.290000000000006,74.85
1997/01/07,3585280,113537828,31.9,31.9,31.5,31.8,0.00,674,61.539999999999999,70.41
1997/01/08,2954008,93383537,31.9,31.9,31.4,31.7,-0.10,531,52.170000000000002,64.33
1997/01/09,3293377,105048402,31.9,32.1,31.6,31.8,0.10,560,56.520000000000003,61.73
1997/01/10,5971773,192126210,32.1,32.5,31.8,32.0,0.20,676,57.890000000000001,60.45
1997/01/11,4928300,160297624,32.4,32.7,32.3,32.5,0.50,642,81.25,67.38
1997/01/13,6914000,227779500,32.8,33.2,32.8,33.0,0.50,746,90.0,74.92
1997/01/14,5213100,173224841,33.3,33.5,33.0,33.2,0.20,598,86.959999999999994,78.94
1997/01/15,5558615,187349570,33.5,33.9,33.5,33.8,0.60,614,96.0,84.63
1997/01/16,10201932,347954757,34.1,34.5,33.8,34.5,0.70,862,100.0,89.75
1997/01/17,6773025,237153058,34.8,35.3,34.8,35.1,0.60,796,94.870000000000005,91.45
1997/01/18,4800850,168545342,35.3,35.5,34.3,35.1,0.00,731,89.739999999999995,90.88
1997/01/20,5665000,199401600,35.2,35.5,35.0,35.3,0.20,618,94.590000000000003,92.12
1997/01/21,6683404,239493982,35.6,36.2,35.5,36.0,0.70,854,94.870000000000005,93.03
1997/01/22,5367675,193912352,36.1,36.4,35.8,36.3,0.30,597,97.219999999999999,94.43
1997/01/23,4702550,170861621,36.6,36.7,35.8,36.1,-0.20,582,83.780000000000001,90.88
1997/01/24,4334525,157002251,36.1,36.6,35.6,36.0,-0.10,406,78.120000000000005,86.63
1997/01/25,3352700,121377343,36.2,36.5,35.8,36.5,0.50,383,93.099999999999994,88.78
1997/01/27,5757000,212211000,36.8,37.1,36.5,37.0,0.50,626,96.430000000000007,91.33
1997/01/28,24061927,923646318,37.8,39.4,37.7,39.4,2.40,2089,100.0,94.22
1997/01/29,7881155,298123768,39.5,39.5,36.7,36.7,-2.70,1330,37.780000000000001,75.40
1997/01/30,6077150,215266573,36.0,36.3,34.2,35.2,-1.50,1309,18.870000000000001,56.56
1997/01/31,2317675,82386458,35.4,35.8,35.2,35.6,0.40,590,26.420000000000002,46.52
1997/02/01,1648700,58302012,35.8,35.8,35.2,35.2,-0.40,353,18.870000000000001,37.30
1997/02/03,1992000,71041700,35.2,35.9,35.2,35.9,0.70,546,32.079999999999998,35.56
1997/02/11,1705000,61227700,36.3,36.3,35.6,35.8,-0.10,452,30.190000000000001,33.77
1997/02/12,3167000,114767500,36.0,36.7,35.9,36.3,0.50,728,39.619999999999997,35.72
1997/02/13,7493000,278150900,36.9,37.4,36.8,37.4,1.10,1473,60.380000000000003,43.94
1997/02/14,8606000,306194300,35.2,36.4,35.0,35.5,-1.90,1859,24.530000000000001,37.47
1997/02/15,2099102,74909240,35.8,36.0,35.2,35.8,0.30,516,50.0,41.65
1997/02/17,2719000,96214100,36.0,36.0,35.0,35.4,-0.40,666,16.670000000000002,33.33
1997/02/18,4162200,141753479,35.0,35.2,33.0,35.2,-0.20,764,50.0,38.89
1997/02/19,1959505,67795002,35.2,35.2,34.2,34.3,-0.90,463,29.550000000000001,35.78
1997/02/20,2428074,82253564,33.2,34.5,33.2,34.5,0.20,465,34.090000000000003,35.21
1997/02/21,3712857,131331111,34.9,35.9,34.6,35.5,1.00,889,56.82,42.41
1997/02/22,9908300,360328336,35.9,37.0,35.5,36.0,0.50,1618,68.180000000000007,51.00
1997/02/24,9946000,367248600,36.2,37.5,36.2,37.4,1.40,1478,97.780000000000001,66.59
1997/02/25,7559675,284728329,38.0,38.2,37.0,37.2,-0.20,1657,80.769999999999996,71.31
1997/02/26,8199540,308671792,37.5,38.6,35.3,35.9,-1.30,1748,51.789999999999999,64.80
1997/02/27,5063617,181435772,35.9,36.3,35.0,36.2,0.30,954,57.140000000000001,62.25
1997/02/28,2418775,86578828,36.0,36.3,35.3,35.7,-0.50,648,46.299999999999997,56.93
1997/03/01,1266996,44705911,35.7,35.8,35.0,35.0,-0.70,443,33.329999999999998,49.06
1997/03/03,1342000,46231700,34.5,34.8,34.2,34.3,-0.70,413,2.27,33.47
1997/03/04,3677899,128194293,34.3,35.3,34.3,35.0,0.70,666,18.18,28.37
1997/03/05,3399964,120718963,35.3,35.7,35.1,35.7,0.70,664,34.090000000000003,30.27
1997/03/06,4550481,163300860,35.8,36.1,35.5,35.7,0.00,712,34.090000000000003,31.54
1997/03/07,5044052,188960287,36.2,38.1,36.2,38.1,2.40,816,88.640000000000001,50.58
1997/03/08,3681827,149834037,40.7,40.7,40.7,40.7,2.60,723,100.0,67.05
1997/03/10,9436000,402289000,43.3,43.5,41.6,43.5,2.80,1899,100.0,78.03
1997/03/11,7859813,357521084,43.5,46.5,43.2,46.5,3.00,1666,100.0,85.35
1997/03/12,6520699,317426450,47.2,49.7,47.2,49.7,3.20,1371,100.0,90.23
1997/03/13,8364690,422552499,51.5,52.5,47.6,49.6,-0.10,1945,84.069999999999993,88.17
1997/03/14,7759966,398450293,49.6,52.5,48.8,52.5,2.90,1576,100.0,92.11
1997/03/15,3107732,166523957,52.5,55.0,52.0,54.0,1.50,869,94.870000000000005,93.03
1997/03/17,4562000,238717500,54.0,54.5,51.0,52.0,-2.00,905,84.040000000000006,90.03
1997/03/18,2476027,128574636,51.0,53.0,51.0,51.5,-0.50,615,75.519999999999996,85.19
1997/03/19,3358400,176415996,51.5,53.5,51.0,53.0,1.50,741,85.069999999999993,85.15
1997/03/20,4445109,243682975,53.0,56.0,53.0,56.0,3.00,780,100.0,90.10
1997/03/21,4714075,260784119,56.0,57.5,52.5,52.5,-3.50,1074,51.460000000000001,77.22
1997/03/22,3226914,164332537,52.0,53.0,49.1,50.5,-2.00,766,29.289999999999999,61.24
1997/03/24,3898000,188773000,50.5,51.0,47.0,47.0,-3.50,713,0.0,40.83
1997/03/25,6624675,295175663,47.0,47.0,43.8,44.9,-2.10,975,8.0299999999999994,29.90
1997/03/26,4364904,198563879,45.0,46.5,43.6,46.5,1.60,848,20.859999999999999,26.88
1997/03/27,2397075,109901128,46.5,46.7,45.5,45.6,-0.90,655,14.390000000000001,22.72
1997/03/28,2763928,127384586,45.6,47.0,45.5,45.7,0.10,728,15.109999999999999,20.19
1997/03/31,3041025,135483336,46.3,46.3,43.4,44.1,-1.60,499,4.96,15.11
1997/04/01,2084125,94065583,46.0,46.0,44.5,45.1,1.00,390,12.06,14.09
1997/04/02,10221451,484156802,45.5,48.2,45.3,48.2,3.10,1525,50.0,26.06
1997/04/03,6474164,316690306,49.8,49.8,48.0,48.0,-0.20,1418,60.530000000000001,37.55
1997/04/07,3412975,161851166,48.4,48.7,46.8,47.1,-0.90,859,57.810000000000002,44.30
1997/04/08,3243713,153217410,48.5,48.5,46.0,46.0,-1.10,773,40.630000000000003,43.07
1997/04/09,3805156,177130677,45.5,47.1,45.5,46.5,0.50,801,48.439999999999998,44.86
1997/04/10,2902439,135992865,47.5,47.5,46.0,46.0,-0.50,581,40.630000000000003,43.45
1997/04/11,1200522,55167129,46.5,46.7,45.5,46.1,0.10,391,42.189999999999998,43.03
1997/04/12,1121150,51874079,46.0,46.5,45.7,46.0,-0.10,315,28.300000000000001,38.12
1997/04/14,2874000,135160100,46.5,47.6,46.2,47.4,1.40,606,46.670000000000002,40.97
1997/04/15,6378426,311026890,47.7,50.0,47.7,49.0,1.60,1133,77.780000000000001,53.24
1997/04/16,5349519,264005649,49.1,49.6,49.1,49.4,0.40,895,86.670000000000002,64.38
1997/04/17,8128606,401777782,50.0,50.5,47.8,48.7,-0.70,942,64.0,64.25
1997/04/18,4967000,236616200,48.7,48.7,45.6,47.1,-1.60,476,32.0,53.50
1997/04/19,859400,40195704,46.5,47.5,46.0,46.4,-0.70,199,18.0,41.67
1997/04/21,4736000,221790200,47.0,47.3,45.9,47.0,0.60,665,30.0,37.78
1997/04/22,12941000,619723300,47.2,49.6,46.9,46.9,-0.10,1364,26.530000000000001,34.03
1997/04/23,6886745,330376596,47.2,48.7,47.2,47.8,0.90,1238,44.899999999999999,37.66
1997/04/24,2957479,140963181,48.0,48.1,47.1,47.3,-0.50,569,34.689999999999998,36.67
1997/04/25,2669135,124712770,47.7,47.9,45.9,46.8,-0.50,614,24.489999999999998,32.61
1997/04/26,2754100,124485056,46.0,46.5,44.0,44.8,-2.00,638,12.31,25.84
1997/04/28,3416000,150121000,45.0,45.0,43.0,43.0,-1.80,609,0.0,17.23
1997/04/29,2255071,94730054,43.2,43.2,41.4,41.4,-1.60,468,0.0,11.49
1997/04/30,8176000,349729200,41.4,44.2,40.4,44.2,2.80,1097,41.299999999999997,21.43
1997/05/02,4900450,214136186,44.4,44.8,41.5,42.6,-1.60,812,23.91,22.26
1997/05/03,1111401,47149193,42.9,43.0,41.9,41.9,-0.70,255,18.07,20.86
1997/05/05,1435000,60745000,42.7,42.7,41.9,42.4,0.50,303,25.969999999999999,22.57
1997/05/06,2897235,124392311,43.0,43.5,41.6,42.2,-0.20,583,24.0,23.05
1997/05/07,1057300,44665993,43.0,43.0,41.6,42.4,0.20,325,32.789999999999999,26.30
1997/05/08,1596400,67680472,42.5,42.8,41.7,41.7,-0.70,356,28.260000000000002,26.95
1997/05/09,2307517,92995549,41.7,41.7,39.5,39.9,-1.80,417,7.5499999999999998,20.49
1997/05/10,4596782,188844945,40.8,41.5,40.4,41.4,1.50,540,35.850000000000001,25.61
1997/05/12,1270000,50662600,41.5,41.5,38.6,38.6,-2.80,312,0.0,17.07
1997/05/13,1655308,59782227,37.7,38.4,35.9,35.9,-2.70,260,0.0,11.38
1997/05/14,2614000,94464400,35.0,36.8,35.0,36.2,0.30,589,14.119999999999999,12.30
1997/05/15,2313000,81418000,36.3,36.3,35.0,35.2,-1.00,470,2.3500000000000001,8.98
1997/05/16,878000,30831800,35.4,35.4,34.7,35.1,-0.10,239,4.8200000000000003,7.60
1997/05/17,1438727,51610203,35.5,36.2,35.5,36.1,1.00,328,17.280000000000001,10.83
1997/05/19,558000,19861900,36.3,36.3,35.3,35.5,-0.60,183,11.43,11.03
1997/05/20,828575,29510508,35.8,35.9,35.3,35.5,0.00,192,11.76,11.27
1997/05/21,2649400,94810027,35.6,36.2,35.3,35.5,0.00,479,11.76,11.43
1997/05/22,2337750,83686888,35.7,36.1,35.3,35.9,0.40,342,32.43,18.43
1997/05/23,787000,28044900,36.2,36.2,35.2,35.5,-0.40,234,38.100000000000001,24.99
1997/05/24,693400,24625427,35.5,35.7,35.3,35.5,0.00,112,50.0,33.33
1997/05/26,793000,28314400,35.6,35.8,35.5,35.8,0.30,166,68.75,45.14
1997/05/27,4951125,180776270,35.8,37.0,35.6,36.7,0.90,856,83.329999999999998,57.87
1997/05/28,5518000,204317200,37.0,37.5,36.7,37.0,0.30,743,78.260000000000005,64.67
1997/05/29,3170566,113185733,37.1,37.1,34.5,34.9,-2.10,508,13.33,47.55
1997/05/30,3840109,132779583,34.7,35.0,34.1,34.2,-0.70,475,2.9399999999999999,32.68
1997/05/31,5717139,200869428,34.4,35.6,34.4,35.6,1.40,779,44.119999999999997,36.50
1997/06/02,3425000,121542800,35.8,35.8,35.0,35.6,0.00,518,44.119999999999997,39.04
1997/06/03,2170175,76079598,35.8,35.8,34.6,34.9,-0.70,426,23.530000000000001,33.87
1997/06/04,1384700,48405104,35.0,35.2,34.7,34.8,-0.10,245,20.59,29.44
1997/06/05,1694000,58385400,35.0,35.0,34.1,34.8,0.00,378,20.59,26.49
1997/06/06,2598200,89331124,34.8,34.8,33.4,34.3,-0.50,490,21.949999999999999,24.98
1997/06/07,1286000,41999000,34.3,34.3,32.0,32.0,-2.30,374,0.0,16.65
1997/06/10,2764000,85644800,32.2,32.2,30.0,30.2,-1.80,619,3.4500000000000002,12.25
1997/06/11,2473600,73436123,30.0,30.0,29.3,29.6,-0.60,641,4.6200000000000001,9.71
1997/06/12,4035669,122939081,29.6,31.1,29.6,30.5,0.90,974,18.460000000000001,12.62
1997/06/13,3995763,124414115,30.6,31.6,30.6,31.1,0.60,863,27.690000000000001,17.64
1997/06/14,5801172,189064568,31.6,33.2,31.6,33.2,2.10,1136,66.099999999999994,33.79
1997/06/16,6532000,228353600,34.2,35.5,34.2,35.5,2.30,1343,100.0,55.86
1997/06/17,6113156,215814973,36.3,36.3,34.4,34.6,-0.90,1436,75.709999999999994,62.48
1997/06/18,4651287,156285790,34.9,34.9,33.1,34.0,-0.60,954,67.140000000000001,64.03
1997/06/19,4797775,161832296,33.2,34.9,32.7,33.8,-0.20,1000,64.290000000000006,64.12
1997/06/20,6761038,233467061,34.1,35.5,33.5,35.5,1.70,1112,88.569999999999993,72.27
1997/06/21,2718133,95582449,36.0,36.1,34.5,34.5,-1.00,694,73.129999999999995,72.56
1997/06/23,2429000,82532300,34.0,34.6,33.5,33.5,-1.00,621,50.880000000000003,65.33
1997/06/24,6996000,243854500,34.5,35.4,34.1,35.4,1.90,1518,80.849999999999994,70.50
1997/06/25,6449000,223940400,35.5,35.5,33.8,34.5,-0.90,1651,50.0,63.67
1997/06/26,8397000,256092500,30.0,31.2,29.5,31.2,2.00,1384,25.0,50.78
1997/06/27,6255942,205435111,32.2,33.3,32.0,33.3,2.10,982,57.579999999999998,53.04
1997/06/28,22974931,808577240,34.8,35.6,34.5,35.0,1.70,3443,83.329999999999998,63.14
1997/06/30,13128000,482537200,35.4,37.4,35.2,37.4,2.40,2412,100.0,75.42
1997/07/02,21108720,817675486,37.9,39.5,37.6,39.1,1.70,4039,96.0,82.28
1997/07/03,11243342,425139091,39.3,39.3,37.3,37.7,-1.40,2518,82.0,82.18
1997/07/04,8520636,321371482,37.5,38.4,37.0,37.3,-0.40,1963,78.0,80.79
1997/07/05,11005259,421882083,37.6,38.8,37.6,38.3,1.00,1892,88.0,83.19
1997/07/07,24451000,988162900,39.1,40.9,39.1,40.9,2.60,3947,100.0,88.79
1997/07/08,14196691,581249358,41.4,41.6,40.3,40.6,-0.30,3056,89.579999999999998,89.05
1997/07/09,14123677,584224215,41.4,42.1,40.6,40.8,0.20,2619,82.890000000000001,87.00
1997/07/10,14929752,626870593,41.7,42.6,41.2,42.3,1.50,3106,95.950000000000003,89.98
1997/07/11,12405914,519729319,43.4,43.4,40.0,40.6,-1.70,3221,56.25,78.74
1997/07/12,10156151,417242441,41.5,41.8,40.2,40.3,-0.30,2472,51.560000000000002,69.68
1997/07/14,9160000,359131800,40.9,40.9,38.5,38.5,-1.80,2594,23.440000000000001,54.26
1997/07/15,9883216,362057163,38.0,38.5,35.9,35.9,-2.60,2423,0.0,36.17
1997/07/16,7304648,248124016,35.2,35.4,33.4,33.4,-2.50,2052,0.0,24.11
1997/07/17,9845125,334473909,33.0,35.0,32.4,34.3,0.90,1975,17.27,21.83
1997/07/18,3977743,136229187,35.3,35.3,33.6,33.6,-0.70,941,10.91,18.19
1997/07/19,2841788,97083096,33.6,34.6,33.6,34.0,0.40,756,14.550000000000001,16.98
1997/07/21,10455000,372587700,34.5,36.3,34.2,36.1,2.10,1906,33.640000000000001,22.53
1997/07/22,5410894,192513611,36.5,36.5,35.0,35.3,-0.80,1368,30.850000000000001,25.30
1997/07/23,3117801,109464685,35.9,35.9,34.3,34.8,-0.50,765,28.239999999999998,26.28
1997/07/24,3402786,119062747,34.8,35.5,34.3,35.5,0.70,818,50.82,34.46
1997/07/25,6117296,219843673,35.9,36.6,34.9,35.8,0.30,1301,80.950000000000003,49.95
1997/07/26,3996257,143924688,36.3,36.5,35.2,35.2,-0.60,810,66.670000000000002,55.52
1997/07/28,3811000,135274700,35.6,36.0,34.6,35.1,-0.10,770,50.0,53.68
1997/07/29,2591969,91104637,35.7,35.7,34.5,35.6,0.50,531,66.670000000000002,58.01
1997/07/30,6265760,226275437,36.1,36.8,35.3,35.8,0.20,1270,61.539999999999999,59.18
1997/07/31,10686257,405634906,37.1,38.3,37.1,38.3,2.50,1789,100.0,72.78
1997/08/01,20524001,794485832,37.9,39.9,37.7,38.5,0.20,3596,75.0,73.52
1997/08/02,7450192,288361542,39.4,39.4,38.0,38.4,-0.10,1650,73.209999999999994,73.41
1997/08/04,13360000,526411300,38.4,40.4,38.4,38.7,0.30,2595,71.189999999999998,72.67
1997/08/05,10373537,410170469,39.7,40.2,38.7,39.2,0.50,2356,79.659999999999997,75.00
1997/08/06,12373318,497675802,39.6,40.8,39.6,40.0,0.80,2523,87.299999999999997,79.10
1997/08/07,17735310,735154630,40.8,42.6,40.3,42.1,2.10,3699,93.829999999999998,84.01
1997/08/08,13084349,542094885,42.5,42.5,40.0,40.0,-2.10,3051,64.379999999999995,77.47
1997/08/09,10583520,435802592,40.3,41.7,40.3,41.0,1.00,2157,70.909999999999997,75.29
1997/08/11,15063000,638515400,42.3,43.4,41.3,41.9,0.90,3356,73.680000000000007,74.75
1997/08/12,7235852,296884773,41.9,41.9,40.6,40.7,-1.20,1711,50.0,66.50
1997/08/13,7182012,281536725,40.7,40.7,38.0,38.7,-2.00,1623,12.960000000000001,48.65
1997/08/14,7192456,282431653,38.7,40.4,38.0,40.4,1.70,1534,44.439999999999998,47.24
1997/08/15,3188200,127397638,40.4,40.4,39.6,40.2,-0.20,907,40.740000000000002,45.07
1997/08/16,6024190,242652096,39.3,41.0,39.3,40.0,-0.20,1229,37.039999999999999,42.40
1997/08/19,4133000,164000900,39.4,40.5,39.2,39.7,-0.30,1045,31.48,38.76
1997/08/20,4822136,190097668,41.0,41.0,38.3,39.6,-0.10,1259,29.629999999999999,35.72
1997/08/21,10825785,432639529,40.2,40.5,39.1,39.7,0.10,2399,31.48,34.30
1997/08/22,6299393,250216122,40.0,40.5,38.8,39.0,-0.70,1406,25.640000000000001,31.42
1997/08/23,3833245,147814903,39.0,39.3,38.1,38.1,-0.90,967,3.3300000000000001,22.06
1997/08/25,2892000,108993600,38.3,38.4,37.1,37.6,-0.50,915,12.82,18.98
1997/08/26,4142546,152375440,37.1,37.8,36.4,36.5,-1.10,1062,2.1699999999999999,13.37
1997/08/27,5030205,186638150,36.7,37.4,36.6,37.3,0.80,1171,19.57,15.43
1997/08/28,2364031,87232358,37.3,37.6,36.0,36.4,-0.90,679,8.0,12.96
1997/08/30,1098234,39756680,36.1,36.6,36.0,36.0,-0.40,402,0.0,8.64
1997/09/01,1504000,53907300,36.4,36.5,35.0,35.2,-0.80,440,3.6400000000000001,6.97
1997/09/02,4500086,157800631,35.2,35.7,34.1,34.8,-0.40,732,10.94,8.30
1997/09/03,5882650,207950503,35.9,35.9,34.5,34.7,-0.10,1166,11.539999999999999,9.38
1997/09/04,2668261,92217627,34.7,35.4,33.6,33.7,-1.00,802,2.0800000000000001,6.94
1997/09/05,9048092,322025112,34.2,36.0,34.1,36.0,2.30,1411,57.140000000000001,23.68
1997/09/06,19127000,727303600,37.0,38.5,37.0,38.3,2.30,3064,95.920000000000002,47.76
1997/09/08,26934000,1064721000,38.5,40.9,38.3,40.9,2.60,4727,100.0,65.17
1997/09/09,12944561,506235362,40.0,40.3,38.1,38.1,-2.80,3162,61.640000000000001,64.00
1997/09/10,25188861,992918113,38.4,40.7,37.6,40.4,2.30,4769,93.150000000000006,73.72
1997/09/11,20557543,823828384,39.7,41.0,39.1,40.0,-0.40,4101,86.489999999999995,77.98
1997/09/12,18196362,742748480,39.9,41.5,39.9,40.5,0.50,3768,87.340000000000003,81.10
1997/09/13,9642996,386228276,40.9,41.1,39.0,39.0,-1.50,2263,68.349999999999994,76.85
1997/09/15,10144000,399274600,39.3,39.9,38.6,38.9,-0.10,2115,64.859999999999999,72.85
1997/09/17,10796345,429166195,39.5,40.3,39.0,39.9,1.00,2292,64.439999999999998,70.05
1997/09/18,21441490,880667388,40.5,41.7,40.3,41.0,1.10,4523,82.930000000000007,74.34
1997/09/19,16144395,674981777,41.4,42.4,41.0,42.0,1.00,3804,91.670000000000002,80.12
1997/09/20,19640411,841682808,42.4,43.3,42.4,42.6,0.60,4225,87.719999999999999,82.65
1997/09/22,30676000,1352292700,43.0,45.5,42.8,45.5,2.90,6119,100.0,88.43
1997/09/23,31078451,1351841034,45.0,45.0,42.5,42.5,-3.00,7786,56.520000000000003,77.79
1997/09/24,26241547,1083804349,42.5,43.3,39.8,39.8,-2.70,6386,17.390000000000001,57.66
1997/09/25,20237333,827029900,41.0,41.7,40.0,40.0,0.20,5591,20.289999999999999,45.20
1997/09/26,10944004,413932333,38.4,38.8,37.2,37.2,-2.80,3143,0.0,30.13
1997/09/27,10900994,404385103,36.7,37.7,36.3,37.6,0.40,2724,14.130000000000001,24.80
1997/09/30,9176000,347446400,38.0,38.4,37.3,37.5,-0.10,2111,13.039999999999999,20.88
1997/10/01,11747980,419147737,37.6,37.7,35.0,35.3,-2.20,2892,2.8599999999999999,14.87
1997/10/02,12827483,446789406,35.5,36.2,33.8,33.8,-1.50,2902,0.0,9.91
1997/10/03,7448849,257482991,34.0,35.4,33.7,35.3,1.50,1920,14.16,11.33
1997/10/04,5653601,198924741,35.4,35.9,34.5,35.9,0.60,1408,22.920000000000002,15.19
1997/10/06,14641000,539788400,35.9,37.4,35.7,36.6,0.70,3235,36.25,22.21
1997/10/07,11047820,397694750,36.6,37.0,35.0,35.2,-1.40,2607,29.41,24.61
1997/10/08,5192246,185234556,35.7,36.0,35.2,35.4,0.20,1303,36.170000000000002,28.47
1997/10/09,7361738,267350158,36.0,36.8,35.8,36.3,0.90,1815,55.32,37.42
1997/10/13,8431169,309282630,36.7,37.1,35.9,37.0,0.70,2061,82.5,52.45
1997/10/14,15205530,574863680,37.7,38.3,37.1,37.4,0.40,3545,80.430000000000007,61.78
1997/10/15,7427563,279080424,37.8,38.0,37.2,37.4,0.00,1990,80.430000000000007,68.00
1997/10/16,7523631,272452152,36.8,37.6,35.0,35.2,-2.20,2165,18.420000000000002,51.47
1997/10/17,11178857,391378762,35.8,36.3,33.0,34.5,-0.70,2812,28.300000000000001,43.74
1997/10/18,5988944,208274152,34.5,35.5,34.0,34.0,-0.50,1625,18.870000000000001,35.45
1997/10/20,11324000,370870400,34.3,34.7,31.7,31.7,-2.30,2171,0.0,23.63
1997/10/21,16428921,543049494,32.0,33.9,32.0,33.7,2.00,3270,30.300000000000001,25.85
1997/10/22,10152513,330636481,33.5,33.5,31.8,32.1,-1.60,2519,6.0599999999999996,19.25
1997/10/23,7544705,247696938,32.8,33.3,32.1,32.7,0.60,1968,15.15,17.88
1997/10/24,5182194,163761952,31.0,32.2,31.0,32.1,-0.60,1411,15.710000000000001,17.16
1997/10/27,2767867,88699408,32.0,32.6,31.7,32.0,-0.10,793,15.15,16.49
1997/10/28,4294695,128634405,29.8,30.7,29.8,29.8,-2.20,1060,0.0,10.99
1997/10/29,6138260,177630606,30.7,30.7,27.8,28.0,-1.80,1579,2.6000000000000001,8.20
1997/10/30,5929137,169174330,28.4,29.2,27.6,29.2,1.20,1426,22.539999999999999,12.98
1997/11/03,8146448,244707611,29.2,30.8,28.7,30.3,1.10,2034,42.859999999999999,22.94
1997/11/04,7641282,239507914,31.0,32.0,30.6,30.9,0.60,1980,55.93,33.93
1997/11/05,4556663,142174195,31.0,31.8,30.5,31.1,0.20,1321,61.399999999999999,43.09
1997/11/06,6436066,201742855,31.1,31.9,30.8,31.2,0.10,1558,72.0,52.73
1997/11/07,10179795,324679458,31.5,32.7,30.7,31.0,-0.20,2583,66.670000000000002,57.37
1997/11/08,5057594,158211529,30.5,31.8,30.5,31.0,0.00,1301,66.670000000000002,60.47
1997/11/10,2444000,76178300,31.3,31.5,31.0,31.1,0.10,652,68.629999999999995,63.19
1997/11/11,3030450,94735416,31.5,31.7,31.0,31.0,-0.10,881,66.670000000000002,64.35
1997/11/13,3169703,95482456,30.5,30.8,29.5,29.9,-1.10,819,30.0,52.90
1997/11/14,3315739,99875033,30.0,30.7,29.7,29.7,-0.20,698,6.25,37.35
1997/11/15,1427271,42658453,30.2,30.3,29.5,30.0,0.30,456,15.619999999999999,30.11
1997/11/17,2186000,66588700,30.1,30.7,30.0,30.4,0.40,617,28.120000000000001,29.44
1997/11/18,3802862,117838280,31.6,31.6,30.1,30.4,0.00,952,28.120000000000001,29.00
1997/11/19,1835629,56396658,30.1,31.0,30.1,30.8,0.40,481,56.520000000000003,38.17
1997/11/20,4828923,152183619,31.5,31.9,31.1,31.6,0.80,1195,87.5,54.62
1997/11/21,1626643,50841408,32.0,32.0,31.0,31.2,-0.40,501,68.0,59.08
1997/11/22,6732307,214560268,31.4,32.3,31.2,32.0,0.80,1542,89.290000000000006,69.15
1997/11/24,3733000,118104500,32.0,32.2,31.0,31.0,-1.00,907,53.57,63.96
1997/11/25,1856627,57324630,30.5,31.3,30.5,30.9,-0.10,579,50.0,59.31
1997/11/26,3915423,121437955,30.8,31.4,30.5,30.7,-0.20,1101,30.43,49.68
1997/11/27,1280942,39336423,30.8,31.0,30.6,30.6,-0.10,446,22.73,40.70
1997/11/28,3371125,104478436,30.8,31.3,30.8,31.0,0.40,813,40.909999999999997,40.77
1997/12/01,2710815,79122311,28.9,30.0,28.9,29.2,-1.80,660,8.8200000000000003,30.12
1997/12/02,3509420,105580099,29.5,30.5,29.5,30.3,1.10,807,41.18,33.81
1997/12/03,7126048,223907760,30.5,32.2,30.5,32.1,1.80,1710,94.120000000000005,53.91
1997/12/04,7055514,225488494,32.5,32.7,31.5,31.6,-0.50,1722,71.049999999999997,59.62
1997/12/05,20952972,695680690,32.0,33.8,31.8,32.8,1.20,3503,79.590000000000003,66.28
1997/12/06,17630797,601105997,33.7,34.7,33.5,33.8,1.00,3258,84.480000000000004,72.35
1997/12/08,6644000,223936400,34.1,34.1,33.2,33.5,-0.30,1539,79.310000000000002,74.67
1997/12/09,7401537,243261092,33.7,33.7,32.1,33.0,-0.50,1759,70.689999999999998,73.34
1997/12/10,6696408,222213505,33.1,33.6,32.4,32.4,-0.60,1402,60.340000000000003,69.00
1997/12/11,10701717,352299448,32.5,33.8,32.4,33.2,0.80,2065,71.150000000000006,69.72
1997/12/12,15851153,538170245,33.2,34.4,33.2,34.0,0.80,3314,83.329999999999998,74.26
1997/12/13,10575671,361206441,34.2,34.7,33.1,33.1,-0.90,2569,50.0,66.18
1997/12/15,3868000,126610000,33.4,33.4,32.2,32.2,-0.90,1065,13.789999999999999,48.72
1997/12/16,3334283,108521548,32.5,33.0,32.0,32.5,0.30,907,18.52,38.65
1997/12/17,10069146,335780203,32.6,34.0,32.6,33.5,1.00,2156,55.560000000000002,44.29
1997/12/18,7279121,243886217,33.5,33.9,33.1,33.2,-0.30,1665,44.439999999999998,44.34
1997/12/19,8517007,282880069,33.2,33.8,32.6,32.7,-0.50,1850,25.93,38.20
1997/12/20,2976151,97764038,33.0,33.3,32.5,33.2,0.50,602,44.439999999999998,40.28
1997/12/22,4338000,145055100,33.6,33.8,33.2,33.4,0.20,891,51.850000000000001,44.13
1997/12/23,4001767,133416655,33.7,33.8,32.8,33.2,-0.20,953,44.439999999999998,44.23
1997/12/24,2390808,78612942,32.5,33.4,32.5,32.5,-0.70,721,25.0,37.82
1997/12/26,1983021,65182062,32.6,33.2,32.6,33.0,0.50,528,50.0,41.88
1997/12/27,2536643,84196723,33.3,33.5,32.8,33.0,0.00,552,33.329999999999998,39.03
1997/12/29,7351000,247584200,33.3,34.0,33.1,33.6,0.60,1788,73.329999999999998,50.46
1997/12/30,22034720,772651451,34.3,35.7,34.2,35.1,1.50,4975,81.25,60.72
1997/12/31,20877627,746594641,35.6,36.4,35.1,35.3,0.20,4166,71.790000000000006,64.41
1998/01/03,3577000,125695300,35.5,35.5,35.0,35.5,0.20,859,76.920000000000002,68.58
1998/01/05,11697000,421099600,35.7,36.5,35.5,35.5,0.00,2421,75.0,70.72
1998/01/06,4446800,155749169,35.5,35.8,34.5,34.7,-0.80,1257,55.0,65.48
1998/01/07,5538700,188230461,34.7,35.2,33.1,33.3,-1.40,1406,17.949999999999999,49.63
1998/01/08,3669000,121570300,33.4,33.5,32.7,32.9,-0.40,932,5.2599999999999998,34.84
1998/01/09,2705154,88300424,33.5,33.5,32.0,32.5,-0.40,837,11.109999999999999,26.93
1998/01/12,3012400,92704599,31.2,32.0,30.4,30.4,-2.10,845,0.0,17.95
1998/01/13,2580910,80589296,31.4,31.7,30.6,31.5,1.10,755,18.030000000000001,17.98
1998/01/14,4230080,137005945,32.2,32.9,31.9,32.9,1.40,911,40.979999999999997,25.65
1998/01/15,2855586,92888707,33.0,33.1,32.2,32.3,-0.60,737,31.149999999999999,27.48
1998/01/16,2342893,75368214,32.6,32.7,31.6,32.0,-0.30,557,29.629999999999999,28.20
1998/01/17,1892775,60583314,32.0,32.5,31.6,31.9,-0.10,451,31.25,29.22
1998/01/19,2221000,71631800,32.0,32.6,32.0,32.1,0.20,558,54.840000000000003,37.76
1998/01/20,1225886,39414315,32.4,32.4,32.0,32.0,-0.10,335,51.609999999999999,42.37
1998/01/21,3376785,109516610,32.2,32.8,32.0,32.5,0.50,801,77.780000000000001,54.18
1998/01/22,3458922,113711021,33.2,33.2,32.6,32.7,0.20,845,80.769999999999996,63.04
1998/02/02,2656000,88968900,34.0,34.0,33.0,33.7,1.00,695,87.5,71.20
1998/02/03,2969278,98794106,33.7,34.0,33.0,33.2,-0.50,767,66.670000000000002,69.69
1998/02/04,5452107,184285701,33.5,34.5,33.1,33.1,-0.10,1387,51.719999999999999,63.70
1998/02/05,9407633,323194399,33.6,35.0,33.3,34.8,1.70,2232,94.120000000000005,73.84
1998/02/06,17395427,617972516,35.6,36.5,34.2,35.4,0.60,3640,75.560000000000002,74.42
1998/02/07,8428160,301626834,36.0,36.2,34.8,35.1,-0.30,1562,68.890000000000001,72.57
1998/02/09,20843000,757241500,35.9,37.1,35.5,36.5,1.40,3631,88.239999999999995,77.79
1998/02/10,14012441,509725840,36.9,37.1,35.8,36.0,-0.50,2885,75.560000000000002,77.05
1998/02/11,10402291,374309250,36.1,36.6,35.3,35.5,-0.50,2155,60.979999999999997,71.70
1998/02/12,4860551,171475690,35.7,35.9,34.8,35.2,-0.30,1070,53.659999999999997,65.69
1998/02/13,4974361,177498876,35.5,36.3,35.0,35.2,0.00,1193,52.5,61.29
1998/02/16,3323001,117923842,35.6,35.8,35.2,35.6,0.40,769,60.530000000000001,61.04
1998/02/17,2755660,97868075,35.6,35.9,35.0,35.3,-0.30,681,37.93,53.33
1998/02/18,3898583,139842510,35.7,36.2,35.3,35.9,0.60,989,47.829999999999998,51.49
1998/02/19,12673000,460988480,36.4,36.8,36.0,36.1,0.20,2602,56.520000000000003,53.17
1998/02/20,5610311,201068514,36.4,36.4,35.3,35.4,-0.70,1329,26.09,44.15
1998/02/21,2288866,81353211,36.0,36.0,35.3,35.5,0.10,619,35.0,41.10
1998/02/23,16943000,628277000,35.9,37.9,35.6,37.9,2.40,3068,100.0,60.73
1998/02/24,17551537,653350230,38.2,38.2,36.4,37.3,-0.60,3429,71.870000000000005,64.45
1998/02/25,13873288,526238238,37.4,38.8,37.4,37.4,0.10,2984,63.159999999999997,64.02
1998/02/26,6709647,249844859,38.0,38.0,36.9,37.4,0.00,1654,63.159999999999997,63.73
1998/02/27,5222518,193445721,37.5,37.6,36.5,36.5,-0.90,1341,34.289999999999999,53.92
1998/03/02,9265383,346091564,36.8,37.8,36.6,37.1,0.60,1527,51.43,53.09
1998/03/03,3693379,135854260,37.6,37.6,36.3,36.4,-0.70,892,31.43,45.87
1998/03/04,5046788,182412474,36.5,36.8,35.6,35.8,-0.60,1226,14.289999999999999,35.34
1998/03/05,2136149,75978341,35.9,36.2,35.2,35.3,-0.50,590,2.7799999999999998,24.49
1998/03/06,2247579,79566688,35.0,35.9,35.0,35.3,0.00,677,7.8899999999999997,18.96
1998/03/07,1792317,64089849,35.8,36.0,35.5,35.7,0.40,527,18.420000000000002,18.78
1998/03/09,5293000,193904200,36.2,36.9,36.2,36.3,0.60,1255,43.329999999999998,26.96
1998/03/10,7444876,273745267,36.3,37.2,36.0,36.2,-0.10,1585,42.859999999999999,32.26
1998/03/11,4992336,183337936,36.9,37.0,36.2,36.4,0.20,1162,50.0,38.18
1998/03/12,11283566,418735228,36.9,37.5,36.5,37.0,0.60,2119,76.920000000000002,51.09
1998/03/13,17099376,646566664,37.5,38.5,37.1,37.4,0.40,3437,68.569999999999993,56.92
1998/03/16,5437149,203192466,37.8,37.9,36.8,37.0,-0.40,1218,57.140000000000001,57.00
1998/03/17,3345537,123190097,37.5,37.5,36.5,37.0,0.00,890,57.140000000000001,57.05
1998/03/18,3666025,133945166,36.8,37.3,36.2,36.5,-0.50,766,33.329999999999998,49.14
1998/03/19,2667820,95826474,36.5,36.8,35.4,35.4,-1.10,574,0.0,32.76
1998/03/20,3095395,108994328,35.9,35.9,34.7,35.5,0.10,773,21.050000000000001,28.86
1998/03/21,1321531,46617871,35.7,35.7,35.0,35.4,-0.10,313,18.420000000000002,25.38
1998/03/23,1312000,46617800,35.6,35.9,35.2,35.4,0.00,422,18.420000000000002,23.06
1998/03/24,1497650,53282247,35.4,36.0,35.3,35.5,0.10,446,21.050000000000001,22.39
1998/03/25,1705619,60282918,35.7,35.9,35.1,35.3,-0.20,483,18.75,21.18
1998/03/26,1879361,66657533,35.3,35.8,35.2,35.6,0.30,542,32.140000000000001,24.83
1998/03/27,4509445,162969616,35.7,36.5,35.6,35.8,0.20,1032,42.310000000000002,30.65
1998/03/30,2168151,77092602,36.0,36.1,35.2,35.2,-0.60,527,23.809999999999999,28.37
1998/03/31,2436062,85660444,35.1,35.5,35.0,35.4,0.20,560,38.890000000000001,31.87
1998/04/01,1611533,56957825,35.4,35.5,35.2,35.2,-0.20,485,13.33,25.69
1998/04/02,1498049,52605168,35.4,35.5,35.0,35.1,-0.10,404,6.6699999999999999,19.35
1998/04/03,1942871,68743329,35.2,35.6,35.1,35.2,0.10,535,13.33,17.34
1998/04/04,5291002,190350326,35.5,36.3,35.4,35.6,0.40,1231,40.0,24.89
1998/04/07,2741000,98806000,36.1,36.4,35.6,35.7,0.10,654,46.670000000000002,32.15
1998/04/08,2292783,82752766,35.8,36.3,35.8,36.2,0.50,650,80.0,48.10
1998/04/09,4074694,146493720,36.5,36.7,35.1,35.2,-1.00,917,11.76,35.99
1998/04/10,1186177,41840917,35.7,35.7,35.1,35.3,0.10,363,17.649999999999999,29.87
1998/04/13,3427269,122528418,35.6,36.2,35.3,35.5,0.20,876,29.41,29.71
1998/04/14,1525549,53450245,35.8,35.9,34.5,34.7,-0.80,395,9.0899999999999999,22.84
1998/04/15,2764902,94101253,35.0,35.0,33.5,34.0,-0.70,620,15.619999999999999,20.44
1998/04/16,999093,33807602,34.2,34.2,33.5,33.6,-0.40,293,3.1299999999999999,14.67
1998/04/17,1715516,56747635,33.6,33.6,33.0,33.0,-0.60,408,0.0,9.78
1998/04/18,1507342,49116585,33.2,33.2,32.1,33.1,0.10,352,21.739999999999998,13.77
1998/04/20,834000,27322400,33.0,33.1,32.4,32.8,-0.30,229,15.220000000000001,14.25
1998/04/21,1108814,35661276,32.9,33.0,31.0,31.4,-1.40,298,7.6900000000000004,12.06
1998/04/22,1320520,41434944,31.5,31.8,31.0,31.4,0.00,430,7.6900000000000004,10.60
1998/04/23,1049180,33247623,31.5,32.0,31.4,31.8,0.40,324,16.329999999999998,12.51
1998/04/24,1039383,32975018,31.7,32.0,31.5,31.9,0.10,322,22.5,15.84
1998/04/27,873590,27542025,31.9,31.9,31.4,31.4,-0.50,185,12.5,14.73
1998/04/28,701427,21499778,31.1,31.1,30.3,30.5,-0.90,241,6.0599999999999996,11.84
1998/04/29,1164751,35177883,30.7,30.7,29.6,30.2,-0.30,369,16.670000000000002,13.45
1998/04/30,784170,23713006,30.3,30.7,29.8,30.0,-0.20,281,11.43,12.78
1998/05/02,517743,15385778,30.4,30.4,29.5,29.7,-0.30,202,5.71,10.42
1998/05/04,366000,10743300,29.7,29.9,29.1,29.3,-0.40,165,6.9000000000000004,9.25
1998/05/05,908259,26805646,29.5,29.7,29.3,29.5,0.20,238,13.789999999999999,10.77
1998/05/06,1038325,30392338,29.7,29.7,29.0,29.0,-0.50,209,0.0,7.18
1998/05/07,1058279,30695545,28.9,29.3,28.8,28.8,-0.20,263,0.0,4.79
1998/05/08,466579,13349486,28.8,28.9,28.5,28.6,-0.20,174,3.8500000000000001,4.47
1998/05/11,544921,15850648,29.1,29.4,28.6,29.0,0.40,178,22.73,10.56
1998/05/12,547467,15976872,29.2,29.5,29.0,29.1,0.10,186,27.27,16.13
1998/05/13,550245,15841792,29.0,29.3,28.5,28.5,-0.60,171,0.0,10.75
1998/05/14,430360,12321205,28.5,28.9,28.4,28.8,0.30,145,26.670000000000002,16.06
1998/05/15,290935,8262385,28.8,28.8,28.1,28.1,-0.70,92,0.0,10.71
1998/05/16,630471,17462363,28.4,28.4,27.5,27.5,-0.60,205,0.0,7.14
1998/05/18,469000,12852900,27.4,27.8,27.0,27.7,0.20,146,28.0,14.09
1998/05/19,1021117,28701782,27.8,28.5,27.7,27.9,0.20,283,36.0,21.39
1998/05/20,1975800,56340706,28.1,29.0,28.0,28.7,0.80,396,68.0,36.93
1998/05/21,854373,24727548,29.0,29.2,28.8,28.8,0.10,262,72.0,48.62
1998/05/22,722147,20878908,29.0,29.1,28.8,28.9,0.10,234,82.609999999999999,59.95
1998/05/25,2381511,70399990,29.0,30.2,28.7,30.0,1.10,701,93.75,71.22
1998/05/26,2395300,70670804,30.0,30.2,28.5,28.5,-1.50,672,46.880000000000003,63.11
1998/05/27,913864,26145441,28.4,29.2,28.3,28.3,-0.20,301,40.630000000000003,55.61
1998/05/28,559923,15924382,28.9,28.9,28.1,28.3,0.00,183,40.630000000000003,50.61
1998/05/29,616752,17221868,28.5,28.6,27.5,27.7,-0.60,190,7.4100000000000001,36.21
1998/06/01,1034596,28085623,27.5,27.7,26.5,26.5,-1.20,264,0.0,24.14
1998/06/02,471177,12397565,26.7,26.7,26.1,26.2,-0.30,145,2.4399999999999999,16.90
1998/06/03,429900,11309153,26.1,26.6,26.1,26.2,0.00,146,2.4399999999999999,12.08
1998/06/04,671540,17223769,26.3,26.4,25.2,25.5,-0.70,219,6.0,10.05
1998/06/05,3144280,84800572,26.0,27.2,26.0,27.2,1.70,806,40.0,20.03
1998/06/06,5726900,162620251,27.3,29.1,26.8,29.1,1.90,1393,97.5,45.85
1998/06/08,5903000,171664300,29.1,29.7,28.5,28.7,-0.40,1473,77.780000000000001,56.50
1998/06/09,2094630,59099784,28.6,28.8,27.6,28.1,-0.60,599,64.439999999999998,59.15
1998/06/10,4292400,123207227,28.1,29.3,28.0,28.1,0.00,1140,64.439999999999998,60.91
1998/06/11,2210082,62126540,28.1,28.7,27.5,27.6,-0.50,639,53.329999999999998,58.39
1998/06/12,1777180,48042742,27.1,27.6,26.4,26.8,-0.80,501,35.560000000000002,50.78
1998/06/15,1006720,27242893,27.1,27.4,26.6,27.4,0.60,321,48.890000000000001,50.15
1998/06/16,2751024,77289854,27.0,28.8,26.9,28.7,1.30,699,72.969999999999999,57.75
1998/06/17,4056900,116889994,29.0,29.4,28.0,28.0,-0.70,1010,48.479999999999997,54.66
1998/06/18,3890000,112288600,29.2,29.2,28.5,29.1,1.10,775,81.819999999999993,63.71
1998/06/19,1778000,50630400,28.6,28.8,28.3,28.6,-0.50,414,73.329999999999998,66.91
1998/06/20,7269881,215716764,28.8,30.6,28.8,30.6,2.00,1328,100.0,77.94
1998/06/22,5863000,179039000,31.4,31.4,29.7,29.7,-0.90,1195,66.0,73.96
1998/06/23,2637000,78049100,29.7,30.2,29.2,29.5,-0.20,610,62.0,69.98
1998/06/24,7550000,231945800,30.0,31.5,29.7,31.5,2.00,1763,100.0,79.98
1998/06/25,15011000,422083000,27.8,28.5,27.6,28.3,1.00,3255,30.43,63.46
1998/06/26,7649278,218692871,28.3,29.0,28.1,28.5,0.20,1963,23.079999999999998,50.00
1998/06/29,3019853,84851382,29.0,29.0,27.3,27.3,-1.20,814,0.0,33.33
1998/06/30,1788654,49426760,27.6,28.0,27.3,28.0,0.70,516,16.670000000000002,27.78
1998/07/02,3338923,95292113,28.3,29.0,28.3,28.3,0.30,902,23.809999999999999,26.46
1998/07/03,2490180,70125066,28.4,28.6,27.8,28.2,-0.10,648,21.43,24.78
1998/07/04,2053599,57798501,28.4,28.5,27.9,28.0,-0.20,488,16.670000000000002,22.08
1998/07/06,4022000,115125400,28.5,29.0,28.2,28.3,0.30,1052,23.809999999999999,22.66
1998/07/07,1820499,51543990,28.5,28.7,27.9,28.3,0.00,479,58.82,34.72
1998/07/08,1687180,47784667,28.3,28.6,28.0,28.5,0.20,494,70.590000000000003,46.68
1998/07/09,1942360,54807006,28.7,28.7,28.0,28.1,-0.40,523,47.060000000000002,46.81
1998/07/10,1005830,28301845,28.2,28.5,27.9,28.1,0.00,344,47.060000000000002,46.90
1998/07/13,1598257,44240682,28.0,28.0,27.5,27.6,-0.50,365,6.6699999999999999,33.49
1998/07/14,746337,20467613,27.6,28.0,27.1,27.4,-0.20,242,15.789999999999999,27.59
1998/07/15,587160,15990318,27.4,27.5,27.1,27.4,0.00,231,15.789999999999999,23.65
1998/07/16,1108130,30274460,27.5,27.5,27.1,27.3,-0.10,301,10.529999999999999,19.28
1998/07/17,2109360,56965877,27.5,27.5,26.5,27.5,0.20,467,45.450000000000003,28.00
1998/07/18,1045516,28547617,27.5,27.6,27.0,27.0,-0.50,358,22.73,26.25
1998/07/20,467000,12613000,27.1,27.3,26.8,27.0,0.00,174,22.73,25.08
1998/07/21,2722330,75123363,27.3,28.0,27.2,27.2,0.20,690,35.0,28.39
1998/07/22,763840,20676727,27.3,27.4,26.7,26.9,-0.30,268,26.670000000000002,27.82
1998/07/23,606400,16164161,27.1,27.1,26.5,26.5,-0.40,214,0.0,18.55
1998/07/24,1214000,32370300,26.6,27.1,26.1,26.5,0.00,362,21.050000000000001,19.39
1998/07/27,704062,18378993,26.6,26.7,25.7,25.9,-0.60,239,8.6999999999999993,15.83
1998/07/28,698608,17794868,25.9,25.9,25.1,25.1,-0.80,251,0.0,10.55
1998/07/29,1152000,28286600,25.0,25.0,24.2,24.4,-0.70,321,5.2599999999999998,8.78
1998/07/30,1038032,24676144,24.2,24.3,23.5,23.6,-0.80,325,2.2200000000000002,6.59
1998/07/31,467098,11079377,23.5,24.0,23.5,23.7,0.10,182,4.4400000000000004,5.87
1998/08/01,516000,12101900,23.5,23.7,23.1,23.7,0.00,163,13.949999999999999,8.56
1998/08/03,1619000,38639100,24.1,24.2,23.6,23.8,0.10,295,17.5,11.54
1998/08/04,501283,11770879,23.7,23.8,23.0,23.1,-0.70,137,2.4399999999999999,8.50
1998/08/05,893413,19977690,23.0,23.0,22.1,22.4,-0.70,268,6.5199999999999996,7.84
1998/08/06,4765100,107184028,21.8,22.8,21.8,22.0,-0.40,600,4.8799999999999999,6.86
1998/08/07,5654360,128171179,22.3,23.3,22.0,23.2,1.20,988,43.75,19.15
1998/08/10,2920000,64414000,23.0,23.0,21.6,21.6,-1.60,819,0.0,12.77
1998/08/11,5368100,116922549,21.3,22.2,21.1,21.9,0.30,900,25.809999999999999,17.11
1998/08/12,2653000,56965300,21.7,21.7,21.2,21.5,-0.40,460,12.9,15.71
1998/08/13,6266180,139909049,21.8,22.8,21.7,22.0,0.50,1488,29.030000000000001,20.15
1998/08/14,1640236,36019066,22.3,22.3,21.6,21.9,-0.10,461,29.629999999999999,23.31
1998/08/15,1699702,37760295,22.1,22.5,22.0,22.1,0.20,469,45.450000000000003,30.69
1998/08/17,6144000,138909100,22.3,22.9,22.3,22.3,0.20,1371,54.549999999999997,38.64
1998/08/18,3656000,82094500,22.5,22.8,22.0,22.7,0.40,1021,72.730000000000004,50.00
1998/08/19,4832058,109468909,22.9,23.1,22.3,22.4,-0.30,1136,65.0,55.00
1998/08/20,2163000,48766800,22.7,22.8,22.2,22.5,0.10,592,70.0,60.00
1998/08/21,6212563,142369299,22.7,23.3,22.3,22.3,-0.20,1544,52.380000000000003,57.46
1998/08/24,3552003,76205345,22.3,22.3,20.9,21.0,-1.30,998,4.1699999999999999,39.70
1998/08/25,5615000,110947400,20.0,20.5,19.6,19.6,-1.40,1133,0.0,26.47
1998/08/26,7704660,144581668,19.4,19.4,18.3,18.5,-1.10,1661,4.0,18.98
1998/08/27,2280932,41368040,18.0,18.4,18.0,18.1,-0.40,614,1.8899999999999999,13.28
1998/08/28,2564864,45335352,17.2,18.0,17.2,17.8,-0.30,530,9.8399999999999999,12.13
1998/08/29,1757447,31890967,18.0,18.4,17.7,18.0,0.20,450,13.109999999999999,12.46
1998/08/31,1950000,34561000,18.0,18.2,17.3,17.5,-0.50,348,4.9199999999999999,9.95
1998/09/01,4524070,74720298,16.6,16.9,16.3,16.6,-0.90,592,4.29,8.06
1998/09/02,2233902,37948727,17.0,17.4,16.7,17.0,0.40,469,11.67,9.26
1998/09/03,1437318,23438499,17.0,17.0,16.0,16.1,-0.90,385,2.2200000000000002,6.91
1998/09/04,3134995,52403060,15.5,17.2,15.5,17.2,1.10,699,43.590000000000003,19.14
1998/09/05,5759383,102469789,17.1,18.3,17.0,17.9,0.70,995,82.760000000000005,40.35
1998/09/07,5055000,91338000,17.9,18.6,17.5,18.5,0.60,890,96.769999999999996,59.16
1998/09/08,3899247,72735331,18.7,18.9,18.3,18.6,0.10,860,91.180000000000007,69.83
1998/09/09,4601627,85273093,18.8,19.0,18.1,18.5,-0.10,688,85.709999999999994,75.12
1998/09/10,4787537,89895474,18.3,19.2,18.2,18.7,0.20,1028,86.489999999999995,78.91
1998/09/11,4891386,91936970,18.4,19.2,18.4,19.0,0.30,966,94.590000000000003,84.14
1998/09/14,4713242,91434363,19.2,19.7,19.1,19.3,0.30,930,90.480000000000004,86.25
1998/09/15,3596023,69442234,19.5,19.6,19.0,19.1,-0.20,713,85.709999999999994,86.07
1998/09/16,2291266,43688454,19.0,19.3,18.8,19.1,0.00,498,77.780000000000001,83.31
1998/09/17,8672172,170755168,19.2,20.0,19.2,19.6,0.50,1315,84.0,83.54
1998/09/18,7638719,154290215,19.7,20.5,19.6,20.1,0.50,1484,83.329999999999998,83.47
1998/09/19,12093585,251536240,20.1,21.4,20.1,20.6,0.50,1968,75.760000000000005,80.90
1998/09/21,6182000,125144400,20.6,20.9,19.3,19.7,-0.90,1149,46.880000000000003,69.56
1998/09/22,3934247,75149629,19.7,19.9,18.7,19.3,-0.40,821,30.0,56.37
1998/09/23,3522347,67378157,19.3,19.4,18.9,19.0,-0.30,478,11.109999999999999,41.28
1998/09/24,1982809,37707182,19.3,19.3,18.7,18.9,-0.10,311,7.4100000000000001,29.99
1998/09/25,4686046,87036161,18.9,18.9,18.0,18.9,0.00,512,26.469999999999999,28.81
1998/09/28,3186292,61097888,18.8,19.6,18.6,19.0,0.10,732,29.41,29.01
1998/09/29,7151996,139268724,19.2,19.9,19.1,19.2,0.20,1476,35.289999999999999,31.10
1998/09/30,2805568,54428344,19.4,19.6,19.2,19.3,0.10,694,38.240000000000002,33.48
1998/10/01,3798902,73589913,19.0,19.5,19.0,19.3,0.00,652,44.829999999999998,37.26
1998/10/02,3671100,67554720,19.0,19.0,18.1,18.3,-1.00,664,15.789999999999999,30.10
1998/10/03,5927232,113426017,18.3,19.5,18.3,19.5,1.20,934,78.950000000000003,46.39
1998/10/06,11497000,230942300,19.6,20.6,19.4,20.2,0.70,2042,84.620000000000005,59.14
1998/10/07,5708367,116630448,20.4,20.7,20.1,20.4,0.20,1193,88.890000000000001,69.06
1998/10/08,10157370,212487583,20.7,21.3,20.6,20.7,0.30,1959,81.25,73.12
1998/10/09,8399859,174172466,20.7,21.3,19.6,20.4,-0.30,1646,71.870000000000005,72.71
1998/10/12,6042053,121432127,20.6,20.6,19.8,20.0,-0.40,679,59.369999999999997,68.26
1998/10/13,7132975,146505498,20.3,20.9,20.2,20.2,0.20,1370,65.620000000000005,67.38
1998/10/14,2971364,60011229,20.2,20.5,20.0,20.3,0.10,634,68.75,67.84
1998/10/15,2644965,53359084,20.3,20.4,20.0,20.4,0.10,508,70.0,68.56
1998/10/17,9200850,191799432,20.7,21.3,20.5,20.9,0.50,1556,78.950000000000003,72.03
1998/10/19,2361000,48835100,21.0,21.1,20.5,20.7,-0.20,568,64.709999999999994,69.59
1998/10/20,2961453,61427847,20.7,21.0,20.5,20.8,0.10,625,70.590000000000003,69.92
1998/10/21,11592130,250871353,20.9,22.2,20.9,22.2,1.40,2544,100.0,79.94
1998/10/22,13849110,310608601,22.5,22.7,22.0,22.2,0.00,3096,82.760000000000005,80.88
1998/10/23,8362182,187398783,22.5,22.9,22.0,22.3,0.10,1821,79.310000000000002,80.36
1998/10/26,3296375,71806712,22.5,22.5,21.5,21.6,-0.70,740,55.170000000000002,71.96
1998/10/27,2580452,55161876,21.5,21.9,21.0,21.1,-0.50,763,37.93,60.61
1998/10/28,3409112,71148404,21.1,21.4,20.5,20.7,-0.40,700,8.3300000000000001,43.19
1998/10/29,2048196,42355788,20.8,21.0,20.3,20.8,0.10,487,19.23,35.20
1998/10/30,2422332,50460555,20.8,21.0,20.5,20.8,0.00,433,19.23,29.88
1998/10/31,2275067,47006228,21.0,21.0,20.5,20.7,-0.10,498,15.380000000000001,25.05
1998/11/02,1467000,30314600,20.5,20.9,20.5,20.7,0.00,343,15.380000000000001,21.83
1998/11/03,2086456,41850260,20.5,20.6,19.8,19.9,-0.80,472,3.23,15.63
1998/11/04,3056673,58235919,19.7,19.9,18.7,18.9,-1.00,568,5.2599999999999998,12.17
1998/11/05,2352900,42841320,19.2,19.2,17.8,18.5,-0.40,557,17.07,13.80
1998/11/06,2277623,42394360,18.6,18.9,18.2,18.5,0.00,599,19.440000000000001,15.68
1998/11/07,843243,15708567,18.4,18.8,18.4,18.7,0.20,248,28.120000000000001,19.82
1998/11/09,1785000,33972200,18.9,19.2,18.7,19.0,0.30,425,37.5,25.71
1998/11/10,1594369,28878369,17.8,18.4,17.8,18.2,-0.80,312,12.5,21.31
1998/11/11,5544468,100654365,17.8,18.5,17.8,18.4,0.20,697,19.350000000000001,20.66
1998/11/13,1938087,36218288,18.7,18.9,18.4,18.6,0.20,501,28.57,23.29
1998/11/16,1926981,36376946,18.6,19.1,18.6,19.1,0.50,456,61.899999999999999,36.16
1998/11/17,2439864,46867516,19.3,19.4,18.9,19.3,0.20,578,93.75,55.36
1998/11/18,1127327,21457474,19.3,19.3,18.8,19.0,-0.30,300,75.0,61.91
1998/11/19,2079050,39937640,19.1,19.5,19.0,19.2,0.20,520,82.349999999999994,68.72
1998/11/20,7918564,159696466,19.2,20.5,19.1,20.5,1.30,1641,100.0,79.14
1998/11/21,9367406,197970107,21.9,21.9,20.2,20.4,-0.10,2038,63.409999999999997,73.90
1998/11/23,8039000,166498100,20.2,21.2,19.8,20.5,0.10,1721,65.849999999999994,71.22
1998/11/24,3754957,76607094,20.7,20.8,20.0,20.3,-0.20,929,54.289999999999999,65.58
1998/11/25,4794283,91737923,19.7,19.7,19.0,19.0,-1.30,1013,12.119999999999999,47.76
1998/11/26,3511844,68605248,19.1,19.9,19.0,19.6,0.60,910,25.809999999999999,40.44
1998/11/27,1879360,36238018,19.5,19.8,19.0,19.0,-0.60,532,6.4500000000000002,29.11
1998/11/30,1273976,23750739,19.0,19.2,18.5,18.7,-0.30,402,5.8799999999999999,21.37
1998/12/01,1183884,21922940,18.5,18.9,18.1,18.3,-0.40,337,5.2599999999999998,16.00
1998/12/02,761303,13959113,18.1,18.6,18.1,18.5,0.20,287,10.529999999999999,14.18
1998/12/03,694153,12738010,18.2,18.6,18.2,18.6,0.10,209,16.129999999999999,14.83
1998/12/04,1626777,30411173,18.6,19.0,18.2,18.7,0.10,457,22.219999999999999,17.30
1998/12/07,1829510,34603484,19.0,19.1,18.7,18.8,0.10,437,38.890000000000001,24.49
1998/12/08,977093,18330734,19.0,19.0,18.5,18.5,-0.30,272,22.219999999999999,23.74
1998/12/09,568082,10396906,18.5,18.5,18.2,18.4,-0.10,201,17.649999999999999,21.71
1998/12/10,810382,14700090,18.1,18.4,18.1,18.1,-0.30,202,0.0,14.47
1998/12/11,1119352,20332836,18.1,18.4,18.1,18.2,0.10,298,10.0,12.98
1998/12/14,516250,9409323,18.3,18.5,18.1,18.1,-0.10,159,0.0,8.65
1998/12/15,818642,14950756,18.1,18.4,18.0,18.4,0.30,284,36.359999999999999,17.89
1998/12/16,574152,10350080,18.3,18.5,17.5,17.6,-0.80,189,6.25,14.01
1998/12/17,1052731,17940007,17.6,17.6,16.6,16.8,-0.80,343,8.0,12.01
1998/12/18,2148838,34326502,16.8,16.8,15.7,15.9,-0.90,560,6.0599999999999996,10.03
1998/12/19,2504619,37968741,15.6,15.6,14.85,15.2,-0.70,499,9.5899999999999999,9.89
1998/12/21,810000,12365200,15.4,15.5,15.1,15.2,0.00,265,9.5899999999999999,9.79
1998/12/22,1800956,27649891,15.0,15.7,15.0,15.7,0.50,472,23.289999999999999,14.29
1998/12/23,3810895,60020898,15.8,16.2,14.75,15.7,0.00,804,25.329999999999998,17.97
1998/12/24,3026427,48673907,15.9,16.4,15.7,15.8,0.10,715,28.0,21.31
1998/12/28,1574808,23687238,15.2,15.4,14.8,15.1,-0.70,317,9.3300000000000001,17.32
1998/12/29,1137281,17248239,15.1,15.5,15.0,15.2,0.10,271,15.789999999999999,16.81
1998/12/30,2709734,41233834,15.4,15.4,15.0,15.4,0.20,432,31.710000000000001,21.78
1998/12/31,3014170,47222878,15.6,15.9,15.3,15.3,-0.10,690,33.329999999999998,25.63
1999/01/05,2434000,35564600,14.8,14.95,14.25,14.95,-0.35,373,32.560000000000002,27.94
1999/01/06,988050,14387913,14.5,14.85,14.25,14.7,-0.25,238,20.93,25.61
1999/01/07,2576592,38731388,14.7,15.4,14.5,15.2,0.50,511,44.189999999999998,31.80
1999/01/08,2294445,35485946,15.0,15.8,15.0,15.3,0.10,552,48.840000000000003,37.48
1999/01/11,946285,14149494,15.5,15.5,14.55,14.8,-0.50,238,33.329999999999998,36.10
1999/01/12,967220,14076857,14.65,14.9,14.25,14.7,-0.10,220,27.27,33.16
1999/01/13,1268992,18705472,14.55,14.9,14.5,14.75,0.05,255,30.300000000000001,32.21
1999/01/14,614292,8915151,14.7,14.7,14.3,14.6,-0.15,182,21.210000000000001,28.54
1999/01/15,2403284,35699059,14.55,15.0,14.5,15.0,0.40,343,48.390000000000001,35.16
1999/01/16,2652439,39180984,15.2,15.3,14.5,14.8,-0.20,552,35.479999999999997,35.27
1999/01/18,826000,12060550,14.55,14.8,14.5,14.7,-0.10,204,29.030000000000001,33.19
1999/01/19,864004,12497264,14.7,14.7,14.3,14.65,-0.05,204,25.809999999999999,30.73
1999/01/20,1445541,21143302,14.65,14.75,14.5,14.75,0.10,238,40.0,33.82
1999/01/21,2594930,38761758,14.8,15.1,14.75,15.0,0.25,450,71.430000000000007,46.36
1999/01/22,1942658,29101436,15.0,15.2,14.75,15.0,0.00,386,70.0,54.24
1999/01/25,942877,13729353,15.0,15.0,14.3,14.75,-0.25,228,45.0,51.16
1999/01/26,662475,9596035,14.7,14.7,14.2,14.6,-0.15,193,36.359999999999999,46.23
1999/01/27,872257,12526699,14.45,14.6,14.2,14.45,-0.15,194,22.73,38.40
1999/01/28,1240600,17742871,14.2,14.4,14.2,14.3,-0.15,241,10.0,28.93
1999/01/29,1531274,21619295,14.3,14.3,14.0,14.3,0.00,230,25.0,27.62
1999/01/30,675111,9604046,14.25,14.3,14.15,14.25,-0.05,149,20.829999999999998,25.35
1999/02/01,462000,6489500,14.2,14.2,14.0,14.0,-0.25,127,0.0,16.90
1999/02/02,2024857,28736196,14.15,14.45,13.85,14.1,+0.10,363,18.52,17.44
1999/02/03,773362,10472490,13.85,14.0,13.15,13.15,-0.95,126,0.0,11.63
1999/02/04,313210,3836995,12.25,12.25,12.25,12.25,-0.90,92,0.0,7.75
1999/02/05,1818250,20728244,11.4,11.4,11.4,11.4,-0.85,304,0.0,5.17
1999/02/06,5723150,65710401,10.65,12.15,10.65,12.15,+0.75,772,39.469999999999999,16.61
1999/02/08,4028000,51206450,12.3,13.0,12.3,13.0,+0.85,626,61.840000000000003,31.68
1999/02/09,7000384,93629305,13.0,13.9,12.8,13.8,+0.80,952,82.890000000000001,48.75
1999/02/10,4390079,60625713,13.65,14.0,13.65,13.7,-0.10,691,80.260000000000005,59.25
1999/02/20,3798000,53982450,14.05,14.45,13.85,14.45,+0.75,534,100.0,72.83
1999/02/22,5141000,75639050,14.75,15.0,14.15,14.6,+0.15,796,90.799999999999997,78.82
1999/02/23,1553611,21565526,14.1,14.4,13.6,13.6,-1.00,335,67.819999999999993,75.16
1999/02/24,1303500,17402413,13.5,13.7,13.1,13.55,-0.05,288,66.670000000000002,72.33
1999/02/25,1874550,25631522,13.55,13.9,13.4,13.5,-0.05,366,65.519999999999996,70.06
1999/02/26,506472,6774009,13.7,13.7,13.2,13.3,-0.20,170,37.039999999999999,59.06
1999/03/01,780201,10536415,13.25,13.65,13.25,13.6,+0.30,164,36.359999999999999,51.49
1999/03/02,3275252,46512558,13.65,14.55,13.65,14.55,+0.95,570,76.319999999999993,59.77
1999/03/03,4276179,62234163,14.55,14.9,14.1,14.6,+0.05,668,78.950000000000003,66.17
1999/03/04,4503110,66947615,14.6,15.1,14.6,14.85,+0.25,657,87.5,73.28
1999/03/05,11447074,179458897,15.1,15.8,15.1,15.8,+0.95,1703,100.0,82.18
1999/03/06,12632399,205840103,16.2,16.6,16.0,16.1,+0.30,2162,85.709999999999994,83.36
1999/03/08,3184000,48641300,15.0,15.8,15.0,15.2,-0.90,632,58.82,75.18
1999/03/09,1724404,26334526,15.0,15.5,15.0,15.3,+0.10,433,61.759999999999998,70.71
1999/03/10,1205068,18560453,15.1,15.6,15.1,15.2,-0.10,367,58.210000000000001,66.54
1999/03/11,1530952,23061861,15.5,15.5,14.8,14.85,-0.35,434,40.68,57.92
1999/03/12,1024663,15232838,15.0,15.0,14.7,14.75,-0.10,236,26.0,47.28
1999/03/15,1019364,14961747,14.7,14.95,14.5,14.75,0.00,255,11.9,35.49
1999/03/16,3802321,57710075,14.75,15.5,14.75,15.3,+0.55,664,38.100000000000001,36.36
1999/03/17,2114450,32595865,15.5,15.7,15.0,15.0,-0.30,471,23.809999999999999,32.18
1999/03/18,3950526,60550221,15.2,15.7,15.0,15.6,+0.60,598,84.620000000000005,49.66
1999/03/19,5759550,91693936,15.7,16.2,15.6,15.6,0.00,917,64.709999999999994,54.68
1999/03/20,4913253,78845177,15.8,16.3,15.7,15.9,+0.30,869,77.780000000000001,62.38
1999/03/22,3759000,60856300,16.0,16.4,15.9,16.2,+0.30,637,89.469999999999999,71.41
1999/03/23,6504201,107802645,16.4,16.9,16.2,16.2,0.00,1112,70.829999999999998,71.22
1999/03/24,2955735,46708216,16.0,16.2,15.4,15.6,-0.60,559,45.829999999999998,62.76
1999/03/25,3435602,54747560,15.8,16.4,15.3,16.4,+0.80,570,76.739999999999995,67.42
1999/03/26,7454217,124480845,16.7,16.9,16.4,16.6,+0.20,1196,84.209999999999994,73.02
1999/03/29,7225000,122648800,16.8,17.3,16.4,16.4,-0.20,1276,60.869999999999997,68.97
1999/03/30,2182936,35058614,16.5,16.5,15.6,16.1,-0.30,444,40.0,59.31
1999/03/31,1843690,29682254,16.2,16.4,15.7,15.9,-0.20,329,30.0,49.54
1999/04/01,1654100,26242500,15.8,16.0,15.6,16.0,+0.10,344,35.0,44.70
1999/04/02,4937903,81280974,16.2,16.6,16.2,16.4,+0.40,801,55.0,48.13
1999/04/03,6385198,106009662,16.5,17.0,16.0,16.4,0.00,1020,55.0,50.42
1999/04/06,4435000,74207700,16.4,17.0,16.4,16.7,+0.30,853,70.0,56.94
1999/04/07,2401155,39619890,16.8,16.9,16.2,16.3,-0.40,481,41.18,51.69
1999/04/08,2183732,35403599,16.3,16.4,16.1,16.1,-0.20,520,29.41,44.26
1999/04/09,2649032,43199269,16.2,16.6,16.0,16.1,0.00,514,35.710000000000001,41.41
1999/04/12,1804011,29074776,16.2,16.5,15.7,15.7,-0.40,424,7.1399999999999997,29.99
1999/04/13,1569516,24889733,15.8,16.0,15.7,16.0,+0.30,352,28.57,29.51
1999/04/14,1474729,23610060,16.0,16.2,15.8,16.1,+0.10,323,30.77,29.93
1999/04/15,1901294,30751314,16.2,16.3,16.0,16.1,0.00,335,30.77,30.21
1999/04/16,3724078,61003707,16.3,16.7,16.2,16.3,+0.20,627,46.149999999999999,35.52
1999/04/17,16902636,291009722,16.6,17.4,16.6,17.4,+1.10,2361,100.0,57.01
1999/04/19,17369000,312995500,17.6,18.4,17.6,18.1,+0.70,2410,88.890000000000001,67.64
1999/04/20,9731189,174686302,17.9,18.6,17.2,18.4,+0.30,1778,93.099999999999994,76.12
1999/04/21,8297227,146480840,18.1,18.4,17.2,17.3,-1.10,1572,55.170000000000002,69.14
1999/04/22,4589114,77182655,17.5,17.5,16.6,16.7,-0.60,766,34.479999999999997,57.58
1999/04/23,5294831,89997809,16.9,17.2,16.7,16.9,+0.20,854,39.289999999999999,51.49
1999/04/26,10678676,189896695,17.4,18.0,17.2,17.7,+0.80,1587,65.379999999999995,56.12
1999/04/27,21892422,395745437,18.0,18.5,17.3,17.6,-0.10,3044,58.329999999999998,56.85
1999/04/28,7979204,131790456,16.4,16.8,16.4,16.4,-1.20,1522,0.0,37.90
1999/04/29,5576981,87096596,15.8,16.1,15.4,15.5,-0.90,989,3.1200000000000001,26.31
1999/04/30,2895450,45303655,15.5,15.9,15.4,15.8,+0.30,655,12.5,21.71
1999/05/03,1952650,30055916,15.8,15.9,15.1,15.3,-0.50,428,5.8799999999999999,16.43
1999/05/04,4088131,64073767,15.6,15.9,15.4,15.8,+0.50,774,20.59,17.81
1999/05/05,4183550,66880144,15.8,16.3,15.7,15.9,+0.10,863,23.530000000000001,19.71
1999/05/06,3932500,62736510,16.0,16.2,15.7,15.7,-0.20,643,17.649999999999999,19.02
1999/05/07,2112798,32973374,15.5,15.8,15.3,15.5,-0.20,434,11.76,16.60
1999/05/10,1521001,23102915,15.5,15.5,15.0,15.2,-0.30,324,11.109999999999999,14.77
1999/05/11,1962983,30130800,15.2,15.5,15.1,15.4,+0.20,367,30.77,20.11
1999/05/12,1131303,17209760,15.5,15.5,15.0,15.2,-0.20,283,15.380000000000001,18.54
1999/05/13,642111,9707776,15.1,15.3,15.0,15.1,-0.10,160,7.6900000000000004,14.92
1999/05/14,1954325,29235944,15.3,15.3,14.7,14.75,-0.35,427,3.1299999999999999,10.99
1999/05/15,3000943,44787539,14.7,15.2,14.7,14.8,+0.05,649,6.25,9.41
1999/05/17,1070000,15926100,15.0,15.1,14.7,14.7,-0.10,243,0.0,6.27
1999/05/18,1345200,19649261,14.75,15.0,14.3,14.4,-0.30,316,6.6699999999999999,6.40
1999/05/19,2515570,35425586,14.4,14.4,13.75,14.05,-0.35,447,17.140000000000001,9.98
1999/05/20,1587957,22472903,14.2,14.3,13.95,13.95,-0.10,340,11.43,10.46
1999/05/21,732461,10277363,14.2,14.2,13.95,14.05,+0.10,201,17.140000000000001,12.68
1999/05/24,1218550,16675782,14.0,14.0,13.5,13.6,-0.45,273,5.5599999999999996,10.30
1999/05/25,3024348,39081922,13.4,13.4,12.65,12.8,-0.80,393,5.6600000000000001,8.76
1999/05/26,1601815,19789360,12.1,12.85,12.1,12.4,-0.40,362,9.6799999999999997,9.07
1999/05/27,2515539,32199252,12.8,13.1,12.55,13.1,+0.70,380,33.329999999999998,17.16
1999/05/28,857052,10970904,12.9,13.0,12.6,12.8,-0.30,203,24.140000000000001,19.49
1999/05/29,587319,7428167,13.0,13.0,12.4,12.75,-0.05,159,28.260000000000002,22.41
1999/05/31,1227000,15101600,12.55,12.55,12.2,12.45,-0.30,192,15.91,20.24
1999/06/01,698800,8769104,12.5,12.7,12.35,12.6,+0.15,149,23.809999999999999,21.43
1999/06/02,752304,9464615,12.8,12.8,12.4,12.6,0.00,133,26.32,23.06
1999/06/03,1289247,16425079,12.6,13.1,12.5,13.0,+0.40,275,69.230000000000004,38.45
1999/06/04,675501,8650025,13.0,13.1,12.6,12.8,-0.20,151,70.0,48.96
1999/06/05,527850,6676218,12.95,12.95,12.5,12.6,-0.20,146,44.439999999999998,47.45
1999/06/07,862000,10795800,12.65,12.8,12.4,12.6,0.00,160,44.439999999999998,46.44
1999/06/08,1036441,12957975,12.6,12.7,12.4,12.5,-0.10,184,33.329999999999998,42.07
1999/06/09,1384350,17012329,12.3,12.5,12.15,12.2,-0.30,233,5.2599999999999998,29.80
1999/06/10,1177690,14391288,12.2,12.4,12.0,12.25,+0.05,247,22.73,27.45
1999/06/11,848586,10390137,12.35,12.35,12.1,12.3,+0.05,150,27.27,27.39
1999/06/14,2125449,26834966,12.5,12.8,12.35,12.55,+0.25,416,50.0,34.93
1999/06/15,1352024,16677196,12.7,12.7,12.0,12.3,-0.25,259,27.27,32.38
1999/06/16,1170000,14360150,12.4,12.6,12.05,12.3,0.00,280,31.579999999999998,32.12
1999/06/17,1631000,19688100,12.4,12.4,11.8,12.2,-0.10,333,40.0,34.74
1999/06/21,1576701,18992451,12.3,12.3,12.0,12.0,-0.20,255,20.0,29.83
1999/06/22,1116084,13548359,12.05,12.3,12.0,12.05,+0.05,272,25.0,28.22
1999/06/23,2638359,32473377,12.05,12.45,12.05,12.2,+0.15,409,40.0,32.14
1999/06/24,2540803,31237315,12.4,12.5,12.0,12.2,0.00,456,40.0,34.76
1999/06/25,1345253,16681339,12.4,12.6,12.2,12.25,+0.05,342,45.0,38.17
1999/06/28,754001,9142590,12.45,12.45,12.0,12.1,-0.15,205,33.329999999999998,36.56
1999/06/29,1934830,22906634,12.1,12.25,11.7,12.1,0.00,253,44.439999999999998,39.18
1999/06/30,1043260,12425777,12.2,12.2,11.8,12.05,-0.05,170,38.890000000000001,39.08
1999/07/02,677347,7984507,12.0,12.05,11.7,11.95,-0.10,143,27.780000000000001,35.31
1999/07/03,851080,10068048,11.85,12.0,11.7,11.95,0.00,203,27.780000000000001,32.80
1999/07/05,2586000,32306750,12.0,12.75,11.95,12.75,+0.80,523,100.0,55.20
1999/07/06,1706263,21653468,13.2,13.2,12.3,12.3,-0.45,412,40.0,50.13
1999/07/07,848954,10521094,12.5,12.6,12.0,12.5,+0.20,224,53.329999999999998,51.20
1999/07/08,625190,7708761,12.45,12.6,12.1,12.25,-0.25,137,36.670000000000002,46.35
1999/07/09,813000,9936000,12.1,12.45,12.1,12.25,0.00,148,36.670000000000002,43.12
1999/07/12,558500,6711240,12.1,12.2,11.8,12.05,-0.20,147,23.329999999999998,36.53
1999/07/13,461232,5463028,12.0,12.0,11.8,11.9,-0.15,113,13.33,28.79
1999/07/14,973210,11207674,11.8,12.0,11.2,11.4,-0.50,184,10.0,22.52
1999/07/15,869000,9625700,11.2,11.4,10.8,11.2,-0.20,184,16.670000000000002,20.57
1999/07/16,997000,10682400,11.1,11.2,10.45,10.45,-0.75,168,0.0,13.71
1999/07/17,1541002,15096120,9.75,10.4,9.75,9.75,-0.70,264,0.0,9.14
1999/07/19,2603000,24462750,9.1,9.75,9.1,9.7,-0.05,276,17.140000000000001,11.80
1999/07/20,2931390,29689012,9.7,10.35,9.7,10.35,+0.65,409,37.310000000000002,20.31
1999/07/21,1099860,11225388,9.7,10.55,9.7,10.1,-0.25,225,32.259999999999998,24.29
1999/07/22,1908274,19577650,10.0,10.5,10.0,10.1,0.00,375,34.479999999999997,27.68
1999/07/23,2683831,28063469,10.2,10.65,10.2,10.65,+0.55,429,53.450000000000003,36.27
1999/07/26,726000,7604050,10.5,10.7,10.25,10.5,-0.15,141,60.869999999999997,44.47
1999/07/27,641132,6586177,10.35,10.5,10.0,10.35,-0.15,163,59.520000000000003,49.49
1999/07/28,620000,6480950,10.4,10.55,10.2,10.4,+0.05,168,81.25,60.07
1999/07/29,628009,6356157,10.35,10.35,10.0,10.2,-0.20,131,68.75,62.97
1999/07/30,327001,3285160,10.0,10.2,10.0,10.15,-0.05,79,45.0,56.98
1999/07/31,1357485,14225743,10.1,10.65,10.1,10.4,+0.25,262,70.0,61.32
1999/08/02,342000,3507150,10.5,10.55,10.1,10.15,-0.25,104,21.43,48.02
1999/08/03,922037,9344399,10.05,10.25,10.05,10.2,+0.05,157,28.57,41.53
1999/08/04,628010,6414651,10.2,10.3,10.05,10.2,0.00,129,28.57,37.21
1999/08/05,552000,5555050,10.1,10.3,10.0,10.1,-0.10,120,15.380000000000001,29.94
1999/08/06,1095255,10957510,10.1,10.1,9.9,10.05,-0.05,164,20.0,26.63
1999/08/07,1109010,11083099,10.05,10.15,9.85,10.15,+0.10,154,37.5,30.25
1999/08/09,1300000,13465300,10.1,10.6,10.0,10.45,+0.30,234,75.0,45.17
1999/08/10,547125,5659697,10.4,10.45,10.15,10.3,-0.15,131,56.25,48.86
1999/08/11,329001,3351110,10.4,10.4,10.1,10.3,0.00,55,60.0,52.57
1999/08/12,353950,3627627,10.3,10.4,10.15,10.3,0.00,96,60.0,55.05
1999/08/13,2131252,23224429,10.75,11.0,10.6,11.0,+0.70,361,100.0,70.03
1999/08/16,2967558,34355508,11.5,11.75,11.3,11.75,+0.75,520,100.0,80.02
1999/08/17,4577378,55654110,11.75,12.45,11.75,12.4,+0.65,769,98.079999999999998,86.04
1999/08/18,4483531,55979094,12.4,12.75,12.15,12.35,-0.05,856,86.209999999999994,86.10
1999/08/19,1915622,22500537,12.2,12.2,11.5,11.5,-0.85,379,54.549999999999997,75.58
1999/08/20,3953000,47496700,11.7,12.3,11.4,12.3,+0.80,541,83.019999999999996,78.06
1999/08/21,6416000,82264100,12.4,13.15,12.25,13.15,+0.85,1059,100.0,85.37
1999/08/23,3159000,38113400,12.5,12.5,11.8,11.9,X0.00,629,58.329999999999998,76.35
1999/08/24,1692119,19809622,11.9,12.15,11.4,11.5,-0.40,381,35.289999999999999,62.66
1999/08/25,1305791,15175247,11.5,11.8,11.4,11.65,+0.15,215,18.920000000000002,48.08
1999/08/26,2268771,26771623,11.6,12.0,11.55,11.55,-0.10,422,8.5700000000000003,34.91
1999/08/27,885733,10245537,11.7,11.8,11.3,11.5,-0.05,216,10.81,26.87
1999/08/30,854001,9698811,11.55,11.6,11.2,11.3,-0.20,184,5.1299999999999999,19.62
1999/08/31,1054882,12048112,11.25,11.6,11.25,11.45,+0.15,224,12.82,17.35
1999/09/01,1068447,12156090,11.5,11.55,11.25,11.5,+0.05,184,15.380000000000001,16.70
1999/09/02,882040,10007956,11.6,11.6,11.2,11.2,-0.30,194,0.0,11.13
1999/09/03,855882,9583161,11.2,11.5,11.0,11.1,-0.10,220,8.6999999999999993,10.32
1999/09/04,540700,5923878,11.3,11.3,10.8,11.0,-0.10,124,16.670000000000002,12.44
1999/09/06,587000,6398300,10.95,11.0,10.75,11.0,0.00,93,20.0,14.96
1999/09/07,988920,10870512,11.05,11.15,10.8,10.9,-0.10,178,14.289999999999999,14.73
1999/09/08,341000,3695500,11.1,11.1,10.75,10.8,-0.10,65,5.8799999999999999,11.78
1999/09/09,610378,6612209,10.8,10.95,10.75,10.95,+0.15,128,23.530000000000001,15.69
1999/09/10,4685300,53938116,11.0,11.7,11.0,11.7,+0.75,517,100.0,43.79
1999/09/13,3259392,38951699,11.85,12.15,11.5,11.55,-0.15,482,57.140000000000001,48.24
1999/09/14,811102,9167036,11.6,11.6,11.0,11.25,-0.30,190,35.710000000000001,44.06
1999/09/15,2938140,33351904,11.25,11.55,11.0,11.15,-0.10,363,28.57,38.89
1999/09/16,1183975,13092561,11.05,11.15,10.9,10.95,-0.20,198,14.289999999999999,30.69
1999/09/17,835448,9208043,11.0,11.3,10.8,10.85,-0.10,186,7.1399999999999997,22.84
1999/09/18,1419985,15542477,11.0,11.1,10.8,10.85,0.00,273,7.1399999999999997,17.61
1999/09/20,350000,3768550,10.85,11.0,10.6,10.6,-0.25,111,0.0,11.74
1999/09/27,2363646,26475697,10.95,11.3,10.95,11.3,+0.70,391,45.159999999999997,22.88
1999/09/28,6014685,69972838,11.95,11.95,11.1,11.6,+0.30,1130,64.519999999999996,36.76
1999/09/29,1546306,17423530,11.3,11.45,11.2,11.3,-0.30,318,51.850000000000001,41.79
1999/09/30,1182882,13348361,11.3,11.5,11.1,11.2,-0.10,291,44.439999999999998,42.67
1999/10/01,2975446,34265906,11.2,11.7,11.2,11.6,+0.40,569,74.069999999999993,53.14
1999/10/02,6605165,78558581,11.7,12.25,11.3,12.1,+0.50,1165,90.909999999999997,65.73
1999/10/04,7003000,86718750,12.25,12.6,12.1,12.45,+0.35,1210,92.5,74.65
1999/10/05,3148550,38359138,12.55,12.55,12.05,12.05,-0.40,507,72.5,73.94
1999/10/06,1159005,13681359,11.9,12.0,11.65,11.65,-0.40,217,42.420000000000002,63.43
1999/10/07,2706036,31166853,11.65,11.85,11.25,11.5,-0.15,387,26.670000000000002,51.18
1999/10/08,1578589,18305675,11.45,11.75,11.4,11.75,+0.25,301,43.329999999999998,48.56
1999/10/11,729071,8328216,11.5,11.75,11.3,11.45,-0.30,168,23.329999999999998,40.15
1999/10/12,1112919,12594416,11.35,11.5,11.25,11.3,-0.15,201,7.1399999999999997,29.15
1999/10/13,1828410,20798162,11.3,11.55,11.2,11.45,+0.15,387,17.859999999999999,25.38
1999/10/14,764115,8600046,11.3,11.4,11.15,11.15,-0.30,162,0.0,16.92
1999/10/15,1393547,15654290,11.7,11.7,11.05,11.15,0.00,324,6.6699999999999999,13.50
1999/10/16,507007,5604977,11.05,11.25,10.95,11.0,-0.15,121,4.7599999999999998,10.59
1999/10/18,509000,5578600,11.05,11.1,10.8,10.9,-0.10,112,9.5199999999999996,10.23
1999/10/19,516874,5604873,10.9,10.95,10.75,10.9,0.00,131,15.0,11.82
1999/10/20,766166,8280666,10.9,11.0,10.7,10.7,-0.20,190,0.0,7.88
1999/10/21,645955,6912640,10.7,10.9,10.6,10.65,-0.05,206,4.5499999999999998,6.77
1999/10/22,958901,10214281,10.8,10.8,10.5,10.8,+0.15,224,25.0,12.84
1999/10/25,958051,10138950,10.9,10.9,10.1,10.1,-0.70,202,0.0,8.56
1999/10/26,1153247,11806394,10.35,10.35,10.1,10.35,+0.25,249,15.630000000000001,10.92
1999/10/27,726356,7334532,10.35,10.4,9.85,10.1,-0.25,177,17.859999999999999,13.23
1999/10/28,531330,5179326,10.0,10.0,9.6,9.7,-0.40,168,6.6699999999999999,11.04
1999/10/29,2588018,25699055,9.7,10.35,9.15,10.35,+0.65,485,64.859999999999999,28.98
1999/10/30,796464,7831325,10.1,10.1,9.65,9.65,-0.70,212,27.030000000000001,28.33
1999/11/01,1108000,10549050,9.6,9.8,9.25,9.25,-0.40,232,5.71,20.79
1999/11/02,997245,9042494,9.15,9.15,8.95,9.1,-0.15,266,7.6900000000000004,16.42
1999/11/03,671687,6028755,9.25,9.25,8.8,8.8,-0.30,199,0.0,10.95
1999/11/04,1146348,9652585,8.8,8.8,8.2,8.25,-0.55,237,2.27,8.06
1999/11/05,1928623,15365151,7.9,8.15,7.7,8.15,-0.10,334,16.670000000000002,10.93
1999/11/06,1213550,9540954,8.1,8.15,7.65,7.9,-0.25,222,9.2599999999999998,10.38
1999/11/08,831000,6646000,7.9,8.2,7.6,8.15,+0.25,172,20.0,13.59
1999/11/09,545875,4411885,8.1,8.2,7.9,8.15,0.00,117,22.0,16.39
1999/11/10,1247301,9883087,8.0,8.1,7.7,8.0,-0.15,208,18.18,16.99
1999/11/11,3649823,29806206,8.05,8.35,7.8,7.9,-0.10,520,18.18,17.39
1999/11/15,1552097,11849953,7.7,7.85,7.45,7.8,-0.10,278,19.440000000000001,18.07
1999/11/16,580795,4468167,7.65,7.8,7.6,7.7,-0.10,130,18.52,18.22
1999/11/17,460940,3565111,7.65,7.85,7.65,7.7,0.00,143,27.780000000000001,21.41
1999/11/18,743307,5823495,7.7,7.9,7.7,7.8,+0.10,169,38.890000000000001,27.23
1999/11/19,421257,3253946,7.8,7.9,7.65,7.75,-0.05,93,33.329999999999998,29.26
1999/11/20,718131,5616317,7.85,7.9,7.75,7.85,+0.10,121,44.439999999999998,34.32
1999/11/22,948000,7611850,7.75,8.25,7.75,8.2,+0.35,209,83.329999999999998,50.66
1999/11/23,868406,7070003,8.25,8.4,7.9,8.0,-0.20,199,57.890000000000001,53.07
1999/11/24,673680,5373087,8.1,8.1,7.8,8.05,+0.05,168,63.159999999999997,56.43
1999/11/25,577705,4534140,7.9,8.0,7.8,7.9,-0.15,96,37.5,50.12
1999/11/26,685750,5408894,7.9,8.0,7.8,7.9,0.00,104,33.329999999999998,44.52
1999/11/29,403963,3221669,7.9,8.05,7.9,8.05,+0.15,84,53.329999999999998,47.46
1999/11/30,2525875,21574100,8.2,8.6,8.05,8.6,+0.55,366,100.0,64.97
1999/12/01,833103,7023361,8.6,8.6,8.3,8.5,-0.10,199,88.239999999999995,72.72
1999/12/02,1078654,9368521,8.3,8.9,8.3,8.7,+0.20,169,82.609999999999999,76.02
1999/12/03,968400,8482008,8.85,8.85,8.45,8.8,+0.10,178,90.909999999999997,80.98
1999/12/04,819663,7163896,8.8,8.9,8.6,8.75,-0.05,154,86.359999999999999,82.78
1999/12/06,1345000,11762850,8.75,8.9,8.4,8.6,-0.15,159,72.730000000000004,79.43
1999/12/07,636912,5468187,8.7,8.8,8.5,8.5,-0.10,119,63.640000000000001,74.16
1999/12/08,543518,4606625,8.6,8.6,8.3,8.6,+0.10,99,70.0,72.77
1999/12/09,1965500,17385525,8.6,9.0,8.6,8.8,+0.20,273,78.950000000000003,74.83
1999/12/10,2151623,19349101,8.9,9.15,8.75,8.85,+0.05,314,64.709999999999994,71.46
1999/12/13,693072,6020580,8.8,8.8,8.4,8.7,-0.15,146,47.060000000000002,63.33
1999/12/14,363579,3105451,8.6,8.65,8.45,8.6,-0.10,89,35.289999999999999,53.98
1999/12/15,526490,4506188,8.7,8.75,8.45,8.55,-0.05,115,29.41,45.79
1999/12/16,614644,5145474,8.5,8.6,8.1,8.3,-0.25,115,19.050000000000001,36.88
1999/12/17,351303,2865146,8.4,8.4,8.1,8.2,-0.10,82,9.5199999999999996,27.76
1999/12/18,210555,1723771,8.2,8.3,8.1,8.25,+0.05,48,14.289999999999999,23.27
1999/12/20,277000,2261350,8.25,8.25,8.1,8.2,-0.05,62,9.5199999999999996,18.68
1999/12/21,347800,2864766,8.15,8.3,8.1,8.3,+0.10,81,19.050000000000001,18.80
1999/12/22,417620,3496265,8.3,8.5,8.3,8.5,+0.20,88,57.140000000000001,31.58
1999/12/23,643213,5487648,8.6,8.6,8.45,8.6,+0.10,112,76.920000000000002,46.69
1999/12/24,446552,3847817,8.7,8.75,8.5,8.75,+0.15,81,100.0,64.46
1999/12/27,1692847,14840468,8.75,9.0,8.65,8.8,+0.05,128,77.780000000000001,68.90
1999/12/28,1177636,10361562,8.8,8.9,8.7,8.75,-0.05,100,72.219999999999999,70.00
2000/01/04,332000,2847700,8.5,8.8,8.5,8.7,-0.05,66,66.670000000000002,68.89
2000/01/05,949163,8327004,8.4,9.0,8.4,8.9,+0.20,141,88.890000000000001,75.56
2000/01/06,1813886,16964437,9.0,9.5,9.0,9.5,+0.60,199,100.0,83.70
2000/01/07,918617,8817828,9.6,9.95,9.35,9.65,+0.15,180,81.819999999999993,83.07
2000/01/10,2054048,19833258,9.65,9.8,9.55,9.65,0.00,187,80.650000000000006,82.26
2000/01/11,3083036,31213789,9.8,10.3,9.65,10.3,+0.65,415,100.0,88.17
2000/01/12,1349546,13684531,10.45,10.45,9.8,10.0,-0.30,343,78.049999999999997,84.80
2000/01/13,1414373,14101542,10.0,10.2,9.75,10.0,0.00,226,78.049999999999997,82.55
2000/01/14,680356,6785788,10.1,10.1,9.9,9.9,-0.10,90,73.170000000000002,79.42
2000/01/15,521975,5186947,9.9,10.1,9.85,9.9,0.00,106,73.170000000000002,77.34
2000/01/17,1686000,17173000,10.05,10.3,10.0,10.2,+0.30,270,82.760000000000005,79.15
2000/01/18,874376,8865550,10.3,10.3,10.0,10.2,0.00,203,77.269999999999996,78.53
2000/01/19,617742,6291787,10.2,10.3,10.0,10.2,0.00,154,72.219999999999999,76.42
2000/01/20,944521,9434157,10.3,10.3,9.8,10.0,-0.20,169,43.75,65.53
2000/01/21,568340,5624478,10.0,10.0,9.8,10.0,0.00,97,35.710000000000001,55.59
2000/01/24,1257451,12871384,10.15,10.3,10.05,10.25,+0.25,202,90.909999999999997,67.36
2000/01/25,1509338,15650469,10.3,10.55,10.15,10.4,+0.15,288,80.0,71.58
2000/01/26,1501789,15508634,10.45,10.5,10.25,10.35,-0.05,220,73.329999999999998,72.16
2000/01/27,4618964,50193656,10.45,11.05,10.45,11.05,+0.70,555,100.0,81.44
2000/01/28,3601296,40385550,11.25,11.5,10.95,11.05,0.00,605,73.530000000000001,78.80
2000/01/29,2826501,31463754,11.15,11.4,10.7,11.05,0.00,455,73.530000000000001,77.04
2000/01/31,1145000,12524400,11.05,11.15,10.8,10.95,-0.10,198,67.650000000000006,73.91
2000/02/01,4248700,47880210,11.0,11.45,10.95,11.35,+0.40,675,91.180000000000007,79.66
2000/02/09,7315000,86758200,11.5,12.1,11.4,12.1,+0.75,871,100.0,86.44
2000/02/10,7294534,89744763,12.1,12.6,12.0,12.3,+0.20,1120,87.760000000000005,86.88
2000/02/11,5640809,67566033,12.3,12.45,11.7,11.85,-0.45,873,68.090000000000003,80.62
2000/02/14,3108072,37006372,12.0,12.05,11.7,11.75,-0.10,540,60.469999999999999,73.91
2000/02/15,2530921,29132213,11.85,11.95,11.2,11.4,-0.35,347,36.840000000000003,61.55
2000/02/16,2300655,27377814,11.85,12.0,11.5,11.95,+0.55,323,65.790000000000006,62.96
2000/02/17,2875938,34476022,12.0,12.15,11.75,11.95,0.00,548,63.890000000000001,63.27
2000/02/18,3535130,42932360,12.1,12.25,12.0,12.15,+0.20,641,72.730000000000004,66.42
2000/02/19,7372608,94444971,12.25,13.0,12.25,13.0,+0.85,950,100.0,77.61
2000/02/21,10568000,144106350,13.8,13.9,13.0,13.15,+0.15,1672,72.219999999999999,75.81
2000/02/22,3729110,46243344,12.95,12.95,12.25,12.5,-0.65,630,48.149999999999999,66.59
2000/02/23,2667077,31996692,12.5,12.5,11.7,11.8,-0.70,450,22.219999999999999,51.80
2000/02/24,2425092,27413052,11.8,11.8,11.0,11.0,-0.80,359,0.0,34.53
2000/02/25,1508380,16031979,10.9,10.95,10.4,10.4,-0.60,250,0.0,23.02
2000/02/29,1669293,17364086,10.4,10.6,10.05,10.6,+0.20,261,14.289999999999999,20.11
2000/03/01,1696165,18549738,10.6,11.1,10.6,11.1,+0.50,293,27.27,22.50
2000/03/02,885971,9692368,11.2,11.2,10.75,10.85,-0.25,168,20.780000000000001,21.93
2000/03/03,591057,6452229,10.9,11.05,10.75,10.95,+0.10,162,23.379999999999999,22.41
2000/03/04,880318,9530351,10.95,11.05,10.6,10.7,-0.25,149,22.41,22.41
2000/03/06,601000,6374000,10.75,10.85,10.45,10.55,-0.15,103,20.41,21.74
2000/03/07,523753,5565334,10.55,10.8,10.55,10.7,+0.15,152,37.140000000000001,26.87
2000/03/08,1281900,13956924,10.7,11.1,10.65,10.75,+0.05,216,60.869999999999997,38.20
2000/03/09,917301,9817580,10.85,10.9,10.5,10.75,0.00,183,60.869999999999997,45.76
2000/03/10,905185,9492966,10.75,10.8,10.3,10.5,-0.25,117,22.219999999999999,37.92
2000/03/13,348001,3532710,10.4,10.4,9.8,9.8,-0.70,52,0.0,25.28
2000/03/14,674001,6297909,9.3,9.5,9.25,9.35,-0.45,102,5.4100000000000001,18.65
2000/03/15,795485,7172709,8.75,9.35,8.75,9.15,-0.20,103,17.02,18.10
2000/03/16,471450,4190840,8.95,9.25,8.7,9.25,+0.10,99,22.920000000000002,19.71
2000/03/17,574578,5291666,9.3,9.35,9.0,9.3,+0.05,110,25.0,21.47
2000/03/20,4000,36000,9.0,9.0,9.0,9.0,-0.30,3,12.5,18.48
2000/03/21,886276,8185166,8.7,9.6,8.7,9.6,+0.60,206,40.909999999999997,25.96
2000/03/22,735693,6939668,9.6,9.7,9.3,9.6,0.00,165,42.859999999999999,31.60
2000/03/23,2128000,21188150,9.6,10.25,9.55,10.25,+0.65,235,91.180000000000007,51.46
2000/03/24,1096195,11257109,10.25,10.45,10.1,10.4,+0.15,249,97.140000000000001,66.69
2000/03/27,914100,9365034,10.2,10.4,10.1,10.3,-0.10,115,91.430000000000007,74.94
2000/03/28,948701,9876278,10.25,10.6,10.2,10.35,+0.05,177,86.840000000000003,78.91
2000/03/29,914923,9491895,10.25,10.5,10.2,10.35,0.00,172,86.840000000000003,81.56
2000/03/30,892828,9289807,10.4,10.6,10.2,10.5,+0.15,151,94.739999999999995,85.95
2000/03/31,827857,8639635,10.6,10.65,10.2,10.55,+0.05,170,94.870000000000005,88.92
2000/04/01,710100,7415748,10.6,10.65,10.25,10.6,+0.05,95,96.299999999999997,91.38
2000/04/05,379000,3938950,10.6,10.6,10.3,10.35,-0.25,70,72.730000000000004,85.16
2000/04/06,1059152,11132390,10.45,10.6,10.35,10.35,0.00,226,45.450000000000003,71.92
2000/04/07,507635,5223263,10.45,10.45,10.2,10.25,-0.10,108,27.27,57.04
2000/04/08,492903,4958099,10.25,10.35,9.9,10.0,-0.25,74,13.33,42.47
2000/04/10,711000,7102000,10.0,10.1,9.85,10.0,0.00,131,18.75,34.56
2000/04/11,970102,9763513,10.1,10.15,9.95,10.05,+0.05,134,25.0,31.37
2000/04/12,561000,5616589,10.05,10.1,9.9,9.95,-0.10,105,12.5,25.08
2000/04/13,293046,2910703,9.95,10.0,9.85,9.95,0.00,72,12.5,20.89
2000/04/14,394799,3895107,9.95,10.0,9.7,9.8,-0.15,74,11.109999999999999,17.63
2000/04/15,512300,4825774,9.75,9.75,9.15,9.15,-0.65,75,0.0,11.75
2000/04/17,838000,7528750,9.15,9.3,8.8,8.9,-0.25,141,6.0599999999999996,9.85
2000/04/18,1651678,15038337,9.0,9.4,8.95,9.15,+0.25,259,22.579999999999998,14.10
2000/04/19,1279410,11520880,9.15,9.15,8.85,9.0,-0.15,182,14.81,14.34
2000/04/20,546784,4838463,8.95,9.0,8.75,9.0,0.00,109,17.859999999999999,15.51
2000/04/21,391701,3484972,9.0,9.05,8.8,8.85,-0.15,81,7.4100000000000001,12.81
2000/04/24,404616,3538509,8.95,8.95,8.7,8.85,0.00,84,11.539999999999999,12.39
2000/04/25,287055,2517628,8.8,8.95,8.7,8.8,-0.05,75,7.6900000000000004,10.82
2000/04/26,677050,5824237,8.8,8.8,8.2,8.55,-0.25,104,22.579999999999998,14.74
2000/04/27,325201,2723157,8.5,8.5,8.25,8.4,-0.15,75,16.670000000000002,15.39
2000/04/28,848738,7045861,8.25,8.6,8.0,8.55,+0.15,138,39.289999999999999,23.36
2000/04/29,587082,5012247,8.55,8.7,8.45,8.55,0.00,121,47.829999999999998,31.51
2000/05/02,402000,3348700,8.35,8.55,8.15,8.5,-0.05,99,47.619999999999997,36.88
2000/05/03,471501,3883732,8.4,8.4,8.05,8.4,-0.10,98,38.100000000000001,37.29
2000/05/04,247604,2096641,8.5,8.7,8.25,8.5,+0.10,53,52.630000000000003,42.40
2000/05/05,467016,4003182,8.45,8.7,8.45,8.6,+0.10,78,63.159999999999997,49.32
2000/05/06,321031,2751360,8.7,8.7,8.45,8.65,+0.05,87,81.25,59.96
2000/05/08,347000,2942400,8.6,8.6,8.35,8.5,-0.15,43,71.430000000000007,63.78
2000/05/09,209526,1760389,8.4,8.6,8.3,8.5,0.00,47,71.430000000000007,66.33
2000/05/10,260035,2209990,8.5,8.65,8.4,8.45,-0.05,55,61.539999999999999,64.73
2000/05/11,303018,2552746,8.35,8.5,8.35,8.45,0.00,54,61.539999999999999,63.66
2000/05/12,559245,4775202,8.35,8.65,8.35,8.6,+0.15,123,84.620000000000005,70.65
2000/05/15,315082,2693141,8.65,8.65,8.4,8.65,+0.05,94,88.890000000000001,76.73
2000/05/16,185008,1568865,8.5,8.65,8.4,8.65,0.00,42,87.5,80.32
2000/05/17,478198,4180449,8.6,8.85,8.6,8.85,+0.20,100,100.0,86.88
2000/05/18,203918,1779371,8.8,8.8,8.6,8.8,-0.05,86,90.909999999999997,88.22
2000/05/19,374002,3309516,8.7,8.9,8.7,8.85,+0.05,100,91.670000000000002,89.37
2000/05/20,185011,1627146,8.9,8.9,8.65,8.8,-0.05,46,81.819999999999993,86.85
2000/05/22,288000,2520450,8.75,8.85,8.7,8.8,0.00,52,81.819999999999993,85.17
2000/05/23,779000,6941000,8.8,9.05,8.75,9.0,+0.20,126,92.859999999999999,87.73
2000/05/24,279000,2451750,8.8,8.9,8.7,8.85,-0.15,52,69.230000000000004,81.57
2000/05/25,553468,4809465,8.85,8.9,8.65,8.9,+0.05,87,76.920000000000002,80.02
2000/05/26,225000,1989800,8.85,8.9,8.7,8.9,0.00,44,66.670000000000002,75.57
2000/05/29,336378,3001694,8.9,9.0,8.85,9.0,+0.10,81,88.890000000000001,80.01
2000/05/30,489771,4434147,9.05,9.15,9.0,9.05,+0.05,86,80.0,80.01
2000/05/31,148001,1324059,9.05,9.05,8.85,8.95,-0.10,41,60.0,73.34
2000/06/01,111007,978807,8.9,8.95,8.75,8.9,-0.05,32,50.0,65.56
2000/06/02,143000,1268850,8.9,9.0,8.75,8.85,-0.05,25,40.0,57.04
2000/06/03,184588,1628324,8.85,8.95,8.75,8.85,0.00,40,40.0,51.36
2000/06/05,595000,5299050,8.7,9.0,8.7,8.95,+0.10,83,60.0,54.24
2000/06/07,206800,1828268,8.9,8.9,8.75,8.9,-0.05,41,44.439999999999998,50.97
2000/06/08,472795,4167334,8.95,8.95,8.7,8.9,0.00,54,44.439999999999998,48.79
2000/06/09,662000,5799946,8.85,8.85,8.7,8.8,-0.10,58,22.219999999999999,39.94
2000/06/12,472686,4141200,8.75,8.9,8.65,8.8,0.00,51,37.5,39.13
2000/06/13,430004,3751332,8.75,8.75,8.65,8.7,-0.10,46,14.289999999999999,30.85
2000/06/14,380030,3324409,8.7,8.8,8.7,8.75,+0.05,77,28.57,30.09
2000/06/15,438378,3852836,8.7,8.9,8.7,8.8,+0.05,49,42.859999999999999,34.35
2000/06/16,791755,7015451,8.85,8.9,8.8,8.9,+0.10,106,71.430000000000007,46.71
2000/06/17,45639,401895,9.0,9.0,8.75,8.85,-0.05,34,57.140000000000001,50.19
2000/06/19,143000,1265700,8.85,8.95,8.75,8.85,0.00,36,57.140000000000001,52.51
2000/06/20,82006,719501,8.85,8.85,8.75,8.85,0.00,22,57.140000000000001,54.06
2000/06/21,285003,2540774,8.9,9.05,8.75,9.0,+0.15,58,87.5,65.21
2000/06/22,182002,1623866,9.0,9.0,8.85,8.95,-0.05,30,75.0,68.47
2000/06/23,248019,2216915,8.95,9.0,8.9,8.95,0.00,51,71.430000000000007,69.46
2000/06/26,329000,2905800,8.85,8.9,8.8,8.9,-0.05,41,57.140000000000001,65.36
2000/06/27,179011,1580146,8.95,8.95,8.75,8.9,0.00,33,50.0,60.24
2000/06/28,359001,3151358,8.9,8.9,8.55,8.9,0.00,56,70.0,63.49
2000/06/29,130001,1135958,8.85,8.85,8.6,8.75,-0.15,36,40.0,55.66
2000/06/30,146010,1279587,8.7,8.95,8.7,8.85,+0.10,40,60.0,57.11
2000/07/03,95000,834600,8.8,8.9,8.6,8.65,-0.20,32,20.0,44.74
2000/07/04,195595,1625266,8.65,8.65,8.2,8.45,-0.20,53,31.25,40.25
2000/07/05,111251,920406,8.4,8.45,8.0,8.45,0.00,36,45.0,41.83
2000/07/06,209503,1802173,8.4,8.85,8.4,8.4,-0.05,71,42.109999999999999,41.93
2000/07/07,152000,1241000,8.15,8.3,8.1,8.1,-0.30,37,10.529999999999999,31.46
2000/07/10,135000,1049600,8.0,8.0,7.55,7.55,-0.55,54,0.0,20.97
2000/07/11,464596,3549179,7.8,7.9,7.55,7.55,0.00,102,0.0,13.98
2000/07/12,349033,2602296,7.55,7.55,7.2,7.5,-0.05,56,17.140000000000001,15.03
2000/07/13,136000,1012400,7.5,7.5,7.4,7.5,0.00,30,17.649999999999999,15.90
2000/07/14,149000,1128300,7.5,7.8,7.45,7.7,+0.20,44,30.300000000000001,20.70
2000/07/15,69001,525257,7.7,7.8,7.55,7.8,+0.10,26,36.359999999999999,25.92
2000/07/17,150000,1179850,7.8,7.95,7.75,7.9,+0.10,50,42.420000000000002,31.42
2000/07/18,90003,696421,7.9,7.9,7.6,7.7,-0.20,34,45.450000000000003,36.10
2000/07/19,49500,378328,7.7,7.7,7.55,7.7,0.00,18,62.5,44.90
2000/07/20,46500,357585,7.9,7.9,7.6,7.7,0.00,33,66.670000000000002,52.15
2000/07/21,232000,1779200,7.7,8.2,7.25,7.7,0.00,47,50.0,51.44
2000/07/24,47000,358700,7.65,7.7,7.6,7.7,0.00,13,47.369999999999997,50.08
2000/07/25,78000,586550,7.65,7.7,7.4,7.65,-0.05,12,42.109999999999999,47.43
2000/07/26,66100,502059,7.6,7.7,7.5,7.6,-0.05,19,36.840000000000003,43.90
2000/07/27,127001,945407,7.6,7.6,7.3,7.5,-0.10,28,26.32,38.04
2000/07/28,172500,1297478,7.45,7.6,7.4,7.55,+0.05,39,31.579999999999998,35.89
2000/07/29,175000,1324500,7.45,7.75,7.45,7.65,+0.10,51,42.109999999999999,37.97
2000/07/31,363000,2921500,7.9,8.15,7.85,8.0,+0.35,91,78.950000000000003,51.63
2000/08/01,207001,1661807,7.9,8.25,7.8,7.9,-0.10,63,65.0,56.09
2000/08/02,575000,4678700,8.0,8.3,8.0,8.25,+0.35,151,95.0,69.06
2000/08/03,209573,1668898,8.2,8.2,7.8,7.9,-0.35,57,60.0,66.04
2000/08/04,105000,823350,8.1,8.1,7.7,7.9,0.00,38,60.0,64.03
2000/08/05,126427,1009306,8.0,8.05,7.85,7.95,+0.05,40,65.0,64.36
2000/08/07,151000,1176450,7.95,8.05,7.5,7.8,-0.15,36,44.439999999999998,57.72
2000/08/08,51000,391750,7.7,7.8,7.6,7.6,-0.20,25,17.649999999999999,44.36
2000/08/09,92801,701466,7.75,7.75,7.5,7.7,+0.10,100,25.0,37.90
2000/08/10,96585,727881,7.7,7.7,7.4,7.65,-0.05,34,27.780000000000001,34.53
2000/08/11,132000,982450,7.55,7.55,7.35,7.5,-0.15,39,15.789999999999999,28.28
2000/08/14,154001,1155407,7.6,7.6,7.35,7.55,+0.05,39,23.530000000000001,26.69
2000/08/15,191001,1406757,7.5,7.6,7.3,7.55,0.00,45,31.25,28.21
2000/08/16,256021,1890107,7.5,7.55,7.25,7.55,0.00,63,37.5,31.31
2000/08/17,123057,918027,7.55,7.55,7.35,7.5,-0.05,44,31.25,31.29
2000/08/18,246009,1818017,7.4,7.45,7.3,7.45,-0.05,59,36.359999999999999,32.98
2000/08/19,297250,2186651,7.45,7.45,7.25,7.25,-0.20,58,0.0,21.99
2000/08/21,320000,2295550,7.25,7.25,7.1,7.15,-0.10,57,8.3300000000000001,17.44
2000/08/22,279000,1967200,7.15,7.15,6.85,7.05,-0.10,54,26.670000000000002,20.52
2000/08/24,253000,1754600,7.05,7.05,6.85,6.9,-0.15,39,6.6699999999999999,15.90
2000/08/25,348020,2346387,6.8,6.85,6.65,6.65,-0.25,54,0.0,10.60
2000/08/28,203858,1347969,6.65,6.75,6.5,6.65,0.00,44,14.289999999999999,11.83
2000/08/29,297862,1914246,6.5,6.7,6.2,6.4,-0.25,57,14.81,12.83
2000/08/30,613193,3804586,6.4,6.4,6.1,6.25,-0.15,102,11.109999999999999,12.25
2000/08/31,1148101,7210476,6.15,6.45,6.15,6.35,+0.10,110,18.52,14.34
2000/09/01,523671,3272782,6.3,6.4,6.1,6.2,-0.15,75,8.6999999999999993,12.46
2000/09/02,523000,3267150,6.15,6.45,6.15,6.25,+0.05,76,14.289999999999999,13.07
2000/09/04,675000,4277400,6.25,6.45,6.2,6.35,+0.10,113,26.32,17.48
2000/09/05,867002,5601612,6.75,6.75,6.15,6.3,-0.05,144,26.670000000000002,20.54
2000/09/06,417485,2579286,6.2,6.3,6.1,6.1,-0.20,66,0.0,13.69
2000/09/07,480010,2898410,6.1,6.1,5.7,6.05,-0.05,71,33.329999999999998,20.24
2000/09/08,442050,2659350,6.05,6.05,6.0,6.05,0.00,43,33.329999999999998,24.60
2000/09/11,605000,3646850,6.0,6.05,6.0,6.05,0.00,64,33.329999999999998,27.51
2000/09/13,845501,5075961,6.0,6.05,5.95,6.0,-0.05,71,28.57,27.86
2000/09/14,531021,3175324,6.0,6.0,5.95,6.0,0.00,44,28.57,28.09
2000/09/15,436000,2603100,5.95,6.0,5.95,6.0,0.00,48,28.57,28.25
2000/09/16,1215501,7238038,5.95,6.0,5.95,6.0,0.00,97,28.57,28.35
2000/09/18,1462000,8577000,5.95,5.95,5.7,5.9,-0.10,108,33.329999999999998,30.01
2000/09/19,1406152,7984591,5.85,5.85,5.6,5.65,-0.25,94,10.0,23.34
2000/09/20,449002,2529060,5.6,5.65,5.6,5.65,0.00,42,11.109999999999999,19.26
2000/09/21,1100000,6350250,5.65,6.0,5.6,5.95,+0.30,117,77.780000000000001,38.77
2000/09/22,1047356,6224874,5.9,6.1,5.8,5.85,-0.10,108,50.0,42.52
2000/09/25,315000,1843650,5.95,5.95,5.75,5.95,+0.10,49,70.0,51.68
2000/09/26,311143,1833215,6.0,6.0,5.8,5.9,-0.05,52,60.0,54.45
2000/09/27,327001,1923855,5.85,5.95,5.85,5.9,0.00,34,60.0,56.30
2000/09/28,291763,1716978,5.9,5.95,5.8,5.9,0.00,47,60.0,57.53
2000/09/29,312780,1833026,5.85,5.95,5.75,5.95,+0.05,48,70.0,61.68
2000/09/30,310800,1810034,5.85,5.9,5.75,5.85,-0.10,57,50.0,57.79
2000/10/02,148000,851950,5.85,5.85,5.65,5.65,-0.20,36,10.0,41.86
2000/10/03,224881,1254147,5.7,5.7,5.45,5.65,0.00,63,30.77,38.17
2000/10/04,4906,27087,5.5,5.5,5.5,5.5,-0.15,11,9.0899999999999999,28.48
2000/10/05,854000,4738750,5.35,5.85,5.35,5.85,+0.35,87,76.920000000000002,44.63
2000/10/06,834105,5037761,5.7,6.25,5.7,6.25,+0.40,103,100.0,63.08
2000/10/07,186146,1159155,6.25,6.3,6.05,6.25,0.00,58,94.739999999999995,73.63
2000/10/09,96000,604700,6.15,6.45,6.1,6.35,+0.10,34,90.909999999999997,79.39
2000/10/11,229232,1424822,6.2,6.3,6.15,6.3,-0.05,55,86.359999999999999,81.72
2000/10/12,275220,1720375,6.1,6.3,6.1,6.2,-0.10,68,77.269999999999996,80.24
2000/10/13,616750,3777419,5.8,6.6,5.8,6.6,+0.40,119,100.0,86.82
2000/10/16,484143,3269746,7.05,7.05,6.3,6.6,0.00,89,73.530000000000001,82.39
2000/10/17,395001,2667556,6.45,6.9,6.45,6.8,+0.20,82,85.290000000000006,83.36
2000/10/18,243156,1635512,6.6,6.8,6.5,6.7,-0.10,60,74.069999999999993,80.26
2000/10/19,439300,2832598,6.45,6.65,6.25,6.5,-0.20,112,56.0,72.18
2000/10/20,325400,2223483,6.35,6.95,6.35,6.95,+0.45,77,92.0,78.79
2000/10/21,441985,3105603,7.2,7.2,6.95,7.0,+0.05,80,85.709999999999994,81.10
2000/10/23,417000,2897750,7.0,7.0,6.85,6.9,-0.10,96,78.569999999999993,80.26
2000/10/24,336001,2320656,6.8,7.1,6.75,6.8,-0.10,81,71.430000000000007,77.32
2000/10/25,381520,2569665,6.7,6.85,6.6,6.75,-0.05,76,52.630000000000003,69.09
2000/10/26,502295,3304244,6.6,6.75,6.55,6.55,-0.20,73,31.579999999999998,56.59
2000/10/27,271000,1740350,6.4,6.7,6.35,6.7,+0.15,55,47.369999999999997,53.52
2000/10/30,1001,6506,6.5,6.5,6.5,6.5,-0.20,2,26.32,44.45
2000/10/31,55000,346500,6.3,6.3,6.3,6.3,-0.20,10,0.0,29.63
2000/11/01,377793,2316462,6.1,6.2,6.1,6.15,-0.15,39,4.5499999999999998,21.27
2000/11/02,179000,1090100,5.95,6.2,5.95,6.1,-0.05,39,13.039999999999999,18.53
2000/11/03,216000,1311150,5.95,6.15,5.9,6.05,-0.05,43,12.5,16.52
2000/11/04,156000,933600,6.0,6.1,5.9,6.1,+0.05,35,21.050000000000001,18.03
2000/11/06,195000,1177800,5.95,6.15,5.9,6.15,+0.05,39,29.41,21.82
2000/11/07,147700,907076,6.0,6.2,6.0,6.2,+0.05,40,37.5,27.05
2000/11/08,233000,1460100,6.1,6.45,6.05,6.45,+0.25,42,91.670000000000002,48.59
2000/11/09,233004,1476524,6.3,6.45,6.15,6.35,-0.10,42,81.819999999999993,59.66
2000/11/10,206587,1325702,6.15,6.6,6.15,6.6,+0.25,50,100.0,73.10
2000/11/13,53396,348054,6.6,6.6,6.4,6.6,0.00,27,100.0,82.06
2000/11/14,105588,678907,6.15,6.55,6.15,6.5,-0.10,30,85.709999999999994,83.28
2000/11/15,223006,1459236,6.5,6.7,6.45,6.5,0.00,50,75.0,80.52
2000/11/16,233000,1483800,6.3,6.45,6.2,6.25,-0.25,53,43.75,68.26
2000/11/17,272000,1614200,6.15,6.15,5.85,6.1,-0.15,45,29.41,55.31
2000/11/18,539714,3114326,5.7,5.9,5.7,5.75,-0.35,51,5.0,38.54
2000/11/20,37000,197950,5.35,5.35,5.35,5.35,-0.40,8,0.0,25.69
2000/11/21,116000,603900,5.2,5.25,5.2,5.25,-0.10,24,3.3300000000000001,18.24
2000/11/22,676251,3486310,5.1,5.25,5.1,5.25,0.00,76,9.3800000000000008,15.29
2000/11/23,1479708,7593913,5.15,5.25,5.1,5.2,-0.05,78,6.25,12.27
2000/11/24,1345022,6947013,5.05,5.25,5.05,5.05,-0.15,103,0.0,8.18
2000/11/27,405950,1992058,4.88,5.2,4.88,5.2,+0.15,66,20.379999999999999,12.24
2000/11/28,280425,1451215,5.05,5.45,5.05,5.45,+0.25,62,44.880000000000003,23.12
2000/11/29,341000,1880250,5.45,5.7,5.45,5.65,+0.20,68,75.489999999999995,40.57
2000/11/30,654000,3641650,5.6,5.7,5.55,5.65,0.00,83,93.900000000000006,58.35
2000/12/01,352784,1964555,5.65,5.7,5.55,5.55,-0.10,44,81.709999999999994,66.14
2000/12/02,74000,416300,5.6,5.7,5.55,5.6,+0.05,30,87.799999999999997,73.36
2000/12/04,59000,330050,5.65,5.65,5.55,5.65,+0.05,23,93.900000000000006,80.21
2000/12/05,130400,735998,5.65,5.7,5.55,5.7,+0.05,41,100.0,86.80
2000/12/06,253000,1444800,5.7,5.8,5.65,5.7,0.00,40,89.129999999999995,87.58
2000/12/07,254000,1439700,5.7,5.7,5.6,5.7,0.00,36,86.670000000000002,87.28
2000/12/08,371000,2090100,5.65,5.7,5.6,5.7,0.00,45,71.430000000000007,82.00
2000/12/11,492064,2771112,5.65,5.7,5.55,5.7,0.00,59,60.0,74.67
2000/12/12,576171,3271368,5.65,5.75,5.6,5.75,+0.05,73,80.0,76.45
2000/12/13,357001,2054905,5.8,5.8,5.7,5.8,+0.05,40,100.0,84.30
2000/12/14,508627,2950967,5.8,5.85,5.75,5.85,+0.05,54,100.0,89.53
2000/12/15,93000,540600,5.85,5.9,5.75,5.8,-0.05,31,71.430000000000007,83.50
2000/12/16,138000,793050,5.8,5.85,5.65,5.8,0.00,43,71.430000000000007,79.48
2000/12/18,154000,887050,5.8,5.85,5.7,5.85,+0.05,41,85.709999999999994,81.56
2000/12/19,105024,609789,5.85,5.85,5.75,5.8,-0.05,29,71.430000000000007,78.18
2000/12/20,104010,598257,5.75,5.8,5.7,5.8,0.00,27,71.430000000000007,75.93
2000/12/21,124002,714460,5.8,5.85,5.7,5.85,+0.05,33,83.329999999999998,78.40
2000/12/22,213365,1235824,5.8,5.9,5.75,5.9,+0.05,33,100.0,85.60
2000/12/26,73000,436050,5.9,6.1,5.85,6.1,+0.20,19,100.0,90.40
2000/12/27,254000,1532800,6.1,6.15,5.95,6.15,+0.05,46,100.0,93.60
2000/12/28,207000,1266950,6.1,6.15,6.05,6.15,0.00,29,100.0,95.73
2000/12/29,217535,1362768,6.2,6.4,6.15,6.4,+0.25,56,100.0,97.15
2000/12/30,214000,1394500,6.5,6.7,6.35,6.7,+0.30,44,100.0,98.10
2001/01/02,96000,626350,6.7,6.7,6.4,6.7,0.00,27,100.0,98.73
2001/01/03,48793,320780,6.65,6.65,6.45,6.6,-0.10,22,90.0,95.82
2001/01/04,457001,3031306,6.6,7.05,6.5,7.05,+0.45,94,100.0,97.21
2001/01/05,509256,3552053,7.0,7.1,6.8,6.9,-0.15,78,84.0,92.81
2001/01/08,381400,2631394,6.8,7.0,6.75,6.85,-0.05,65,78.260000000000005,87.96
2001/01/09,225014,1551950,6.9,6.95,6.8,6.95,+0.10,54,85.709999999999994,87.21
2001/01/10,310500,2146004,6.95,7.0,6.8,7.0,+0.05,58,89.469999999999999,87.96
2001/01/11,425000,3078400,7.1,7.4,7.0,7.4,+0.40,95,100.0,91.97
2001/01/12,367870,2734502,7.5,7.6,7.2,7.3,-0.10,76,75.0,86.31
2001/01/15,163213,1160096,7.1,7.3,7.0,7.1,-0.20,26,56.520000000000003,76.38
2001/01/16,541250,3978865,7.4,7.4,7.15,7.4,+0.30,84,81.819999999999993,78.19
2001/01/17,182500,1313030,7.3,7.3,7.05,7.1,-0.30,35,41.18,65.86
2001/01/18,275000,1905050,7.1,7.1,6.85,7.05,-0.05,65,35.289999999999999,55.67
2001/01/29,235000,1666250,7.05,7.2,6.95,7.15,+0.10,50,43.75,51.69
2001/01/30,100003,710521,7.15,7.2,7.0,7.1,-0.05,24,37.5,46.96
2001/01/31,168400,1200273,7.2,7.2,7.0,7.2,+0.10,39,46.670000000000002,46.87
2001/02/01,340030,2450572,7.2,7.3,7.15,7.25,+0.05,39,53.329999999999998,49.03
2001/02/02,499501,3743069,7.35,7.75,7.2,7.75,+0.50,94,100.0,66.02
2001/02/05,313793,2479870,7.8,8.1,7.75,8.0,+0.25,91,92.0,74.68
2001/02/06,306054,2399938,8.0,8.0,7.7,7.7,-0.30,67,68.0,72.46
2001/02/07,344007,2563399,7.7,7.7,7.2,7.35,-0.35,52,40.0,61.64
2001/02/08,341001,2510957,7.35,7.4,7.15,7.4,+0.05,24,39.130000000000003,54.13
2001/02/09,418000,3131250,7.4,7.65,7.4,7.45,+0.05,53,40.909999999999997,49.73
2001/02/12,350756,2672551,7.4,7.95,7.4,7.95,+0.50,84,86.359999999999999,61.94
2001/02/13,494001,4068157,8.5,8.5,7.75,7.95,0.00,98,59.259999999999998,61.04
2001/02/14,338779,2607214,8.05,8.05,7.5,7.5,-0.45,87,25.93,49.33
2001/02/15,430005,3382685,7.65,8.0,7.6,8.0,+0.50,103,62.960000000000001,53.88
2001/02/16,514850,4067264,8.1,8.2,7.7,8.0,0.00,98,62.960000000000001,56.91
2001/02/19,892666,7384907,7.95,8.55,7.85,8.2,+0.20,205,75.0,62.94
2001/02/20,1347764,11488225,8.3,8.7,8.2,8.6,+0.40,326,93.549999999999997,73.14
2001/02/21,985218,8005112,8.5,8.6,8.0,8.0,-0.60,193,46.149999999999999,64.14
2001/02/22,331089,2490715,7.85,7.85,7.45,7.45,-0.55,58,3.8500000000000001,44.04
2001/02/23,2076300,15342272,7.05,7.85,7.05,7.55,+0.10,177,30.300000000000001,39.46
2001/02/26,1535939,11523600,7.55,7.65,7.15,7.15,-0.40,140,6.0599999999999996,28.33
2001/02/27,1417853,10251310,7.25,7.35,7.05,7.2,+0.05,115,9.0899999999999999,21.92
2001/03/01,1757128,12845824,7.0,7.5,7.0,7.25,+0.05,151,14.710000000000001,19.51
2001/03/02,3024049,21928853,7.25,7.4,7.05,7.15,-0.10,197,8.8200000000000003,15.95
2001/03/05,1256006,9168492,7.25,7.4,7.15,7.4,+0.25,85,23.530000000000001,18.47
2001/03/06,260156,1921748,7.4,7.6,7.2,7.3,-0.10,74,18.75,18.56
2001/03/07,159301,1139435,7.35,7.45,7.1,7.1,-0.20,45,11.76,16.29
2001/03/08,167901,1211308,7.15,7.35,7.1,7.1,0.00,57,11.76,14.78
2001/03/09,749000,5654000,7.55,7.55,7.4,7.55,+0.45,135,84.620000000000005,38.06
2001/03/12,1119315,8682507,7.55,7.95,7.55,7.7,+0.15,306,73.680000000000007,49.93
2001/03/13,557002,4083114,7.5,7.5,7.2,7.2,-0.50,143,21.050000000000001,40.31
2001/03/14,445937,3167704,7.05,7.4,7.0,7.0,-0.20,157,0.0,26.87
2001/03/15,233661,1577000,7.0,7.0,6.6,6.65,-0.35,77,3.7000000000000002,19.14
2001/03/16,197366,1348926,6.65,7.0,6.65,7.0,+0.35,80,29.629999999999999,22.64
2001/03/19,66460,449058,6.9,6.9,6.7,6.85,-0.15,37,18.52,21.26
2001/03/20,39701,266872,6.8,6.9,6.6,6.8,-0.05,25,14.81,19.11
2001/03/21,597005,3978382,6.7,6.85,6.55,6.7,-0.10,57,10.710000000000001,16.31
2001/03/22,156001,1033656,6.6,6.75,6.5,6.7,0.00,61,13.789999999999999,15.47
2001/03/23,141900,942194,6.7,6.75,6.55,6.6,-0.10,51,10.0,13.64
2001/03/26,144700,955141,6.65,6.7,6.5,6.6,0.00,58,11.109999999999999,12.79
2001/03/27,405439,2595546,6.6,6.65,6.2,6.2,-0.40,94,0.0,8.53
2001/03/28,125101,788622,6.45,6.45,6.2,6.45,+0.25,52,31.25,16.11
2001/03/29,71251,449558,6.25,6.4,6.2,6.35,-0.10,31,21.43,17.88
2001/03/30,72001,448706,6.25,6.35,6.15,6.25,-0.10,35,13.33,16.36
2001/04/02,62000,373750,6.3,6.3,5.85,5.85,-0.40,26,0.0,10.91
2001/04/03,194651,1073437,5.65,5.7,5.45,5.6,-0.25,65,11.539999999999999,11.12
2001/04/04,177000,974900,5.65,5.75,5.25,5.75,+0.15,63,33.329999999999998,18.52
2001/04/06,77785,459738,5.8,6.1,5.8,6.0,+0.25,34,51.719999999999999,29.59
2001/04/09,40500,235584,6.0,6.0,5.7,5.85,-0.15,19,42.859999999999999,34.02
2001/04/10,39028,228328,5.9,5.9,5.8,5.85,0.00,27,50.0,39.35
2001/04/11,123559,698968,6.0,6.0,5.45,6.0,+0.15,49,65.219999999999999,47.97
2001/04/12,33001,195905,5.9,6.0,5.9,6.0,0.00,21,68.180000000000007,54.71
2001/04/13,343170,2169314,6.0,6.4,6.0,6.4,+0.40,91,100.0,69.80
2001/04/16,110096,680060,6.4,6.4,6.0,6.0,-0.40,34,65.219999999999999,68.27
2001/04/17,66403,394368,5.9,6.1,5.9,6.1,+0.10,32,73.909999999999997,70.15
2001/04/18,59008,356748,6.0,6.2,5.9,6.1,0.00,24,68.420000000000002,69.58
2001/04/19,136098,835147,6.2,6.2,6.0,6.1,0.00,30,68.420000000000002,69.20
2001/04/20,47006,281136,6.1,6.1,5.9,6.1,0.00,19,68.420000000000002,68.94
2001/04/23,83509,503281,6.05,6.1,5.8,6.1,0.00,31,68.420000000000002,68.77
2001/04/24,54063,325931,6.0,6.15,5.95,6.0,-0.10,26,33.329999999999998,56.96
2001/04/25,46437,272406,6.1,6.1,5.8,6.1,+0.10,19,50.0,54.64
2001/04/26,14009,85054,6.05,6.1,5.9,6.1,0.00,19,50.0,53.10
2001/04/27,61619,366096,6.1,6.1,5.85,6.1,0.00,48,75.0,60.40
2001/04/30,56158,328854,6.0,6.0,5.8,6.0,-0.10,47,50.0,56.94
2001/05/02,90002,515860,5.8,6.0,5.6,5.8,-0.20,23,33.329999999999998,49.07
2001/05/03,56028,329907,5.8,6.1,5.7,6.1,+0.30,28,90.909999999999997,63.01
2001/05/04,237000,1406150,6.1,6.1,5.7,5.85,-0.25,32,45.450000000000003,57.16
2001/05/07,218096,1283824,5.85,5.95,5.7,5.85,0.00,27,45.450000000000003,53.26
2001/05/08,154010,872758,5.8,5.8,5.45,5.8,-0.05,24,53.850000000000001,53.46
2001/05/09,182001,1036155,5.8,5.9,5.5,5.8,0.00,34,53.850000000000001,53.59
2001/05/10,57000,320700,5.8,5.8,5.6,5.6,-0.20,8,23.079999999999998,43.42
2001/05/11,213001,1189255,5.75,5.9,5.4,5.9,+0.30,37,71.430000000000007,52.76
2001/05/14,38044,220656,5.85,5.85,5.7,5.8,-0.10,21,57.140000000000001,54.22
2001/05/15,37001,210605,5.8,5.8,5.6,5.8,0.00,13,57.140000000000001,55.20
2001/05/16,20900,119688,5.8,5.8,5.6,5.8,0.00,19,57.140000000000001,55.85
2001/05/17,37011,209362,5.8,5.8,5.6,5.8,0.00,17,72.730000000000004,61.47
2001/05/18,19101,108981,5.75,5.75,5.7,5.75,-0.05,16,70.0,64.31
2001/05/21,57171,325127,5.85,5.85,5.6,5.65,-0.10,27,50.0,59.54
2001/05/22,123000,675450,5.65,5.65,5.4,5.6,-0.05,24,40.0,53.02
2001/05/23,83001,468455,5.5,5.8,5.5,5.8,+0.20,32,80.0,62.02
2001/05/24,2000,11500,5.75,5.75,5.75,5.75,-0.05,1,77.780000000000001,67.28
2001/05/25,53010,302007,5.75,5.8,5.65,5.7,-0.05,22,66.670000000000002,67.07
2001/05/28,26001,145773,5.5,5.7,5.5,5.7,0.00,21,66.670000000000002,66.93
2001/05/29,52000,292500,5.65,5.7,5.55,5.7,0.00,19,66.670000000000002,66.84
2001/05/30,55001,304955,5.7,5.7,5.5,5.5,-0.20,16,22.219999999999999,51.97
2001/05/31,61650,337683,5.5,5.6,5.45,5.5,0.00,39,22.219999999999999,42.06
2001/06/01,49050,269373,5.6,5.6,5.4,5.5,0.00,18,25.0,36.37
2001/06/04,33551,183462,5.5,5.5,5.45,5.5,0.00,16,25.0,32.58
2001/06/05,85110,474900,5.6,5.8,5.25,5.65,+0.15,28,72.730000000000004,45.96
2001/06/06,34950,198137,5.65,5.8,5.65,5.65,0.00,23,72.730000000000004,54.88
2001/06/07,35411,199558,5.7,5.7,5.55,5.65,0.00,18,72.730000000000004,60.83
2001/06/08,76002,423810,5.65,5.65,5.5,5.6,-0.05,28,63.640000000000001,61.76
2001/06/11,59000,330750,5.6,5.7,5.25,5.25,-0.35,18,0.0,41.17
2001/06/12,64000,352150,5.5,5.55,5.5,5.55,+0.30,16,54.549999999999997,45.63
2001/06/13,54475,310672,5.7,5.8,5.7,5.8,+0.25,21,100.0,63.75
2001/06/14,21016,119890,5.7,5.75,5.7,5.75,-0.05,13,90.909999999999997,72.80
2001/06/15,20002,114960,5.7,5.8,5.7,5.8,+0.05,12,100.0,81.86
2001/06/18,13213,76078,5.8,5.8,5.75,5.8,0.00,7,100.0,87.90
2001/06/19,73001,419855,5.75,5.8,5.75,5.8,0.00,11,100.0,91.93
2001/06/20,7001,40305,5.8,5.8,5.75,5.75,-0.05,5,90.909999999999997,91.59
2001/06/21,40012,230368,5.8,5.8,5.75,5.8,+0.05,10,100.0,94.39
2001/06/22,65901,381547,5.8,5.8,5.75,5.8,0.00,11,100.0,96.26
2001/06/26,41019,235275,5.8,5.8,5.7,5.8,0.00,20,100.0,97.50
2001/06/27,55530,322105,5.8,5.85,5.8,5.8,0.00,25,66.670000000000002,87.22
2001/06/28,144001,829105,5.8,5.8,5.75,5.8,0.00,27,66.670000000000002,80.37
2001/06/29,38952,224990,5.8,5.8,5.75,5.75,-0.05,11,33.329999999999998,64.69
2001/07/02,18001,103723,5.8,5.8,5.75,5.8,+0.05,14,66.670000000000002,65.35
2001/07/03,90209,518904,5.8,5.8,5.75,5.8,0.00,17,66.670000000000002,65.79
2001/07/04,113003,648165,5.75,5.75,5.7,5.7,-0.10,25,0.0,43.86
2001/07/05,189003,1056515,5.7,5.7,5.5,5.65,-0.05,29,42.859999999999999,43.53
2001/07/06,57213,320597,5.65,5.7,5.55,5.7,+0.05,18,57.140000000000001,48.07
2001/07/09,37528,210592,5.7,5.7,5.6,5.7,0.00,14,57.140000000000001,51.10
2001/07/10,18811,104345,5.6,5.6,5.5,5.6,-0.10,18,33.329999999999998,45.18
2001/07/11,13362,72814,5.5,5.5,5.4,5.4,-0.20,10,0.0,30.12
2001/07/12,115150,630205,5.05,5.7,5.05,5.65,+0.25,34,80.0,46.75
2001/07/13,79010,446606,5.65,5.7,5.5,5.65,0.00,20,80.0,57.84
2001/07/16,18000,98000,5.65,5.65,5.4,5.55,-0.10,10,71.430000000000007,62.37
2001/07/17,98000,520800,5.4,5.55,5.2,5.55,0.00,24,76.920000000000002,67.22
2001/07/18,24801,131870,5.25,5.5,5.25,5.5,-0.05,15,69.230000000000004,67.89
2001/07/19,94000,491400,5.5,5.5,5.15,5.35,-0.15,21,46.149999999999999,60.64
2001/07/20,77600,416691,5.4,5.4,5.3,5.4,+0.05,26,53.850000000000001,58.38
2001/07/23,35000,183600,5.2,5.3,5.2,5.3,-0.10,11,38.460000000000001,51.74
2001/07/24,82026,425150,5.35,5.45,5.0,5.25,-0.05,38,35.710000000000001,46.39
2001/07/25,118600,607170,5.3,5.5,4.89,5.5,+0.25,40,75.310000000000002,56.03
2001/07/26,64911,353930,5.4,5.5,5.3,5.5,0.00,30,80.260000000000005,64.10
2001/07/27,111020,602811,5.5,5.6,5.2,5.6,+0.10,95,100.0,76.06
2001/07/31,146000,780900,5.55,5.6,5.25,5.6,0.00,30,100.0,84.04
2001/08/01,36001,192755,5.3,5.5,5.3,5.5,-0.10,11,85.920000000000002,84.67
2001/08/02,5000,26600,5.25,5.4,5.25,5.4,-0.10,4,71.829999999999998,80.39
2001/08/03,87089,452846,5.4,5.4,5.1,5.4,0.00,36,71.829999999999998,77.53
2001/08/06,95150,498524,5.25,5.4,5.1,5.3,-0.10,56,57.75,70.94
2001/08/07,57001,296505,5.25,5.25,5.2,5.2,-0.10,16,43.659999999999997,61.84
2001/08/08,78345,410918,5.3,5.4,5.1,5.1,-0.10,40,0.0,41.23
2001/08/09,51284,261344,5.1,5.2,5.0,5.1,0.00,25,16.670000000000002,33.05
2001/08/10,75000,387800,5.2,5.3,5.1,5.3,+0.20,19,50.0,38.70
2001/08/13,47712,249701,5.2,5.3,5.2,5.3,0.00,27,60.0,45.80
2001/08/14,33000,172950,5.3,5.35,5.2,5.35,+0.05,12,87.5,59.70
2001/08/15,134000,753950,5.6,5.7,5.45,5.7,+0.35,31,100.0,73.13
2001/08/16,280018,1650058,5.7,6.05,5.7,6.0,+0.30,84,95.239999999999995,80.50
2001/08/17,384143,2206439,5.7,6.0,5.6,5.7,-0.30,70,66.670000000000002,75.89
2001/08/20,199000,1098650,5.5,5.6,5.35,5.5,-0.20,34,47.619999999999997,66.46
2001/08/21,69939,372452,5.3,5.5,5.25,5.5,0.00,23,47.619999999999997,60.18
2001/08/22,118000,650550,5.5,5.55,5.25,5.5,0.00,27,42.109999999999999,54.16
2001/08/23,140320,766948,5.5,5.5,5.4,5.5,0.00,39,35.289999999999999,47.87
2001/08/24,202000,1112450,5.5,5.6,5.5,5.5,0.00,45,35.289999999999999,43.67
2001/08/27,101010,551854,5.5,5.5,5.4,5.5,0.00,20,31.25,39.53
2001/08/28,192000,1051350,5.5,5.55,5.3,5.5,0.00,36,31.25,36.77
2001/08/29,281599,1586796,5.5,5.7,5.5,5.6,+0.10,62,46.670000000000002,40.07
2001/08/30,218999,1237263,5.7,5.8,5.4,5.5,-0.10,103,45.450000000000003,41.86
2001/08/31,122782,668543,5.5,5.5,5.3,5.5,0.00,39,45.450000000000003,43.06
2001/09/03,99000,540900,5.4,5.5,5.4,5.5,0.00,29,45.450000000000003,43.86
2001/09/04,208528,1124887,5.5,5.55,5.15,5.45,-0.05,38,46.149999999999999,44.62
2001/09/05,134000,730100,5.4,5.5,5.4,5.4,-0.05,26,38.460000000000001,42.57
2001/09/06,209000,1135900,5.4,5.5,5.3,5.4,0.00,31,38.460000000000001,41.20
2001/09/07,106000,568600,5.4,5.4,5.3,5.3,-0.10,16,23.079999999999998,35.16
2001/09/10,38000,200500,5.3,5.3,5.2,5.3,0.00,7,23.079999999999998,31.13
2001/09/11,171022,916815,5.4,5.4,5.2,5.3,0.00,31,23.079999999999998,28.44
2001/09/13,1001,4935,4.93,4.93,4.93,4.93,-0.37,2,0.0,18.96
2001/09/14,305500,1514450,4.59,5.1,4.59,5.1,+0.17,27,53.119999999999997,30.35
2001/09/19,195999,993904,4.93,5.2,4.93,5.2,+0.10,22,63.539999999999999,41.41
2001/09/20,243032,1258713,5.05,5.25,5.05,5.25,+0.05,34,72.530000000000001,51.79
2001/09/21,186024,973274,5.1,5.25,5.1,5.25,0.00,31,72.530000000000001,58.71
2001/09/24,136752,710624,5.25,5.25,5.0,5.25,0.00,36,81.480000000000004,66.30
2001/09/25,131002,684860,5.3,5.3,5.1,5.2,-0.05,22,75.310000000000002,69.30
2001/09/26,122502,640795,5.3,5.3,5.0,5.3,+0.10,26,87.650000000000006,75.42
2001/09/27,164001,871205,5.4,5.4,5.2,5.4,+0.10,32,100.0,83.61
2001/09/28,141401,778652,5.4,5.6,5.4,5.6,+0.20,28,100.0,89.07
2001/10/02,24001,128005,5.35,5.4,5.3,5.4,-0.20,10,70.150000000000006,82.76
2001/10/03,48001,255105,5.35,5.4,5.2,5.4,0.00,17,66.670000000000002,77.39
2001/10/04,150004,821270,5.3,5.6,5.3,5.45,+0.05,26,75.0,76.59
2001/10/05,111000,607450,5.45,5.5,5.35,5.5,+0.05,21,83.329999999999998,78.84
2001/10/08,97000,530950,5.5,5.5,5.4,5.5,0.00,18,83.329999999999998,80.34
2001/10/09,234000,1295450,5.5,5.6,5.4,5.6,+0.10,46,100.0,86.89
2001/10/11,404000,2296250,5.7,5.75,5.4,5.75,+0.15,48,100.0,91.26
2001/10/12,475679,2719133,5.75,5.8,5.5,5.75,0.00,62,91.670000000000002,91.40
2001/10/15,349000,1986500,5.7,5.7,5.5,5.7,-0.05,35,83.329999999999998,88.71
2001/10/16,368000,2094750,5.7,5.7,5.45,5.7,0.00,42,83.329999999999998,86.92
2001/10/17,345000,1975500,5.65,5.8,5.5,5.8,+0.10,46,100.0,91.28
2001/10/18,199000,1133300,5.6,5.7,5.6,5.7,-0.10,24,77.780000000000001,86.78
2001/10/19,99000,562800,5.6,5.7,5.5,5.7,0.00,19,75.0,82.85
2001/10/22,56000,316200,5.5,5.7,5.5,5.7,0.00,17,75.0,80.23
2001/10/23,97500,545700,5.7,5.7,5.5,5.6,-0.10,31,50.0,70.16
2001/10/24,72000,397800,5.6,5.6,5.5,5.5,-0.10,9,14.289999999999999,51.53
2001/10/25,44000,238050,5.5,5.5,5.3,5.35,-0.15,14,10.0,37.68
2001/10/26,149157,779845,5.45,5.5,4.98,5.45,+0.10,27,57.32,44.23
2001/10/29,43000,232450,5.4,5.5,5.3,5.5,+0.05,18,63.409999999999997,50.63
2001/10/30,23000,124500,5.5,5.5,5.3,5.5,0.00,10,72.219999999999999,57.82
2001/10/31,38076,209215,5.5,5.5,5.45,5.5,0.00,8,72.219999999999999,62.62
2001/11/01,102000,555350,5.5,5.55,5.3,5.5,0.00,28,72.219999999999999,65.82
2001/11/02,114005,618977,5.35,5.5,5.3,5.5,0.00,28,72.219999999999999,67.95
2001/11/05,136000,739900,5.5,5.5,5.35,5.5,0.00,18,83.870000000000005,73.26
2001/11/06,131000,709050,5.5,5.5,5.3,5.4,-0.10,33,73.680000000000007,73.40
2001/11/07,168100,915286,5.4,5.5,5.35,5.5,+0.10,39,91.230000000000004,79.34
2001/11/08,92000,505200,5.5,5.5,5.35,5.5,0.00,19,80.0,79.56
2001/11/09,109000,597150,5.35,5.5,5.35,5.5,0.00,24,80.0,79.71
2001/11/12,86000,470650,5.45,5.5,5.35,5.5,0.00,25,80.0,79.81
2001/11/13,82000,448850,5.5,5.5,5.45,5.5,0.00,23,80.0,79.88
2001/11/14,248000,1367800,5.5,5.55,5.45,5.55,+0.05,50,100.0,86.58
2001/11/15,171948,947582,5.5,5.6,5.4,5.6,+0.05,35,100.0,91.05
2001/11/16,154783,862261,5.5,5.6,5.5,5.6,0.00,31,100.0,94.03
2001/11/19,376924,2132545,5.6,5.7,5.55,5.65,+0.05,59,85.709999999999994,91.26
2001/11/20,304533,1731014,5.7,5.7,5.55,5.7,+0.05,38,100.0,94.17
2001/11/21,343001,1934005,5.65,5.65,5.6,5.65,-0.05,35,85.709999999999994,91.35
2001/11/22,410007,2312989,5.65,5.65,5.5,5.6,-0.05,35,71.430000000000007,84.71
2001/11/23,439259,2480292,5.65,5.65,5.55,5.65,+0.05,40,83.329999999999998,84.25
2001/11/26,446000,2515800,5.65,5.7,5.5,5.7,+0.05,54,100.0,89.50
2001/11/27,305000,1730950,5.6,5.7,5.55,5.65,-0.05,39,83.329999999999998,87.45
2001/11/28,251001,1402855,5.65,5.65,5.45,5.65,0.00,41,80.0,84.97
2001/11/29,164001,917855,5.45,5.65,5.4,5.6,-0.05,33,66.670000000000002,78.87
2001/11/30,333001,1861105,5.6,5.6,5.4,5.6,0.00,43,66.670000000000002,74.80
2001/12/03,431000,2480900,5.6,5.95,5.5,5.95,+0.35,79,100.0,83.20
2001/12/04,435000,2574700,5.95,5.95,5.8,5.95,0.00,49,100.0,88.80
2001/12/05,427000,2510600,5.9,5.9,5.8,5.9,-0.05,38,90.909999999999997,89.50
2001/12/06,372000,2183450,5.9,5.9,5.6,5.9,0.00,67,90.909999999999997,89.97
2001/12/07,456000,2691500,5.75,6.0,5.7,6.0,+0.10,69,100.0,93.31
2001/12/10,671930,4028767,5.95,6.4,5.8,6.4,+0.40,128,100.0,95.54
2001/12/11,448919,2822092,6.3,6.4,6.15,6.3,-0.10,72,90.0,93.69
2001/12/12,480021,2988348,6.25,6.3,6.05,6.3,0.00,84,90.0,92.46
2001/12/13,429153,2680214,6.3,6.5,6.1,6.3,0.00,102,80.0,88.31
2001/12/14,404000,2506050,6.1,6.3,6.1,6.3,0.00,56,77.780000000000001,84.80
2001/12/17,635250,4066873,6.3,6.6,6.3,6.55,+0.25,120,95.0,88.20
2001/12/18,342037,2189200,6.55,6.6,6.15,6.4,-0.15,66,80.0,85.47
2001/12/19,513490,3222565,6.3,6.3,6.1,6.3,-0.10,68,66.670000000000002,79.20
2001/12/20,425626,2582167,6.1,6.1,5.9,6.1,-0.20,49,37.5,65.30
2001/12/21,422000,2505350,5.95,5.95,5.8,5.9,-0.20,50,12.5,47.70
2001/12/24,515001,2974655,5.8,5.8,5.6,5.8,-0.10,52,20.0,38.47
2001/12/25,474000,2751000,5.8,5.9,5.6,5.9,+0.10,49,30.0,35.65
2001/12/26,93069,557654,6.0,6.1,5.75,6.0,+0.10,24,40.0,37.10
2001/12/27,382185,2247104,6.0,6.0,5.6,5.8,-0.20,50,20.0,31.40
2001/12/28,163000,971550,5.75,6.2,5.7,6.2,+0.40,27,60.0,40.93
2001/12/31,198100,1237775,6.2,6.6,5.9,6.6,+0.40,59,100.0,60.62
2002/01/02,49000,309050,6.25,6.5,6.2,6.45,-0.15,28,85.0,68.74
2002/01/03,102133,652802,6.4,6.5,6.25,6.4,-0.05,40,80.0,72.50
2002/01/04,60850,381154,6.4,6.4,6.1,6.15,-0.25,36,55.0,66.66
2002/01/07,133684,850886,6.1,6.55,6.1,6.5,+0.35,58,90.0,74.44
2002/01/08,40000,250959,6.3,6.3,6.2,6.3,-0.20,20,70.0,72.96
2002/01/09,74000,456250,6.3,6.3,6.0,6.25,-0.05,32,65.0,70.31
2002/01/10,216004,1351524,6.05,6.3,6.05,6.3,+0.05,43,66.670000000000002,69.09
2002/01/11,98024,616507,6.15,6.35,6.1,6.3,0.00,27,57.140000000000001,65.11
2002/01/14,176000,1091800,6.3,6.3,6.0,6.3,0.00,44,54.549999999999997,61.59
2002/01/15,258000,1623150,6.3,6.3,6.2,6.3,0.00,38,54.549999999999997,59.24
2002/01/16,44000,269600,6.3,6.3,6.05,6.2,-0.10,20,36.359999999999999,51.61
2002/01/17,34109,207170,6.2,6.2,6.0,6.2,0.00,24,36.359999999999999,46.53
2002/01/18,137793,867334,6.2,6.4,6.2,6.2,0.00,47,50.0,47.69
2002/01/21,88010,538911,6.0,6.25,6.0,6.25,+0.05,32,62.5,52.62
2002/01/22,49001,298106,6.2,6.2,6.0,6.2,-0.05,22,50.0,51.75
2002/01/23,32807,200319,6.1,6.2,6.0,6.2,0.00,24,50.0,51.17
2002/01/24,38999,236853,6.15,6.2,6.0,6.2,0.00,23,50.0,50.78
2002/01/25,40000,243850,6.15,6.2,6.0,6.2,0.00,31,50.0,50.52
2002/01/28,161570,973059,6.05,6.2,5.95,6.2,0.00,65,55.560000000000002,52.20
2002/01/29,47000,285900,6.05,6.15,6.0,6.15,-0.05,18,44.439999999999998,49.61
2002/01/30,25374,153891,6.1,6.1,5.95,6.1,-0.05,23,33.329999999999998,44.18
2002/01/31,128686,781656,6.1,6.15,6.0,6.1,0.00,50,50.0,46.12
2002/02/01,82001,489256,5.9,6.0,5.9,6.0,-0.10,24,33.329999999999998,41.86
2002/02/04,62653,373112,6.0,6.0,5.85,5.95,-0.05,31,28.57,37.43
2002/02/05,57800,341734,5.95,5.95,5.9,5.95,0.00,22,28.57,34.47
2002/02/06,74599,441163,5.95,6.0,5.85,5.95,0.00,29,28.57,32.50
2002/02/18,71000,422000,6.0,6.05,5.8,6.0,+0.05,23,50.0,38.34
2002/02/19,71000,420900,6.0,6.05,5.85,5.9,-0.10,25,28.57,35.08
2002/02/20,38000,222050,5.8,5.9,5.8,5.9,0.00,19,28.57,32.91
2002/02/21,82999,482213,5.85,5.85,5.7,5.85,-0.05,23,33.329999999999998,33.05
2002/02/22,105844,609360,5.8,5.9,5.7,5.8,-0.05,28,28.57,31.55
2002/02/25,60328,349259,5.8,5.8,5.7,5.75,-0.05,24,14.289999999999999,25.79
2002/02/26,32000,184500,5.75,5.8,5.75,5.8,+0.05,14,28.57,26.71
2002/02/27,50000,288900,5.85,5.85,5.7,5.8,0.00,13,28.57,27.33
2002/03/01,62000,356750,5.8,5.85,5.65,5.75,-0.05,18,25.0,26.55
2002/03/04,202000,1216850,5.8,6.15,5.8,6.1,+0.35,51,90.0,47.70
2002/03/05,100121,598983,6.2,6.2,5.9,5.95,-0.15,24,54.549999999999997,49.98
2002/03/06,97001,567005,5.85,5.95,5.8,5.9,-0.05,22,45.450000000000003,48.47
2002/03/07,170000,982800,5.9,5.9,5.5,5.8,-0.10,36,42.859999999999999,46.60
2002/03/08,86500,502734,5.8,5.9,5.8,5.9,+0.10,24,57.140000000000001,50.12
2002/03/11,198335,1168984,5.9,6.0,5.8,5.95,+0.05,65,64.290000000000006,54.84
2002/03/12,121501,706414,5.95,6.0,5.7,5.8,-0.15,28,42.859999999999999,50.85
2002/03/13,454476,2733410,5.8,6.2,5.8,6.2,+0.40,115,100.0,67.23
2002/03/14,301000,1843750,6.05,6.4,6.0,6.05,-0.15,63,61.109999999999999,65.19
2002/03/15,172500,1018755,6.05,6.05,5.8,5.95,-0.10,64,50.0,60.13
2002/03/18,189242,1113968,5.95,5.95,5.8,5.9,-0.05,56,44.439999999999998,54.90
2002/03/19,199015,1177223,5.9,6.0,5.8,6.0,+0.10,55,55.560000000000002,55.12
2002/03/20,91463,534429,5.8,6.0,5.8,5.9,-0.10,35,28.57,46.27
2002/03/21,94585,552732,5.8,5.9,5.8,5.85,-0.05,24,21.43,37.99
2002/03/22,187000,1103167,5.85,5.95,5.8,5.9,+0.05,53,28.57,34.85
2002/03/25,499009,3106921,6.0,6.3,6.0,6.3,+0.40,110,83.329999999999998,51.01
2002/03/26,764305,5020134,6.25,6.7,6.25,6.7,+0.40,304,100.0,67.34
2002/03/27,1234450,8553046,6.3,7.15,6.3,6.95,+0.25,313,85.189999999999998,73.29
2002/03/28,499111,3378124,6.95,7.1,6.55,6.8,-0.15,120,74.069999999999993,73.55
2002/03/29,236294,1563894,6.8,6.85,6.4,6.55,-0.25,62,55.560000000000002,67.55
2002/04/01,1809001,12596006,6.55,7.0,6.55,7.0,+0.45,167,88.890000000000001,74.66
2002/04/02,1016445,7286406,7.3,7.3,6.9,6.9,-0.10,220,73.329999999999998,74.21
2002/04/03,1125632,8056692,6.9,7.3,6.8,7.25,+0.35,186,96.670000000000002,81.69
2002/04/04,1012379,7336432,7.3,7.4,7.0,7.2,-0.05,212,85.709999999999994,83.03
2002/04/08,2430924,18232272,7.2,7.7,7.1,7.6,+0.40,357,93.099999999999994,86.38
2002/04/09,1588499,11392879,7.6,7.6,7.1,7.1,-0.50,234,57.140000000000001,76.64
2002/04/10,166999,1113102,6.7,6.9,6.65,6.65,-0.45,43,19.23,57.50
2002/04/11,2637001,16606106,6.2,6.5,6.2,6.2,-0.45,361,0.0,38.33
2002/04/12,1556000,9222050,6.1,6.1,5.8,6.1,-0.10,248,15.789999999999999,30.81
2002/04/15,1052000,6519858,6.1,6.4,6.0,6.3,+0.20,221,26.32,29.31
2002/04/16,873217,5537507,6.4,6.5,6.2,6.2,-0.10,202,21.050000000000001,26.56
2002/04/17,1022786,6483447,6.4,6.45,6.2,6.3,+0.10,218,26.32,26.48
2002/04/18,1318513,8510119,6.35,6.65,6.2,6.55,+0.25,268,39.469999999999999,30.81
2002/04/19,1644537,11111632,6.5,7.0,6.25,7.0,+0.45,327,66.670000000000002,42.76
2002/04/22,2281296,16729565,7.2,7.45,7.1,7.45,+0.45,322,100.0,61.84
2002/04/23,2764109,21961601,7.95,7.95,7.95,7.95,+0.50,306,100.0,74.56
2002/04/24,1561657,13268369,8.5,8.5,8.5,8.5,+0.55,215,100.0,83.04
2002/04/25,1768012,15995687,9.05,9.05,9.05,9.05,+0.55,235,100.0,88.69
2002/04/26,8262885,76717615,9.65,9.65,8.55,9.55,+0.50,1100,97.099999999999994,91.50
2002/04/29,6758020,66625839,9.3,10.2,8.9,10.15,+0.60,869,98.75,93.92
2002/04/30,2874795,27699870,9.75,9.95,9.45,9.45,-0.70,345,81.25,89.69
2002/05/02,2570850,24042638,9.4,9.8,9.0,9.45,0.00,348,81.010000000000005,86.79
2002/05/03,2078050,19157320,9.45,9.45,9.0,9.45,0.00,228,75.810000000000002,83.13
2002/05/06,2940850,28133839,9.6,9.8,9.4,9.8,+0.35,368,82.219999999999999,82.83
2002/05/07,2484000,24412250,9.75,9.95,9.7,9.8,0.00,292,76.469999999999999,80.71
2002/05/08,38868000,397383200,9.7,10.45,9.7,10.3,+0.50,2444,92.109999999999999,84.51
2002/05/09,34490646,375839813,10.8,11.0,10.7,11.0,+0.70,3748,100.0,89.67
2002/05/10,17573713,191868446,11.05,11.4,10.3,10.7,-0.30,2797,72.0,83.78
2002/05/13,12649324,131553482,10.6,10.7,10.0,10.0,-0.70,2079,41.670000000000002,69.74
2002/05/14,9316150,89192083,10.0,10.3,9.3,9.3,-0.70,1645,12.5,50.66
2002/05/15,7487377,65356384,9.0,9.0,8.65,8.65,-0.65,1319,0.0,33.77
2002/05/16,10265101,89717818,8.4,9.0,8.4,8.55,-0.10,1610,5.0,24.18
2002/05/17,5719430,47913354,8.55,8.7,8.0,8.2,-0.35,911,5.8799999999999999,18.08
2002/05/20,2065503,16016899,8.1,8.1,7.65,7.65,-0.55,351,0.0,12.05
2002/05/21,436890,3124628,7.15,7.15,7.15,7.15,-0.50,78,0.0,8.03
2002/05/22,6248101,41991825,6.65,7.15,6.65,6.7,-0.45,1122,1.05,5.70
2002/05/23,3588001,23855556,6.55,6.9,6.5,6.55,-0.15,711,1.1899999999999999,4.20
2002/05/24,3175003,21981175,6.7,7.0,6.7,7.0,+0.45,455,13.16,7.19
2002/05/27,4278755,30911078,7.05,7.4,7.05,7.15,+0.15,728,26.0,13.46
2002/05/28,3455449,24877199,7.25,7.45,6.85,6.85,-0.30,637,14.0,13.64
2002/05/29,1980999,13072800,6.75,6.75,6.5,6.6,-0.25,400,4.5499999999999998,10.61
2002/05/30,2659203,18212095,6.65,7.0,6.65,6.85,+0.25,489,21.870000000000001,14.36
2002/05/31,2939528,20456795,6.9,7.1,6.85,6.9,+0.05,484,42.109999999999999,23.61
2002/06/03,2571362,16727849,6.95,6.95,6.45,6.5,-0.40,445,5.0,17.41
2002/06/04,1506530,9537980,6.2,6.5,6.2,6.5,0.00,290,24.0,19.61
2002/06/05,2794999,18744051,6.6,6.85,6.5,6.65,+0.15,523,36.0,25.07
2002/06/06,2277399,15456094,6.8,6.95,6.65,6.7,+0.05,453,40.0,30.04
2002/06/07,1679051,11194555,6.6,6.85,6.5,6.5,-0.20,334,24.0,28.03
2002/06/10,1806675,12136409,6.6,6.8,6.55,6.75,+0.25,335,61.109999999999999,39.06
2002/06/11,1987001,13446956,6.9,6.9,6.6,6.7,-0.05,318,55.560000000000002,44.56
2002/06/12,1463200,9772232,6.7,6.75,6.6,6.65,-0.05,257,50.0,46.38
2002/06/13,5546390,38828485,6.85,7.1,6.8,7.1,+0.45,736,100.0,64.25
2002/06/14,4349375,30719328,7.0,7.25,6.85,6.95,-0.15,709,71.430000000000007,66.64
2002/06/17,2910200,20674732,7.15,7.2,7.0,7.05,+0.10,427,73.329999999999998,68.87
2002/06/18,5343600,38838055,7.25,7.4,7.15,7.25,+0.20,627,83.329999999999998,73.69
2002/06/19,2672996,19000313,7.3,7.4,6.8,6.85,-0.40,451,38.890000000000001,62.09
2002/06/20,3511377,24489474,6.8,7.15,6.7,7.05,+0.20,455,58.82,61.00
2002/06/21,3688843,25900008,7.1,7.2,6.8,6.8,-0.25,527,25.0,49.00
2002/06/24,2515665,17304045,6.8,7.05,6.7,6.9,+0.10,385,37.5,45.17
2002/06/25,2805204,18375856,6.9,6.95,6.45,6.45,-0.45,430,0.0,30.11
2002/06/26,2000275,12113068,6.35,6.45,6.0,6.05,-0.40,335,3.5699999999999998,21.26
2002/06/27,1767649,10361648,6.0,6.2,5.7,5.75,-0.30,331,2.9399999999999999,15.15
2002/06/28,1139100,6677540,5.85,5.95,5.75,5.95,+0.20,226,14.710000000000001,15.00
2002/07/01,1070002,6163460,6.0,6.1,5.55,5.55,-0.40,200,0.0,10.00
2002/07/02,1615208,8962647,5.4,5.7,5.4,5.6,+0.05,275,11.109999999999999,10.37
2002/07/03,1341089,7532013,5.4,5.75,5.4,5.7,+0.10,226,16.670000000000002,12.47
2002/07/04,1829000,10834750,5.7,6.05,5.65,6.05,+0.35,272,39.390000000000001,21.44
2002/07/05,4503798,28509054,6.1,6.45,6.1,6.45,+0.40,548,67.739999999999995,36.87
2002/07/08,1361100,8523091,6.5,6.55,6.1,6.3,-0.15,273,78.260000000000005,50.67
2002/07/09,835894,5171743,6.15,6.3,6.05,6.2,-0.10,155,69.569999999999993,56.97
2002/07/10,1522218,9200742,6.1,6.3,5.8,5.8,-0.40,270,34.780000000000001,49.57
2002/07/11,1252089,7165546,5.8,5.8,5.6,5.6,-0.20,208,17.390000000000001,38.85
2002/07/12,1051999,6134314,5.65,5.9,5.65,5.9,+0.30,189,43.479999999999997,40.39
2002/07/15,1741785,10470457,5.7,6.2,5.7,5.9,0.00,333,43.479999999999997,41.42
2002/07/16,1108676,6635517,6.1,6.15,5.8,5.9,0.00,198,31.579999999999998,38.14
2002/07/17,599207,3474814,5.85,5.95,5.7,5.8,-0.10,113,21.050000000000001,32.45
2002/07/18,933364,5547749,5.9,6.0,5.85,5.9,+0.10,153,31.579999999999998,32.16
2002/07/19,667637,3969556,5.95,6.1,5.8,5.9,0.00,158,42.859999999999999,35.73
2002/07/22,531415,3030586,5.75,5.9,5.55,5.75,-0.15,99,26.670000000000002,32.71
2002/07/23,500000,2842100,5.6,5.75,5.6,5.7,-0.05,96,23.079999999999998,29.50
2002/07/24,503000,2852700,5.65,5.8,5.6,5.65,-0.05,113,15.380000000000001,24.80
2002/07/25,538860,3086233,5.75,5.85,5.6,5.65,0.00,113,15.380000000000001,21.66
2002/07/26,771999,4233064,5.6,5.65,5.4,5.45,-0.20,144,6.6699999999999999,16.66
2002/07/29,371000,2055750,5.5,5.6,5.45,5.5,+0.05,81,14.289999999999999,15.87
2002/07/30,371187,2076420,5.7,5.7,5.5,5.6,+0.10,80,28.57,20.10
2002/07/31,214318,1176270,5.6,5.6,5.45,5.45,-0.15,62,7.1399999999999997,15.78
2002/08/01,424286,2326599,5.45,5.55,5.4,5.5,+0.05,89,20.0,17.19
2002/08/02,507418,2768885,5.45,5.55,5.4,5.45,-0.05,78,11.109999999999999,15.16
2002/08/05,468000,2389000,5.1,5.2,5.1,5.1,-0.35,75,0.0,10.11
2002/08/06,1795004,8553830,4.75,4.95,4.75,4.85,-0.25,195,9.0899999999999999,9.77
2002/08/07,1186251,5896839,5.05,5.05,4.9,4.99,+0.14,161,25.260000000000002,14.93
2002/08/08,476000,2365870,5.0,5.0,4.94,4.98,-0.01,89,24.210000000000001,18.02
2002/08/09,1320000,6969050,5.1,5.3,5.1,5.3,+0.32,225,57.890000000000001,31.31
2002/08/12,899798,4609004,5.15,5.25,5.05,5.2,-0.10,148,52.939999999999998,38.52
2002/08/13,417000,2145250,5.2,5.3,5.05,5.05,-0.15,82,37.5,38.18
2002/08/14,547002,2747490,5.0,5.1,4.95,5.1,+0.05,101,43.75,40.03
2002/08/15,770885,3970804,5.15,5.25,5.0,5.1,0.00,165,63.640000000000001,47.90
2002/08/16,259999,1309514,5.1,5.15,5.0,5.05,-0.05,62,54.549999999999997,50.11
2002/08/19,287999,1450063,5.0,5.15,5.0,5.05,0.00,61,37.5,45.91
2002/08/20,552000,2753289,5.05,5.05,4.95,5.0,-0.05,70,16.670000000000002,36.17
2002/08/21,286999,1433501,5.0,5.05,4.97,5.0,0.00,64,14.289999999999999,28.87
2002/08/22,1524999,7795763,5.0,5.2,5.0,5.0,0.00,182,14.289999999999999,24.01
2002/08/23,495102,2470773,5.0,5.1,4.94,5.0,0.00,93,16.670000000000002,21.57
2002/08/26,202832,1005114,5.05,5.05,4.94,4.95,-0.05,32,3.23,15.46
2002/08/27,2645009,13780832,5.0,5.25,4.97,5.25,+0.30,363,100.0,43.64
2002/08/28,1819275,9664671,5.4,5.4,5.05,5.05,-0.20,303,23.91,37.06
2002/08/29,1428478,7352099,5.1,5.25,5.0,5.05,0.00,222,23.91,32.68
2002/08/30,660353,3343441,5.1,5.15,5.0,5.05,0.00,127,23.91,29.76
2002/09/02,1160481,5640543,5.0,5.0,4.7,4.7,-0.35,186,0.0,19.84
2002/09/03,1966000,8704960,4.5,4.66,4.38,4.66,-0.04,224,27.449999999999999,22.38
2002/09/04,1090276,4855167,4.48,4.6,4.34,4.34,-0.32,162,0.0,14.92
2002/09/05,1409123,5824069,4.35,4.43,4.04,4.04,-0.30,179,0.0,9.95
2002/09/09,1035001,4196664,3.8,4.25,3.8,4.09,+0.05,184,18.120000000000001,12.67
2002/09/10,1033724,4344137,4.24,4.24,4.09,4.24,+0.15,209,27.5,17.62
2002/09/11,956000,4007020,4.35,4.35,4.1,4.1,-0.14,186,20.690000000000001,18.65
2002/09/12,626001,2588824,4.1,4.2,4.1,4.1,0.00,101,22.219999999999999,19.84
2002/09/13,549292,2262126,4.07,4.18,4.05,4.12,+0.02,87,26.670000000000002,22.12
2002/09/16,832407,3367183,4.14,4.14,4.0,4.01,-0.11,105,24.420000000000002,22.89
2002/09/17,769193,3156948,4.03,4.16,4.0,4.1,+0.09,132,37.5,27.76
2002/09/18,824100,3323686,4.1,4.15,3.98,3.98,-0.12,121,28.57,28.03
2002/09/19,1043565,4301597,4.1,4.15,4.0,4.1,+0.12,150,54.549999999999997,36.87
2002/09/20,1647011,6549482,4.05,4.1,3.85,4.0,-0.10,183,30.0,34.58
2002/09/23,601073,2572570,4.28,4.28,4.28,4.28,+0.28,65,86.0,51.72
2002/09/24,497352,2272785,4.57,4.57,4.57,4.57,+0.29,72,100.0,67.81
2002/09/25,1597415,7794903,4.88,4.88,4.88,4.88,+0.31,192,100.0,78.54
2002/09/26,7404352,34820567,4.88,4.88,4.54,4.55,-0.33,861,67.959999999999994,75.01
2002/09/27,3711285,17039096,4.56,4.7,4.4,4.54,-0.01,549,66.989999999999995,72.34
2002/09/30,2335170,9944775,4.33,4.33,4.23,4.29,-0.25,298,42.719999999999999,62.47
2002/10/01,1364565,5769696,4.29,4.4,4.1,4.15,-0.14,233,29.129999999999999,51.36
2002/10/02,1441271,6062056,4.25,4.28,4.16,4.17,+0.02,219,31.07,44.60
2002/10/03,683107,2800002,4.07,4.16,4.03,4.05,-0.12,104,2.3500000000000001,30.51
2002/10/04,939293,3820657,4.0,4.14,4.0,4.05,0.00,163,5.6799999999999997,22.23
2002/10/07,1253575,4829968,4.05,4.05,3.77,3.89,-0.16,222,10.81,18.42
2002/10/08,439000,1674110,3.78,3.89,3.71,3.84,-0.05,91,11.109999999999999,15.98
2002/10/09,1327219,5125765,3.84,3.94,3.7,3.8,-0.04,177,10.0,13.98
2002/10/11,1008000,3885220,3.92,3.93,3.8,3.9,+0.10,156,28.57,18.84
2002/10/14,1251003,4800059,3.94,3.94,3.8,3.9,0.00,155,28.57,22.08
2002/10/15,3143600,12835488,3.92,4.17,3.9,4.17,+0.27,313,81.030000000000001,41.73
2002/10/16,1234500,5222449,4.3,4.3,4.08,4.3,+0.13,205,100.0,61.15
2002/10/17,2190000,8822330,4.08,4.21,4.0,4.02,-0.28,279,53.329999999999998,58.55
2002/10/18,3978430,16791022,4.09,4.3,4.08,4.29,+0.27,470,98.329999999999998,71.81
2002/10/21,1528000,6460730,4.2,4.29,4.17,4.17,-0.12,239,78.329999999999998,73.98
2002/10/22,2381315,10176042,4.24,4.36,4.17,4.17,0.00,320,71.209999999999994,73.06
2002/10/23,1348665,5713171,4.17,4.4,4.11,4.31,+0.14,210,85.0,77.04
2002/10/24,1050343,4438557,4.31,4.31,4.15,4.15,-0.16,154,58.329999999999998,70.80
2002/10/25,1217873,5146234,4.15,4.32,4.15,4.15,0.00,222,50.0,63.87
2002/10/28,1005302,4245703,4.17,4.26,4.16,4.21,+0.06,164,52.5,60.08
2002/10/29,672928,2801618,4.21,4.29,4.1,4.11,-0.10,120,27.5,49.22
2002/10/30,382139,1557855,4.0,4.15,4.0,4.03,-0.08,91,7.5,35.31
2002/10/31,624946,2557294,4.06,4.15,4.06,4.09,+0.06,109,22.5,31.04
2002/11/01,386503,1563531,4.1,4.11,4.01,4.01,-0.08,80,2.5,21.52
2002/11/04,670078,2692306,4.04,4.09,3.98,3.99,-0.02,106,2.3799999999999999,15.14
2002/11/05,475013,1927806,4.03,4.13,4.01,4.01,+0.02,119,8.8200000000000003,13.03
2002/11/06,591002,2392457,4.1,4.1,4.02,4.07,+0.06,96,26.469999999999999,17.51
2002/11/07,948004,3882136,4.1,4.13,4.05,4.08,+0.01,149,32.259999999999998,22.42
2002/11/08,1118217,4606487,4.08,4.18,4.07,4.18,+0.10,161,64.519999999999996,36.46
2002/11/11,2035002,8793066,4.25,4.45,4.21,4.27,+0.09,287,61.700000000000003,44.88
2002/11/12,491525,2091791,4.27,4.33,4.2,4.25,-0.02,116,57.450000000000003,49.07
2002/11/13,1849001,8070492,4.27,4.42,4.27,4.35,+0.10,243,78.719999999999999,58.95
2002/11/14,2054999,9102855,4.42,4.5,4.3,4.35,0.00,260,71.150000000000006,63.02
2002/11/15,1279004,5653595,4.38,4.46,4.37,4.45,+0.10,175,89.799999999999997,71.94
2002/11/18,2926966,13795034,4.47,4.76,4.47,4.76,+0.31,405,100.0,81.29
2002/11/19,1595004,7378618,4.86,4.86,4.51,4.51,-0.25,237,56.789999999999999,73.12
2002/11/20,867000,3868960,4.6,4.6,4.35,4.46,-0.05,130,49.369999999999997,65.21
2002/11/21,772000,3392380,4.49,4.51,4.25,4.33,-0.13,147,19.699999999999999,50.04
2002/11/22,838199,3680041,4.38,4.45,4.35,4.4,+0.07,119,30.300000000000001,43.46
2002/11/25,355002,1548428,4.4,4.4,4.3,4.4,0.00,58,24.59,37.17
2002/11/26,1469002,6712318,4.39,4.65,4.39,4.58,+0.18,194,54.100000000000001,42.81
2002/11/27,826002,3680899,4.5,4.5,4.41,4.45,-0.13,92,32.789999999999999,39.47
2002/11/28,608999,2724855,4.58,4.6,4.43,4.47,+0.02,89,36.07,38.33
2002/11/29,556055,2484022,4.47,4.52,4.4,4.41,-0.06,87,26.23,34.29
2002/12/02,216001,944251,4.41,4.42,4.31,4.34,-0.07,45,22.5,30.36
2002/12/03,435002,1920256,4.4,4.48,4.35,4.44,+0.10,84,47.5,36.07
2002/12/04,5308000,24564100,4.45,4.74,4.36,4.73,+0.29,295,97.730000000000004,56.63
2002/12/05,4527002,21937239,4.7,5.0,4.6,4.9,+0.17,495,85.709999999999994,66.32
2002/12/06,3222502,15417013,4.89,5.0,4.69,4.69,-0.21,275,55.07,62.57
2002/12/09,4542002,22545719,4.87,5.0,4.75,5.0,+0.31,441,100.0,75.04
2002/12/10,6388021,33669552,5.0,5.35,5.0,5.35,+0.35,797,100.0,83.36
2002/12/11,9157415,50351505,5.45,5.7,5.2,5.4,+0.05,1029,78.420000000000002,81.71
2002/12/12,6959010,37271653,5.4,5.6,5.15,5.3,-0.10,540,71.219999999999999,78.21
2002/12/13,7209004,39595520,5.5,5.6,5.4,5.45,+0.15,650,81.480000000000004,79.30
2002/12/16,7831007,45309436,5.6,5.8,5.6,5.8,+0.35,681,100.0,86.20
2002/12/17,7941028,46699200,5.9,6.1,5.65,5.85,+0.05,884,83.329999999999998,85.25
2002/12/18,11654000,71837150,6.0,6.25,5.85,6.25,+0.40,1166,100.0,90.16
2002/12/19,6323870,38838386,6.3,6.35,6.0,6.05,-0.20,741,81.25,87.19
2002/12/20,9888206,61017854,6.15,6.4,5.65,5.65,-0.40,1109,46.43,73.61
2002/12/23,4768009,27536219,5.7,5.9,5.65,5.8,+0.15,492,52.0,66.40
2002/12/24,3475000,19725300,5.95,5.95,5.45,5.45,-0.35,450,24.0,52.27
2002/12/25,2976061,15336626,5.4,5.45,5.1,5.1,-0.35,392,0.0,34.85
2002/12/26,2635003,13069814,5.05,5.1,4.83,5.05,-0.05,352,14.01,27.90
2002/12/27,2442304,12544093,5.1,5.2,5.0,5.15,+0.10,380,20.379999999999999,25.39
2002/12/30,1729999,8677024,5.2,5.25,4.8,4.97,-0.18,256,10.619999999999999,20.47
2002/12/31,3206000,16486580,4.94,5.3,4.86,5.3,+0.33,477,31.25,24.07
2003/01/02,4475000,24577650,5.35,5.65,5.2,5.6,+0.30,545,50.0,32.72
2003/01/03,2626510,14456373,5.7,5.7,5.4,5.45,-0.15,368,56.520000000000003,40.65
2003/01/06,3882962,22156232,5.35,5.8,5.35,5.8,+0.35,457,86.959999999999994,56.09
2003/01/07,8765934,52462990,6.2,6.2,5.8,6.0,+0.20,852,85.709999999999994,65.96
2003/01/08,7208516,44866875,6.0,6.35,6.0,6.15,+0.15,799,87.099999999999994,73.00
2003/01/09,16706104,107108385,6.15,6.55,6.15,6.55,+0.40,1449,100.0,82.00
2003/01/10,7063741,46464268,6.9,6.9,6.3,6.45,-0.10,893,78.569999999999993,80.86
2003/01/13,9900208,65558095,6.55,6.8,6.3,6.3,-0.15,799,70.590000000000003,77.44
2003/01/14,6372968,41544774,6.4,6.6,6.4,6.6,+0.30,702,82.349999999999994,79.08
2003/01/15,6128900,41076701,6.65,6.9,6.45,6.85,+0.25,762,96.769999999999996,84.98
2003/01/16,7343843,50968940,6.85,7.1,6.75,6.75,-0.10,936,80.0,83.32
2003/01/17,4153564,27327791,6.75,6.95,6.3,6.3,-0.45,585,38.460000000000001,68.37
2003/01/20,3110000,19867750,6.1,6.65,5.95,6.65,+0.35,490,60.869999999999997,65.87
2003/01/21,3451001,22633356,6.85,6.9,6.2,6.2,-0.45,522,21.739999999999998,51.16
2003/01/22,4985685,31927218,6.35,6.6,6.15,6.6,+0.40,600,56.520000000000003,52.95
2003/01/23,6356118,42683890,6.65,6.85,6.5,6.6,0.00,716,56.520000000000003,54.14
2003/01/24,9959000,70018500,6.95,7.05,6.9,7.05,+0.45,875,95.650000000000006,67.97
2003/01/27,21734314,159378541,7.5,7.5,6.9,7.5,+0.45,2209,100.0,78.64
2003/01/28,5401716,38933657,7.3,7.45,7.0,7.35,-0.15,753,90.319999999999993,82.54
2003/02/06,3028000,21201600,7.35,7.35,6.85,6.85,-0.50,437,58.060000000000002,74.38
2003/02/07,4040001,27232606,6.7,7.0,6.4,6.4,-0.45,496,29.030000000000001,59.27
2003/02/10,3401000,21053400,6.05,6.55,6.0,6.0,-0.40,483,0.0,39.51
2003/02/11,2965932,17045511,6.2,6.2,5.6,5.6,-0.40,461,0.0,26.34
2003/02/12,3096100,17600557,5.6,5.8,5.45,5.75,+0.15,352,14.630000000000001,22.44
2003/02/13,2477000,13510769,5.75,5.75,5.35,5.35,-0.40,323,0.0,14.96
2003/02/14,3728181,19562566,5.35,5.5,5.05,5.2,-0.15,471,6.1200000000000001,12.01
2003/02/17,2278677,12531917,5.4,5.55,5.3,5.55,+0.35,323,20.829999999999998,14.95
2003/02/18,7329446,41630978,5.7,5.85,5.45,5.85,+0.30,868,34.780000000000001,21.56
2003/02/19,7202001,43320805,5.85,6.15,5.7,5.9,+0.05,1206,43.590000000000003,28.90
2003/02/20,3305001,18703105,5.7,5.95,5.5,5.55,-0.35,512,33.329999999999998,30.38
2003/02/21,1617248,8966766,5.55,5.65,5.4,5.55,0.00,332,43.479999999999997,34.74
2003/02/24,4539921,26045631,5.65,5.85,5.6,5.75,+0.20,522,63.640000000000001,44.37
2003/02/25,1180000,6454350,5.65,5.65,5.4,5.4,-0.35,240,31.82,40.19
2003/02/26,1786538,9585037,5.3,5.45,5.3,5.4,0.00,251,31.82,37.40
2003/02/27,724010,3867403,5.4,5.45,5.2,5.4,0.00,143,21.050000000000001,31.95
2003/03/03,1542000,8431450,5.55,5.6,5.4,5.45,+0.05,198,26.32,30.07
2003/03/04,667002,3619110,5.4,5.5,5.3,5.4,-0.05,123,21.050000000000001,27.07
2003/03/05,406011,2164457,5.3,5.4,5.3,5.3,-0.10,114,13.33,22.49
2003/03/06,2015001,10952705,5.45,5.6,5.3,5.4,+0.10,350,30.77,25.25
2003/03/07,2338051,12446823,5.4,5.5,5.1,5.2,-0.20,255,13.33,21.27
2003/03/10,965202,4895743,5.2,5.2,5.0,5.0,-0.20,160,0.0,14.18
2003/03/11,2049817,9620209,4.65,4.94,4.65,4.65,-0.35,230,0.0,9.45
2003/03/12,2031798,9539166,4.65,4.78,4.6,4.73,+0.08,319,13.0,10.63
2003/03/13,1679000,8257120,4.73,5.05,4.73,5.05,+0.32,339,45.0,22.09
2003/03/14,2305000,12261200,5.35,5.4,5.25,5.25,+0.20,425,65.0,36.40
2003/03/17,1320000,6578480,5.0,5.2,4.92,4.94,-0.31,200,34.0,35.60
2003/03/18,843999,4336253,5.15,5.2,5.1,5.1,+0.16,160,50.0,40.40
2003/03/19,834001,4146405,5.1,5.1,4.92,4.96,-0.14,116,40.0,40.26
2003/03/20,636070,3157815,5.0,5.0,4.9,5.0,+0.04,106,50.0,43.51
2003/03/21,589172,2956501,5.05,5.1,4.97,5.0,0.00,87,50.0,45.68
2003/03/24,1464001,7483504,5.15,5.2,5.05,5.15,+0.15,183,68.75,53.37
2003/03/25,1721001,8863405,4.9,5.4,4.9,5.3,+0.15,224,85.069999999999993,63.94
2003/03/26,6448001,35929355,5.4,5.65,5.35,5.65,+0.35,971,100.0,75.96
2003/03/27,7859011,46012879,5.7,6.0,5.65,5.95,+0.30,1093,95.450000000000003,82.46
2003/03/28,4882814,28653884,6.0,6.0,5.75,5.85,-0.10,670,86.359999999999999,83.76
2003/03/31,3584000,19913950,5.75,5.75,5.45,5.7,-0.15,400,72.730000000000004,80.08
2003/04/01,4552000,26118650,5.55,5.85,5.55,5.85,+0.15,595,86.359999999999999,82.18
2003/04/02,4087000,23582200,5.85,5.95,5.55,5.65,-0.20,541,68.180000000000007,77.52
2003/04/03,4341001,25004805,5.8,5.85,5.65,5.65,0.00,443,68.180000000000007,74.41
2003/04/04,2351001,13144005,5.5,5.75,5.45,5.75,+0.10,382,77.269999999999996,75.37
2003/04/07,6980000,41656300,5.75,6.15,5.7,6.05,+0.30,686,87.5,79.42
2003/04/08,2964000,17444700,5.9,6.0,5.75,5.75,-0.30,362,42.859999999999999,67.24
2003/04/09,2547005,14809878,5.75,5.9,5.65,5.85,+0.10,341,57.140000000000001,63.88
2003/04/10,5064990,30170861,5.85,6.1,5.8,5.95,+0.10,604,71.430000000000007,66.40
2003/04/11,2471171,14703511,6.05,6.05,5.8,5.95,0.00,292,71.430000000000007,68.08
2003/04/14,4438800,26398384,6.0,6.1,5.75,6.1,+0.15,503,92.859999999999999,76.34
2003/04/15,3484980,21196236,6.1,6.2,6.0,6.05,-0.05,491,80.0,77.56
2003/04/16,2679134,16114713,6.1,6.15,5.9,5.9,-0.15,421,60.0,71.71
2003/04/17,2324000,13863150,5.9,6.05,5.8,6.0,+0.10,330,63.640000000000001,69.02
2003/04/18,3289000,19911400,6.0,6.15,6.0,6.05,+0.05,360,72.730000000000004,70.25
2003/04/21,3786000,23347100,6.05,6.4,5.95,6.4,+0.35,414,100.0,80.16
2003/04/22,3210535,19867909,6.3,6.3,6.05,6.25,-0.15,351,76.920000000000002,79.08
2003/04/23,6394515,40059055,6.3,6.45,6.1,6.35,+0.10,684,85.709999999999994,81.29
2003/04/24,642020,3833926,6.05,6.05,5.95,5.95,-0.40,128,28.57,63.71
2003/04/25,345664,1918678,5.55,5.55,5.55,5.55,-0.40,65,0.0,42.47
2003/04/28,129626,674255,5.2,5.2,5.2,5.2,-0.35,32,0.0,28.31
2003/04/29,3903999,19563253,4.84,5.2,4.84,5.15,-0.05,479,19.25,25.29
2003/04/30,1903000,9586400,5.1,5.1,4.95,5.05,-0.10,207,13.039999999999999,21.21
2003/05/02,2825000,13816630,4.99,5.2,4.7,5.1,+0.05,336,22.859999999999999,21.76
2003/05/05,1335000,6663780,4.91,5.05,4.91,5.0,-0.10,283,17.140000000000001,20.22
2003/05/06,2235000,11202850,5.0,5.15,4.91,4.99,-0.01,311,16.57,19.00
2003/05/07,2002950,9982691,5.05,5.05,4.95,4.99,0.00,252,21.48,19.83
2003/05/08,2414081,11822700,4.96,4.99,4.76,4.98,-0.01,282,32.939999999999998,24.20
2003/05/09,2165585,10767991,4.95,5.05,4.9,4.99,+0.01,203,58.0,35.46
2003/05/12,976000,4817660,4.91,5.0,4.86,4.88,-0.11,151,36.0,35.64
2003/05/13,1590301,7790819,4.91,4.96,4.82,4.83,-0.05,214,26.0,32.43
2003/05/14,709000,3451190,4.9,4.9,4.83,4.85,+0.02,126,30.0,31.62
2003/05/15,1372700,6600782,4.93,4.93,4.77,4.78,-0.07,181,5.1299999999999999,22.79
2003/05/16,1123994,5415889,4.79,4.87,4.75,4.78,0.00,185,7.5,17.69
2003/05/19,1142000,5335380,4.75,4.75,4.63,4.63,-0.15,152,0.0,11.79
2003/05/20,1424501,6420874,4.6,4.6,4.34,4.43,-0.20,197,12.68,12.09
2003/05/21,748500,3216028,4.45,4.45,4.22,4.22,-0.21,129,0.0,8.06
2003/05/22,1507500,6409724,4.22,4.34,4.14,4.34,+0.12,207,23.260000000000002,13.12
2003/05/23,1676608,7552330,4.34,4.6,4.34,4.6,+0.26,242,56.100000000000001,27.45
2003/05/26,2547000,12441370,4.78,4.92,4.75,4.92,+0.32,328,98.730000000000004,51.21
2003/05/27,2475130,12994385,5.25,5.25,5.25,5.25,+0.33,257,100.0,67.47
2003/05/28,5452281,27832140,5.25,5.3,4.95,4.96,-0.29,683,70.689999999999998,68.54
2003/05/29,1771125,8886786,4.96,5.1,4.95,5.05,+0.09,293,78.450000000000003,71.84
2003/05/30,2575116,13082782,5.05,5.2,5.0,5.05,0.00,270,78.450000000000003,74.04
2003/06/02,1573600,8081762,5.15,5.2,5.1,5.2,+0.15,221,91.379999999999995,79.82
2003/06/03,1219000,6260600,5.2,5.25,5.05,5.05,-0.15,139,78.450000000000003,79.36
2003/06/05,3335000,17030400,5.1,5.2,5.05,5.1,+0.05,303,79.170000000000002,79.30
2003/06/06,1213005,6206925,5.15,5.2,5.05,5.1,0.00,174,63.640000000000001,74.08
2003/06/09,2950201,15301219,5.1,5.3,5.05,5.15,+0.05,337,57.140000000000001,68.44
2003/06/10,4358000,23261300,5.15,5.5,5.15,5.3,+0.15,440,63.640000000000001,66.84
2003/06/11,3011001,15993255,5.4,5.4,5.2,5.3,0.00,311,63.640000000000001,65.77
2003/06/12,3940000,21327150,5.35,5.55,5.3,5.5,+0.20,456,90.909999999999997,74.15
2003/06/13,2030011,10956359,5.6,5.6,5.3,5.3,-0.20,260,45.450000000000003,64.58
2003/06/16,1890000,10123550,5.3,5.4,5.3,5.3,0.00,224,45.450000000000003,58.20
2003/06/17,5369002,29643960,5.4,5.65,5.35,5.65,+0.35,564,100.0,72.13
2003/06/18,8049157,45941371,5.7,5.85,5.55,5.65,0.00,786,75.0,73.09
2003/06/19,10047585,59114587,5.75,6.0,5.65,5.85,+0.20,1158,84.209999999999994,76.80
2003/06/20,5036990,29177944,5.8,6.0,5.65,5.75,-0.10,541,70.590000000000003,74.73
2003/06/23,2778000,15706400,5.75,5.9,5.45,5.55,-0.20,296,43.75,64.40
2003/06/24,873015,4775682,5.4,5.6,5.4,5.55,0.00,142,35.710000000000001,54.83
2003/06/25,1876020,10847601,5.7,5.85,5.6,5.75,+0.20,315,64.290000000000006,57.98
2003/06/26,3296001,19144605,5.85,6.0,5.55,5.65,-0.10,406,50.0,55.32
2003/06/27,2776910,16009511,5.75,5.9,5.6,5.7,+0.05,371,53.850000000000001,54.83
2003/06/30,2610280,15098400,5.85,5.9,5.65,5.7,0.00,315,50.0,53.22
2003/07/01,3681001,21425005,5.85,5.95,5.7,5.9,+0.20,490,83.329999999999998,63.26
2003/07/02,2296595,13408391,5.9,5.95,5.7,5.7,-0.20,374,50.0,58.84
2003/07/03,2077466,11773990,5.7,5.8,5.6,5.6,-0.10,302,33.329999999999998,50.34
2003/07/04,2871000,16531700,5.7,5.85,5.65,5.65,+0.05,360,41.670000000000002,47.45
2003/07/07,2131000,12253250,5.75,5.85,5.7,5.7,+0.05,265,33.329999999999998,42.74
2003/07/08,1489000,8456100,5.8,5.8,5.6,5.65,-0.05,226,22.219999999999999,35.90
2003/07/09,2302002,13267210,5.6,5.85,5.6,5.75,+0.10,334,42.859999999999999,38.22
2003/07/10,5813001,35725155,6.15,6.15,6.1,6.15,+0.40,670,100.0,58.81
2003/07/11,4467415,26600430,6.25,6.25,5.8,5.85,-0.30,618,38.460000000000001,52.03
2003/07/14,4356588,26102171,5.95,6.1,5.8,5.85,0.00,512,38.460000000000001,47.51
2003/07/15,5066874,31083284,6.0,6.25,5.95,6.2,+0.35,728,92.310000000000002,62.44
2003/07/16,7935163,51530262,6.3,6.6,6.2,6.6,+0.40,1021,100.0,74.96
2003/07/17,7016515,46612692,6.75,6.95,6.25,6.3,-0.30,843,51.850000000000001,67.25
2003/07/18,3387002,20909612,6.3,6.5,6.0,6.1,-0.20,404,37.039999999999999,57.18
2003/07/21,2627000,16181850,6.2,6.3,5.95,6.15,+0.05,406,40.740000000000002,51.70
2003/07/22,2517000,15738600,6.15,6.4,6.05,6.15,0.00,410,30.43,44.61
2003/07/23,1907000,11699200,6.3,6.35,6.0,6.05,-0.10,265,21.739999999999998,36.99
2003/07/24,1004000,6060500,6.05,6.15,5.95,6.05,0.00,210,21.739999999999998,31.91
2003/07/25,5404000,34465200,6.05,6.45,6.05,6.45,+0.40,529,50.0,37.94
2003/07/28,4265840,29413453,6.9,6.9,6.7,6.9,+0.45,448,95.0,56.96
2003/07/29,7332460,50103296,7.35,7.35,6.45,6.45,-0.45,859,35.710000000000001,49.87
2003/07/30,2332720,14625263,6.5,6.5,6.1,6.25,-0.20,309,21.43,40.39
2003/07/31,1613000,10180500,6.25,6.5,6.2,6.25,0.00,280,21.43,34.07
2003/08/01,1486362,9411597,6.35,6.4,6.25,6.3,+0.05,244,25.0,31.04
2003/08/04,6125000,40562200,6.3,6.7,6.2,6.7,+0.40,632,53.57,38.55
2003/08/05,4205575,28205253,6.85,6.9,6.5,6.5,-0.20,520,39.289999999999999,38.80
2003/08/06,1782711,11342341,6.4,6.6,6.2,6.25,-0.25,252,15.380000000000001,31.00
2003/08/07,1817000,11144200,6.2,6.35,6.0,6.1,-0.15,285,7.4100000000000001,23.14
2003/08/08,3363255,21621252,6.15,6.5,6.15,6.25,+0.15,466,18.52,21.60
2003/08/11,1132000,7054800,6.3,6.4,6.15,6.2,-0.05,173,22.219999999999999,21.81
2003/08/12,2250586,14128408,6.4,6.4,6.2,6.2,0.00,260,22.219999999999999,21.95
2003/08/13,1514001,9603356,6.3,6.45,6.3,6.4,+0.20,250,44.439999999999998,29.44
2003/08/14,3079001,19969156,6.35,6.6,6.35,6.4,0.00,407,44.439999999999998,34.44
2003/08/15,4370672,29150421,6.5,6.8,6.5,6.6,+0.20,585,66.670000000000002,45.18
2003/08/18,5884000,40378550,6.7,6.95,6.7,6.85,+0.25,580,89.469999999999999,59.94
2003/08/19,4456130,30024792,7.0,7.05,6.5,6.55,-0.30,570,52.380000000000003,57.42
2003/08/20,2658004,17567374,6.6,6.8,6.4,6.65,+0.10,368,55.560000000000002,56.80
2003/08/21,1877000,12213050,6.65,6.65,6.4,6.45,-0.20,270,33.329999999999998,48.98
2003/08/22,2833000,18663900,6.5,6.7,6.5,6.6,+0.15,426,47.060000000000002,48.34
2003/08/25,5722000,39382650,6.8,7.0,6.7,6.95,+0.35,833,86.670000000000002,61.12
2003/08/26,3002001,20133956,6.7,6.9,6.55,6.55,-0.40,432,28.57,50.27
2003/08/27,3258000,21785350,6.7,6.85,6.55,6.6,+0.05,435,30.77,43.77
2003/08/28,2044002,13091263,6.65,6.65,6.25,6.25,-0.35,313,0.0,29.18
2003/08/29,1815004,11718574,6.35,6.55,6.35,6.45,+0.20,269,25.0,27.78
2003/09/01,1811004,11908674,6.55,6.7,6.5,6.5,+0.05,242,33.329999999999998,29.63
2003/09/02,974000,6310750,6.5,6.6,6.4,6.4,-0.10,179,20.0,26.42
2003/09/03,1402800,8928295,6.5,6.5,6.3,6.3,-0.10,231,6.6699999999999999,19.83
2003/09/04,1127000,7087100,6.35,6.45,6.15,6.25,-0.05,158,11.76,17.14
2003/09/05,456000,2864200,6.3,6.35,6.2,6.2,-0.05,91,6.6699999999999999,13.65
2003/09/08,393646,2438978,6.2,6.3,6.1,6.2,0.00,105,13.33,13.54
2003/09/09,826000,5168400,6.25,6.35,6.15,6.15,-0.05,135,8.3300000000000001,11.81
2003/09/10,1122000,6608400,6.1,6.15,5.75,5.85,-0.30,193,10.529999999999999,11.38
2003/09/12,1347000,8000800,5.85,6.05,5.85,5.95,+0.10,123,21.050000000000001,14.61
2003/09/15,832500,5159209,6.15,6.25,6.0,6.25,+0.30,159,58.82,29.35
2003/09/16,883153,5526699,6.25,6.35,6.15,6.25,0.00,163,66.670000000000002,41.79
2003/09/17,1350000,8518350,6.3,6.4,6.2,6.35,+0.10,193,85.709999999999994,56.43
2003/09/18,1213657,7755293,6.35,6.5,6.3,6.4,+0.05,204,86.670000000000002,66.51
2003/09/19,2599001,16913556,6.5,6.6,6.4,6.4,0.00,381,76.469999999999999,69.83
2003/09/22,949668,6090295,6.5,6.5,6.35,6.35,-0.05,174,70.590000000000003,70.08
2003/09/23,810001,5081256,6.4,6.4,6.2,6.3,-0.05,123,64.709999999999994,68.29
2003/09/24,2917598,19023241,6.3,6.6,6.3,6.6,+0.30,423,100.0,78.86
2003/09/25,12008001,82510006,6.6,7.05,6.45,6.85,+0.25,1659,80.950000000000003,79.55
2003/09/26,3160720,20959902,6.8,6.85,6.45,6.5,-0.35,510,38.890000000000001,65.99
2003/09/29,3437275,23082775,6.45,6.85,6.45,6.65,+0.15,557,52.939999999999998,61.64
2003/09/30,2158000,14149200,6.7,6.8,6.35,6.55,-0.10,315,41.18,54.82
2003/10/01,1057000,6786100,6.4,6.55,6.3,6.55,0.00,187,41.18,50.28
2003/10/02,1953001,12820756,6.55,6.65,6.45,6.45,-0.10,296,29.41,43.32
2003/10/03,1657195,10934349,6.6,6.7,6.5,6.55,+0.10,283,41.18,42.61
2003/10/06,1906020,12635230,6.7,6.7,6.55,6.55,0.00,287,33.329999999999998,39.52
2003/10/07,2735256,18245915,6.7,6.8,6.55,6.65,+0.10,332,46.670000000000002,41.91
2003/10/08,1875318,12580101,6.8,6.8,6.6,6.6,-0.05,290,54.549999999999997,46.12
2003/10/09,2420219,16301045,6.6,6.8,6.6,6.65,+0.05,417,63.640000000000001,51.96
2003/10/13,2906000,19476300,6.75,6.8,6.6,6.65,0.00,388,70.0,57.97
2003/10/14,12115528,84919789,6.7,7.1,6.7,7.1,+0.45,1087,100.0,71.98
2003/10/15,6303119,46934832,7.35,7.55,7.35,7.55,+0.45,751,100.0,81.32
2003/10/16,21673258,173201341,8.05,8.05,7.85,8.05,+0.50,3006,100.0,87.54
2003/10/17,7347990,57162920,7.8,8.05,7.6,7.65,-0.40,1255,73.329999999999998,82.80
2003/10/20,7139255,56257996,7.75,8.0,7.75,7.8,+0.15,1065,83.329999999999998,82.98
2003/10/21,6185000,48069600,7.9,8.0,7.6,7.9,+0.10,930,89.659999999999997,85.21
2003/10/22,5587000,44770000,8.0,8.3,7.8,7.8,-0.10,814,70.590000000000003,80.34
2003/10/23,4301000,32223250,7.5,7.75,7.35,7.4,-0.40,619,47.060000000000002,69.25
2003/10/24,1939000,14340750,7.45,7.65,7.25,7.3,-0.10,347,37.5,58.67
2003/10/27,2270244,16904579,7.4,7.55,7.3,7.4,+0.10,395,14.289999999999999,43.87
2003/10/28,1794978,13353796,7.5,7.55,7.35,7.45,+0.05,350,19.050000000000001,35.60
2003/10/29,1873000,13968800,7.55,7.6,7.35,7.45,0.00,342,19.050000000000001,30.08
2003/10/30,1287000,9587550,7.5,7.5,7.4,7.45,0.00,255,19.050000000000001,26.40
2003/10/31,3058000,23236150,7.5,7.8,7.45,7.45,0.00,554,19.050000000000001,23.95
2003/11/03,1386750,10395506,7.5,7.6,7.4,7.55,+0.10,261,28.57,25.49
2003/11/04,2166003,16580372,7.65,7.75,7.55,7.6,+0.05,406,63.640000000000001,38.20
2003/11/05,10968950,87690430,7.7,8.1,7.65,8.1,+0.50,1403,100.0,58.80
2003/11/06,7964022,63115639,8.1,8.2,7.55,7.6,-0.50,1128,33.329999999999998,50.31
2003/11/07,3240542,24128854,7.6,7.75,7.25,7.4,-0.20,505,15.789999999999999,38.80
2003/11/10,1570029,11664013,7.25,7.55,7.25,7.4,0.00,272,15.789999999999999,31.13
2003/11/11,1391000,10395000,7.4,7.6,7.3,7.45,+0.05,232,21.050000000000001,27.77
2003/11/12,1865001,13601207,7.4,7.5,7.1,7.15,-0.30,319,4.5499999999999998,20.03
2003/11/13,2684290,19683211,7.2,7.6,7.2,7.25,+0.10,429,13.640000000000001,17.90
2003/11/14,1274454,9257532,7.4,7.4,7.2,7.3,+0.05,210,18.18,17.99
2003/11/17,945000,6866850,7.3,7.4,7.2,7.25,-0.05,131,13.640000000000001,16.54
2003/11/18,606308,4338618,7.3,7.3,7.1,7.15,-0.10,154,4.5499999999999998,12.55
2003/11/19,1329004,9472628,7.1,7.25,7.05,7.1,-0.05,243,7.1399999999999997,10.75
2003/11/20,786750,5619344,7.2,7.25,7.05,7.05,-0.05,166,0.0,7.17
2003/11/21,795085,5443503,7.05,7.15,6.75,6.8,-0.25,191,5.8799999999999999,6.74
2003/11/24,1383000,9899600,6.85,7.25,6.85,7.25,+0.45,308,58.82,24.10
2003/11/25,8566549,65853328,7.55,7.75,7.5,7.6,+0.35,1431,85.0,44.40
2003/11/26,1996461,14967984,7.6,7.6,7.4,7.45,-0.15,377,70.0,52.93
2003/11/27,2826205,21095583,7.45,7.6,7.3,7.3,-0.15,497,55.0,53.62
2003/11/28,3535064,26707974,7.4,7.7,7.4,7.4,+0.10,570,65.0,57.42
2003/12/01,1939000,14247350,7.5,7.55,7.25,7.3,-0.10,310,55.0,56.61
2003/12/02,2622002,19586014,7.35,7.55,7.35,7.4,+0.10,357,65.0,59.41
2003/12/03,1099786,8089383,7.45,7.5,7.25,7.35,-0.05,216,60.0,59.61
2003/12/04,2059903,15424949,7.35,7.65,7.35,7.35,0.00,331,55.560000000000002,58.26
2003/12/05,1563161,11400398,7.45,7.45,7.2,7.25,-0.10,286,9.0899999999999999,41.87
2003/12/08,790517,5718302,7.15,7.3,7.15,7.15,-0.10,151,0.0,27.91
2003/12/09,797453,5734478,7.2,7.3,7.15,7.15,0.00,164,0.0,18.61
2003/12/10,751999,5366750,7.15,7.2,7.1,7.15,0.00,146,8.3300000000000001,15.19
2003/12/11,741114,5333310,7.15,7.25,7.15,7.2,+0.05,127,18.18,16.19
2003/12/12,927350,6738056,7.35,7.35,7.2,7.2,0.00,152,18.18,16.85
2003/12/15,640000,4648000,7.4,7.4,7.2,7.3,+0.10,104,36.359999999999999,23.35
2003/12/16,731147,5359166,7.2,7.4,7.2,7.35,+0.05,137,45.450000000000003,30.72
2003/12/17,2563528,18994558,7.45,7.55,7.2,7.25,-0.10,458,33.329999999999998,31.59
2003/12/18,723000,5249550,7.25,7.35,7.2,7.25,0.00,172,33.329999999999998,32.17
2003/12/19,7353000,56114400,7.35,7.75,7.2,7.7,+0.45,1016,92.310000000000002,52.22
2003/12/22,3666005,28154288,7.75,7.8,7.55,7.7,0.00,448,85.709999999999994,63.38
2003/12/23,1168793,8900874,7.75,7.75,7.5,7.5,-0.20,237,53.850000000000001,60.20
2003/12/24,3563308,27332494,7.6,7.8,7.5,7.55,+0.05,556,58.329999999999998,59.57
2003/12/25,3743000,28994100,7.6,7.85,7.6,7.7,+0.15,645,76.920000000000002,65.35
2003/12/26,1795843,13743306,7.75,7.85,7.6,7.65,-0.05,287,69.230000000000004,66.65
2003/12/29,3006501,23371324,7.8,7.95,7.6,7.65,0.00,463,60.0,64.43
2003/12/30,1583624,11985698,7.65,7.7,7.5,7.5,-0.15,256,40.0,56.28
2003/12/31,1298528,9908730,7.5,7.7,7.5,7.65,+0.15,272,60.0,57.52
2004/01/02,3219000,24943050,7.6,7.85,7.6,7.8,+0.15,438,66.670000000000002,60.57
2004/01/05,4683100,36988683,7.85,8.0,7.8,7.85,+0.05,668,70.0,63.71
2004/01/06,14919012,122875643,7.95,8.35,7.9,8.35,+0.50,1321,100.0,75.80
2004/01/07,5884696,52056818,8.8,8.9,8.75,8.9,+0.55,711,100.0,83.86
2004/01/08,24261731,217823758,9.25,9.25,8.75,9.0,+0.10,3228,85.709999999999994,84.48
2004/01/09,10345479,92469984,9.05,9.15,8.45,8.45,-0.55,1860,54.289999999999999,74.42
2004/01/12,4108725,34726577,8.45,8.6,8.35,8.4,-0.05,843,51.43,66.75
2004/01/13,5007993,42248584,8.5,8.6,8.3,8.3,-0.10,879,45.710000000000001,59.74
2004/01/14,5484314,47759187,8.4,8.85,8.35,8.85,+0.55,753,75.760000000000005,65.08
2004/01/15,17460783,163216587,9.25,9.45,9.15,9.45,+0.60,2409,100.0,76.72
2004/01/16,14739994,141896433,9.55,9.9,9.4,9.6,+0.15,2398,85.0,79.48
2004/01/27,13183000,133782050,9.8,10.25,9.8,10.2,+0.60,2043,97.439999999999998,85.47
2004/01/28,18247301,187333750,10.2,10.6,10.0,10.0,-0.20,2933,73.909999999999997,81.62
2004/01/29,26521119,276419982,10.0,10.7,9.9,10.7,+0.70,3579,100.0,87.74
2004/01/30,22491616,245135296,10.95,11.3,10.5,10.85,+0.15,3432,85.0,86.82
2004/02/02,18142034,199448006,10.85,11.35,10.7,10.75,-0.10,3095,80.329999999999998,84.66
2004/02/03,9046950,91729751,10.75,10.75,10.0,10.05,-0.70,1551,56.670000000000002,75.33
2004/02/04,6135002,61748307,9.9,10.3,9.8,10.05,0.00,1219,40.909999999999997,63.86
2004/02/05,6660117,67822690,10.15,10.4,10.05,10.05,0.00,1201,33.329999999999998,53.68
2004/02/06,9837000,103297950,10.1,10.65,10.1,10.55,+0.50,1809,48.390000000000001,51.92
2004/02/09,9073001,97423410,10.7,11.0,10.35,10.45,-0.10,1649,41.939999999999998,48.59
2004/02/10,9223625,97114341,10.45,10.65,10.4,10.65,+0.20,1552,54.840000000000003,50.67
2004/02/11,8147000,86230250,10.8,10.8,10.35,10.4,-0.25,1504,38.710000000000001,46.68
2004/02/12,10295078,106737032,10.5,10.7,9.8,9.85,-0.55,1665,3.23,32.20
2004/02/13,4910019,49686985,10.0,10.25,9.9,10.2,+0.35,944,33.329999999999998,32.58
2004/02/16,9353543,97862654,10.35,10.6,10.2,10.5,+0.30,1615,58.329999999999998,41.16
2004/02/17,11615976,124482066,10.75,11.05,10.35,11.05,+0.55,2048,100.0,60.77
2004/02/18,19064524,215369394,11.35,11.65,10.85,10.95,-0.10,3153,62.159999999999997,61.23
2004/02/19,5949895,64132493,10.85,11.1,10.6,10.65,-0.30,1015,45.950000000000003,56.14
2004/02/20,6770200,73163318,10.8,11.0,10.6,10.6,-0.05,1167,43.240000000000002,51.84
2004/02/23,5309519,56890607,10.6,10.9,10.6,10.7,+0.10,872,48.649999999999999,50.78
2004/02/24,5441554,58213731,10.85,10.95,10.5,10.5,-0.20,845,37.840000000000003,46.46
2004/02/25,3073576,31970212,10.5,10.6,10.3,10.3,-0.20,589,22.859999999999999,38.59
2004/02/26,3840521,39442634,10.3,10.5,10.1,10.1,-0.20,653,0.0,25.73
2004/02/27,3313210,33537335,10.15,10.25,10.05,10.2,+0.10,602,9.3699999999999992,20.27
2004/03/01,5174088,53770330,10.35,10.55,10.2,10.4,+0.20,741,21.870000000000001,20.80
2004/03/02,8036632,88944284,11.0,11.1,11.0,11.1,+0.70,895,100.0,47.20
2004/03/03,31845445,369095271,11.85,11.85,11.1,11.1,0.00,4233,58.329999999999998,50.91
2004/03/04,11771572,129929602,11.1,11.3,10.6,10.9,-0.20,1784,47.219999999999999,49.68
2004/03/05,7405376,80602874,11.0,11.15,10.5,10.5,-0.40,1113,25.0,41.45
2004/03/08,4083037,43449324,10.5,10.9,10.5,10.6,+0.10,754,30.559999999999999,37.82
2004/03/09,6141417,66691591,10.6,11.0,10.6,10.7,+0.10,1077,36.109999999999999,37.25
2004/03/10,4219445,44819965,10.8,10.9,10.4,10.4,-0.30,792,19.440000000000001,31.31
2004/03/11,4686434,50069586,10.4,10.9,10.35,10.8,+0.40,809,36.359999999999999,32.99
2004/03/12,13357503,147661325,10.6,11.3,10.6,10.85,+0.05,2316,33.329999999999998,33.10
2004/03/15,14287786,160943766,11.2,11.5,10.8,10.85,0.00,2389,33.329999999999998,33.18
2004/03/16,6223091,65766731,10.9,11.1,10.1,10.2,-0.65,1105,7.1399999999999997,24.50
2004/03/17,7468217,77541300,10.5,10.6,10.2,10.5,+0.30,1247,28.57,25.85
2004/03/18,9947800,108696200,10.6,11.2,10.45,11.2,+0.70,1440,78.569999999999993,43.42
2004/03/19,38175643,452927019,11.6,11.95,11.5,11.95,+0.75,3472,100.0,62.28
2004/03/22,476934,5323671,11.15,11.15,11.15,11.15,-0.80,101,56.759999999999998,60.44
2004/03/23,2349667,24436997,10.4,10.4,10.4,10.4,-0.75,271,16.219999999999999,45.70
2004/03/24,14430075,142735974,10.0,10.35,9.7,9.7,-0.70,1045,0.0,30.47
2004/03/25,11584059,106379318,9.2,9.5,9.05,9.05,-0.65,1489,0.0,20.31
2004/03/26,6943753,59914677,8.9,9.05,8.45,8.45,-0.60,971,0.0,13.54
2004/03/29,1573003,14157024,9.0,9.0,9.0,9.0,+0.55,200,15.710000000000001,14.27
2004/03/30,5484867,52465356,9.6,9.6,9.35,9.6,+0.60,712,32.859999999999999,20.46
2004/03/31,11678005,116426243,9.8,10.15,9.8,10.0,+0.40,1675,44.289999999999999,28.40
2004/04/01,5541202,53792703,9.85,9.9,9.6,9.75,-0.25,791,48.149999999999999,34.98
2004/04/02,5743635,57353809,9.9,10.2,9.75,9.9,+0.15,993,74.359999999999999,48.11
2004/04/05,6316000,62858200,10.0,10.1,9.65,10.0,+0.10,907,81.579999999999998,59.26
2004/04/06,6020175,60875590,10.0,10.3,9.9,10.1,+0.10,936,89.189999999999998,69.24
2004/04/07,3281011,33241060,10.3,10.3,9.95,10.0,-0.10,494,83.780000000000001,74.09
2004/04/08,3633006,36591304,9.9,10.25,9.8,9.9,-0.10,609,69.230000000000004,72.47
2004/04/09,2453562,24224982,9.85,10.1,9.75,9.8,-0.10,432,47.369999999999997,64.10
2004/04/12,5157006,52488855,10.0,10.3,9.9,10.2,+0.40,770,85.709999999999994,71.30
2004/04/13,4365052,43684366,10.3,10.3,9.85,9.9,-0.30,754,42.859999999999999,61.82
2004/04/14,2154998,21271270,9.85,10.0,9.8,9.8,-0.10,439,23.079999999999998,48.90
2004/04/15,3261073,32013555,9.85,10.0,9.6,9.6,-0.20,542,0.0,32.60
2004/04/16,4819873,49119679,9.8,10.25,9.8,10.25,+0.65,635,92.859999999999999,52.68
2004/04/19,11980959,126356774,10.5,10.8,10.4,10.45,+0.20,1596,70.829999999999998,58.73
2004/04/20,7536151,78166968,10.6,10.7,10.05,10.4,-0.05,940,66.670000000000002,61.37
2004/04/21,11089199,119884495,10.55,11.1,10.4,11.1,+0.70,1175,100.0,74.24
2004/04/22,13818014,154514531,11.3,11.6,10.7,11.0,-0.10,1881,70.0,72.82
2004/04/23,6147001,66302960,11.0,11.1,10.5,10.85,-0.15,731,62.5,69.38
2004/04/26,11339000,128678050,11.2,11.55,11.15,11.3,+0.45,1600,85.0,74.58
2004/04/27,13907045,158737012,11.35,11.7,11.1,11.7,+0.40,1798,100.0,83.05
2004/04/28,27687000,331722032,11.85,12.3,11.6,11.65,-0.05,4287,74.0,80.04
2004/04/29,7673000,85121400,11.5,11.5,10.85,10.85,-0.80,1171,35.560000000000002,65.21
2004/04/30,7083000,72049900,10.4,10.6,10.1,10.1,-0.75,933,2.2200000000000002,44.21
2004/05/03,3680000,35615550,10.1,10.1,9.4,9.45,-0.65,720,1.72,30.04
2004/05/04,1924615,19380280,9.75,10.1,9.75,10.1,+0.65,231,24.140000000000001,28.08
2004/05/05,15698801,160068896,10.3,10.55,9.45,9.8,-0.30,2393,13.789999999999999,23.32
2004/05/06,6240712,60455940,10.0,10.1,9.2,9.45,-0.35,989,8.0600000000000005,18.24
2004/05/07,4790348,45878219,9.4,9.85,9.1,9.75,+0.30,944,20.309999999999999,18.93
2004/05/10,3111000,28849550,9.4,9.6,9.1,9.1,-0.65,526,0.0,12.62
2004/05/11,5214000,47966500,9.1,9.45,8.65,9.2,+0.10,899,19.300000000000001,14.84
2004/05/12,5803001,55776959,9.5,9.75,9.4,9.75,+0.55,778,56.409999999999997,28.69
2004/05/13,3187001,30927709,9.75,9.9,9.4,9.5,-0.25,597,44.740000000000002,34.04
2004/05/14,8089500,79009424,9.5,10.05,9.5,9.6,+0.10,1363,50.0,39.36
2004/05/17,2126000,19086250,9.1,9.2,8.95,8.95,-0.65,318,15.789999999999999,31.50
2004/05/18,4177000,36394200,8.75,9.15,8.5,8.5,-0.45,828,0.0,21.00
2004/05/19,3277004,29436132,8.95,9.05,8.6,9.05,+0.55,603,35.479999999999997,25.83
2004/05/20,5852295,53532905,9.0,9.4,8.7,8.95,-0.10,1090,29.030000000000001,26.90
2004/05/21,6925000,65161500,9.0,9.55,9.0,9.55,+0.60,1087,67.739999999999995,40.51
2004/05/24,5936380,56901158,9.4,9.85,9.35,9.5,-0.05,1024,64.519999999999996,48.52
2004/05/25,4099350,39142657,9.35,9.7,9.35,9.55,+0.05,639,67.739999999999995,54.93
2004/05/26,7931703,78111576,9.65,10.05,9.6,9.6,+0.05,1155,70.969999999999999,60.28
2004/05/27,2670506,25665180,9.65,9.8,9.5,9.7,+0.10,435,77.420000000000002,66.00
2004/05/28,6161398,61141840,9.8,10.05,9.75,9.85,+0.15,981,87.099999999999994,73.03
2004/05/31,12641001,121936909,9.3,9.9,9.3,9.4,-0.45,1907,55.170000000000002,67.08
2004/06/01,5864417,53413297,9.3,9.4,9.0,9.1,-0.30,856,29.629999999999999,54.60
2004/06/02,10627001,101741659,9.1,9.7,9.05,9.55,+0.45,1413,52.380000000000003,53.86
2004/06/03,15936000,155925450,9.7,10.0,9.55,9.65,+0.10,2168,61.899999999999999,56.54
2004/06/04,18361001,187955909,9.7,10.3,9.7,10.3,+0.65,2156,100.0,71.02
2004/06/07,14356034,157300962,11.0,11.0,10.75,11.0,+0.70,2077,100.0,80.68
2004/06/08,19648484,216162184,11.0,11.25,10.65,11.1,+0.10,3044,93.329999999999998,84.90
2004/06/09,48422038,548891169,11.2,11.7,11.0,11.1,0.00,6617,77.780000000000001,82.53
2004/06/10,36881000,416634600,11.0,11.55,10.85,11.45,+0.35,5461,90.739999999999995,85.27
2004/06/11,15677086,178039945,11.45,11.6,11.05,11.1,-0.35,2648,77.780000000000001,82.78
2004/06/14,14089482,149628170,11.15,11.3,10.35,10.35,-0.75,2396,49.060000000000002,71.54
2004/06/15,9838000,99959600,10.05,10.35,10.05,10.25,-0.10,1494,32.560000000000002,58.54
2004/06/16,20236510,211458845,10.5,10.7,10.1,10.6,+0.35,3467,45.0,54.03
2004/06/17,17975980,186581104,10.6,10.75,9.9,9.9,-0.70,2932,0.0,36.02
2004/06/18,10804001,101590509,9.4,9.8,9.3,9.35,-0.55,1965,2.0800000000000001,24.70
2004/06/21,10215502,95897217,9.4,9.55,9.25,9.3,-0.05,1614,2.04,17.15
2004/06/23,9336011,88986901,9.4,9.7,9.3,9.4,+0.10,1654,6.3799999999999999,13.56
2004/06/24,8727000,83869250,9.5,9.75,9.45,9.6,+0.20,1467,14.890000000000001,14.00
2004/06/25,5858000,55981000,9.6,9.7,9.45,9.45,-0.15,939,9.7599999999999998,12.58
2004/06/28,3891001,36526609,9.5,9.55,9.25,9.25,-0.20,718,0.0,8.39
2004/06/29,4500000,41686550,9.25,9.4,9.1,9.25,0.00,843,9.0899999999999999,8.62
2004/06/30,4914476,46405576,9.5,9.65,9.25,9.25,0.00,953,9.0899999999999999,8.78
2004/07/01,3275000,30612550,9.35,9.45,9.25,9.35,+0.10,657,35.710000000000001,17.75
2004/07/02,5807977,55047984,9.25,9.6,9.2,9.5,+0.15,1072,61.539999999999999,32.34
2004/07/05,8231801,79574268,9.6,9.8,9.5,9.7,+0.20,1504,85.709999999999994,50.13
2004/07/06,3324013,31687223,9.8,9.8,9.35,9.4,-0.30,676,42.859999999999999,47.71
2004/07/07,2352001,22079109,9.3,9.5,9.25,9.35,-0.05,486,35.710000000000001,43.71
2004/07/08,3065001,28802609,9.4,9.55,9.3,9.3,-0.05,609,28.57,38.66
2004/07/09,1915315,17907659,9.35,9.45,9.3,9.35,+0.05,417,35.710000000000001,37.67
2004/07/12,8157201,78272918,9.4,9.75,9.35,9.5,+0.15,1436,50.0,41.78
2004/07/13,2840526,26893516,9.6,9.6,9.4,9.4,-0.10,478,33.329999999999998,38.96
2004/07/14,3446000,31970700,9.4,9.5,9.05,9.05,-0.35,651,0.0,25.97
2004/07/15,4593500,40707150,9.1,9.1,8.6,8.7,-0.35,806,8.3300000000000001,20.09
2004/07/16,2555000,22544700,8.7,9.0,8.7,8.75,+0.05,547,12.5,17.56
2004/07/19,3487010,29594385,8.8,8.8,8.2,8.35,-0.40,530,9.6799999999999997,14.94
2004/07/20,3404053,27508589,8.3,8.5,7.8,7.8,-0.55,621,0.0,9.96
2004/07/21,4145636,32215233,8.0,8.05,7.55,7.7,-0.10,685,6.8200000000000003,8.91
2004/07/22,1985001,14949457,7.6,7.65,7.4,7.55,-0.15,381,6.3799999999999999,8.07
2004/07/23,2450664,18572735,7.45,7.7,7.45,7.45,-0.10,397,2.27,6.14
2004/07/26,2337006,17323144,7.45,7.5,7.35,7.4,-0.05,284,2.3300000000000001,4.87
2004/07/27,2363187,17783095,7.4,7.6,7.4,7.55,+0.15,466,11.43,7.06
2004/07/28,3616000,27780900,7.7,7.8,7.6,7.6,+0.05,583,15.15,9.76
2004/07/29,1712001,12969707,7.65,7.7,7.5,7.5,-0.10,264,10.34,9.96
2004/07/30,12766300,100898188,7.55,8.0,7.5,8.0,+0.50,1125,56.520000000000003,25.48
2004/08/02,8617276,69254969,8.1,8.15,7.85,7.9,-0.10,1108,68.75,39.91
2004/08/03,4955003,38875521,7.95,8.05,7.6,7.6,-0.30,663,31.25,37.03
2004/08/04,2876719,21355434,7.55,7.55,7.35,7.35,-0.25,453,0.0,24.69
2004/08/05,3110072,23326376,7.4,7.85,7.3,7.65,+0.30,588,41.18,30.19
2004/08/06,3272206,25027966,7.65,7.8,7.5,7.55,-0.10,506,29.41,29.93
2004/08/09,1758001,13337857,7.45,7.7,7.45,7.65,+0.10,266,41.18,33.68
2004/08/10,4119002,30065564,7.15,7.5,7.15,7.4,-0.25,715,25.0,30.78
2004/08/11,2588501,19061587,7.4,7.45,7.25,7.4,0.00,408,25.0,28.85
2004/08/12,1095001,8139957,7.4,7.6,7.3,7.55,+0.15,204,40.0,32.56
2004/08/13,1476507,11079305,7.45,7.6,7.45,7.55,0.00,188,44.439999999999998,36.52
2004/08/16,656003,4957771,7.5,7.6,7.5,7.55,0.00,128,57.140000000000001,43.40
2004/08/17,735002,5540764,7.6,7.7,7.45,7.5,-0.05,150,50.0,45.60
2004/08/18,4352000,31596950,7.5,7.5,7.0,7.4,-0.10,567,50.0,47.07
2004/08/19,1804020,13597697,7.4,7.6,7.4,7.55,+0.15,279,78.569999999999993,57.57
2004/08/20,2018000,15509550,7.6,7.8,7.55,7.6,+0.05,386,75.0,63.38
2004/08/23,6174000,49872150,8.0,8.1,7.95,8.1,+0.50,630,100.0,75.58
2004/08/26,6408227,54775767,8.45,8.65,8.4,8.65,+0.55,813,100.0,83.72
2004/08/27,8273999,74766191,9.0,9.25,8.7,9.15,+0.50,1240,95.560000000000002,87.66
2004/08/30,4637202,43209188,9.25,9.5,9.25,9.25,+0.10,691,90.0,88.44
2004/08/31,4846000,45319500,9.25,9.55,9.2,9.3,+0.05,761,90.200000000000003,89.03
2004/09/01,7325089,71008223,9.3,9.9,9.3,9.9,+0.60,1215,100.0,92.68
2004/09/02,3250950,31889356,9.9,9.9,9.7,9.7,-0.20,543,92.0,92.46
2004/09/03,3905000,38547050,9.7,10.05,9.7,9.7,0.00,730,86.0,90.31
2004/09/06,10793000,109678350,9.95,10.35,9.85,10.35,+0.65,1309,100.0,93.54
2004/09/07,15841195,171883143,10.55,11.05,10.5,11.05,+0.70,2130,100.0,95.69
2004/09/08,22170800,259413970,11.5,11.8,11.5,11.8,+0.75,3365,100.0,97.12
2004/09/09,30009392,369517588,12.1,12.6,12.0,12.6,+0.80,4943,100.0,98.08
2004/09/10,22310800,283326942,12.7,13.05,12.4,12.8,+0.20,3636,93.510000000000005,96.56
2004/09/13,8158066,103358539,12.8,12.8,12.55,12.7,-0.10,1431,90.670000000000002,94.59
2004/09/14,16515003,209559987,12.65,13.0,12.45,12.6,-0.10,2312,86.569999999999993,91.92
2004/09/15,12811585,161841530,12.6,12.75,12.5,12.5,-0.10,1899,83.579999999999998,89.14
2004/09/16,28714071,375044731,12.5,13.35,12.45,13.35,+0.85,4359,100.0,92.76
2004/09/17,27644777,373224375,13.5,13.85,13.15,13.6,+0.25,4435,92.540000000000006,92.69
2004/09/20,11311742,153107788,13.6,13.7,13.4,13.5,-0.10,1752,85.109999999999999,90.16
2004/09/21,19790000,273498350,13.4,14.35,13.35,14.1,+0.60,3435,89.359999999999999,89.90
2004/09/22,23506348,335360748,14.25,14.4,14.05,14.2,+0.10,3707,90.0,89.93
2004/09/23,8298099,117295890,14.1,14.3,14.05,14.1,-0.10,1492,84.620000000000005,88.16
2004/09/24,17429044,250679715,14.1,14.6,14.05,14.4,+0.30,2941,90.700000000000003,89.00
2004/09/27,8187242,117959778,14.4,14.55,14.3,14.4,0.00,1480,90.700000000000003,89.56
2004/09/29,16379660,229905454,14.5,14.55,13.4,13.4,-1.00,2325,44.189999999999998,74.44
2004/09/30,22606566,299596743,13.2,13.55,12.55,13.35,-0.05,3561,39.020000000000003,62.64
2004/10/01,23818000,328160750,13.4,14.25,13.3,14.25,+0.90,3831,82.930000000000007,69.40
2004/10/04,40597506,604913350,14.4,15.2,14.3,15.2,+0.95,4642,100.0,79.60
2004/10/05,30217680,460578620,15.3,15.5,14.95,15.3,+0.10,4763,93.219999999999999,84.14
2004/10/06,28505518,419513564,15.3,15.3,14.25,14.25,-1.05,5190,57.630000000000003,75.30
2004/10/07,35679712,481878103,13.3,14.2,13.3,13.55,-0.70,6110,33.899999999999999,61.50
2004/10/08,16875222,230516541,13.6,13.8,13.5,13.55,0.00,3399,33.899999999999999,52.30
2004/10/11,16296050,225897073,13.65,14.2,13.55,13.95,+0.40,3287,47.460000000000001,50.69
2004/10/12,21401345,301859901,14.5,14.5,13.5,13.5,-0.45,3998,32.200000000000003,44.52
2004/10/13,13931688,190142600,13.8,13.95,13.45,13.5,0.00,2918,9.0899999999999999,32.71
2004/10/14,11715425,155440770,13.5,13.5,13.1,13.15,-0.35,1890,2.0800000000000001,22.50
2004/10/15,10712362,142121384,13.15,13.45,13.1,13.25,+0.10,1791,6.25,17.08
2004/10/18,11883426,159975471,13.4,13.7,13.25,13.25,0.00,2357,6.8200000000000003,13.66
2004/10/19,9369626,123994608,13.5,13.5,13.15,13.2,-0.05,1471,7.1399999999999997,11.49
2004/10/20,12521030,168444693,13.1,13.9,13.1,13.5,+0.30,2270,28.57,17.18
2004/10/21,9712961,130519162,13.7,13.7,13.2,13.2,-0.30,1691,7.1399999999999997,13.83
2004/10/22,6576002,86799826,13.25,13.3,13.1,13.2,0.00,1177,7.1399999999999997,11.60
2004/10/26,7732164,102870453,13.2,13.5,13.1,13.3,+0.10,1479,23.530000000000001,15.57
2004/10/27,5199904,69053613,13.4,13.45,13.2,13.2,-0.10,968,12.5,14.55
2004/10/28,18040162,235498581,13.4,13.4,12.6,13.2,0.00,2726,46.149999999999999,25.08
2004/10/29,26767028,360729423,14.1,14.1,13.05,13.2,0.00,3609,40.0,30.05
2004/11/01,5558937,73008601,13.15,13.25,13.05,13.05,-0.15,944,30.0,30.03
2004/11/02,7636497,100386507,13.0,13.4,13.0,13.4,+0.35,1285,53.329999999999998,37.80
2004/11/03,26960338,376179752,13.3,14.3,13.25,14.3,+0.90,4453,100.0,58.53
2004/11/04,22787470,332106906,14.3,14.9,14.2,14.7,+0.40,4170,91.299999999999997,69.45
2004/11/05,17661368,262272933,14.9,15.1,14.7,14.75,+0.05,3068,86.0,74.97
2004/11/08,6892627,100953489,14.7,14.75,14.55,14.6,-0.15,1089,80.0,76.65
2004/11/09,8433023,122984472,14.6,14.7,14.5,14.6,0.00,1344,80.0,77.77
2004/11/10,12433326,182796237,14.6,14.85,14.6,14.6,0.00,2282,76.189999999999998,77.25
2004/11/11,5600787,81433651,14.6,14.65,14.5,14.5,-0.10,1113,71.430000000000007,75.31
2004/11/12,10583685,151505314,14.5,14.65,14.0,14.2,-0.30,1865,57.140000000000001,69.26
2004/11/15,4998022,70636510,14.25,14.25,14.05,14.05,-0.15,954,43.240000000000002,60.58
2004/11/16,4319001,60838563,14.05,14.15,14.0,14.15,+0.10,843,13.640000000000001,44.94
2004/11/17,14151069,208771920,14.15,15.1,14.15,15.0,+0.85,2469,90.909999999999997,60.26
2004/11/18,8774268,130306515,15.0,15.1,14.65,14.65,-0.35,1407,59.090000000000003,59.87
2004/11/19,8729364,127971821,14.55,14.85,14.4,14.4,-0.25,1557,36.359999999999999,52.03
2004/11/22,5392755,76918360,14.2,14.5,14.05,14.05,-0.35,1057,4.5499999999999998,36.21
2004/11/23,5061000,71108300,14.1,14.3,13.9,14.0,-0.05,996,8.3300000000000001,26.92
2004/11/24,7736000,110264450,14.1,14.45,14.0,14.25,+0.25,1628,29.170000000000002,27.67
2004/11/25,9289000,134107659,14.4,14.6,14.2,14.5,+0.25,2013,50.0,35.12
2004/11/26,11438001,166074267,14.6,14.85,13.9,13.9,-0.60,2076,0.0,23.41
2004/11/29,8223002,113415026,13.9,14.1,13.5,13.8,-0.10,1399,18.75,21.86
2004/11/30,4206082,57883180,13.8,13.85,13.55,13.75,-0.05,656,15.630000000000001,19.78
2004/12/01,6336018,88157396,13.65,14.05,13.65,14.0,+0.25,1165,37.039999999999999,25.54
2004/12/02,16677570,238762238,14.2,14.5,14.05,14.2,+0.20,2671,51.850000000000001,34.31
2004/12/03,11106415,155597694,14.25,14.35,13.75,13.75,-0.45,1913,18.52,29.04
2004/12/06,18272071,241648671,13.75,13.75,12.8,13.15,-0.60,3010,17.07,25.05
2004/12/07,6093028,79605065,13.15,13.2,12.8,13.05,-0.10,1238,12.199999999999999,20.77
2004/12/08,3026040,39253972,13.05,13.05,12.9,12.9,-0.15,666,4.8799999999999999,15.48
2004/12/09,9816000,127022250,12.8,13.05,12.8,13.05,+0.15,1560,14.710000000000001,15.22
2004/12/10,3019020,39224459,13.05,13.05,12.95,12.95,-0.10,579,8.8200000000000003,13.09
2004/12/13,13127000,174114300,12.95,13.55,12.95,13.0,+0.05,2212,11.76,12.65
2004/12/14,5063577,65793057,13.0,13.1,12.9,13.0,0.00,994,11.76,12.35
2004/12/15,10377530,136781080,13.0,13.4,12.95,13.2,+0.20,1919,25.809999999999999,16.83
2004/12/16,7406000,97891300,13.2,13.35,13.15,13.15,-0.05,1391,36.840000000000003,23.50
2004/12/17,8225000,109773250,13.15,13.5,13.15,13.25,+0.10,1811,60.0,35.67
2004/12/20,7040040,93541427,13.0,13.45,13.0,13.15,-0.10,1443,46.670000000000002,39.34
2004/12/21,5991235,79174821,13.2,13.35,13.1,13.2,+0.05,1249,53.329999999999998,44.01
2004/12/22,19660501,265966326,13.3,13.7,13.25,13.4,+0.20,3701,62.5,50.17
2004/12/23,6752005,88729127,13.4,13.4,13.0,13.0,-0.40,1264,12.5,37.62
2004/12/24,7180050,94524646,13.1,13.3,13.0,13.2,+0.20,1582,37.5,37.58
2004/12/27,3404216,44690385,13.2,13.3,13.0,13.0,-0.20,768,6.6699999999999999,27.27
2004/12/28,4130001,53687312,13.0,13.1,12.9,12.9,-0.10,866,0.0,18.18
2004/12/29,8988000,117280250,13.0,13.25,12.95,13.0,+0.10,1871,12.5,16.29
2004/12/30,7338583,95460469,13.0,13.15,12.85,12.85,-0.15,1520,0.0,10.86
2004/12/31,7176000,91691750,12.8,12.9,12.7,12.7,-0.15,1401,0.0,7.24
2005/01/03,7875000,100643500,12.7,12.95,12.65,12.65,-0.05,1520,0.0,4.83
2005/01/04,8877000,108635850,12.65,12.65,12.0,12.05,-0.60,1781,3.5699999999999998,4.41
2005/01/05,14128100,162907048,11.9,12.0,11.25,11.25,-0.80,2835,0.0,2.94
2005/01/06,14330084,162170267,11.2,11.5,11.0,11.3,+0.05,2679,13.039999999999999,6.31
2005/01/07,10351222,116187983,11.35,11.45,11.05,11.1,-0.20,1980,4.4400000000000004,5.69
2005/01/10,11084225,116280222,11.1,11.15,10.35,10.35,-0.75,1880,0.0,3.79
2005/01/11,7747382,81063869,10.3,10.6,10.25,10.5,+0.15,1513,8.6199999999999992,5.40
2005/01/12,5000774,50849978,10.4,10.45,9.9,9.9,-0.60,928,0.0,3.60
2005/01/13,8574315,87747402,10.0,10.45,10.0,10.25,+0.35,1748,11.48,6.23
2005/01/14,7089038,74321175,10.15,10.65,10.1,10.55,+0.30,1463,23.640000000000001,12.03
2005/01/17,4599701,48206101,10.65,10.7,10.25,10.25,-0.30,877,16.670000000000002,13.58
2005/01/18,2788030,28713155,10.3,10.4,10.25,10.25,0.00,545,21.870000000000001,16.34
2005/01/19,2633000,26715350,10.35,10.35,10.05,10.05,-0.20,535,9.6799999999999997,14.12
2005/01/20,3371050,33973799,10.0,10.2,9.95,10.0,-0.05,740,8.0,12.08
2005/01/21,2948520,29623123,10.05,10.2,9.95,10.0,0.00,619,12.5,12.22
2005/01/24,8336991,85822159,10.1,10.4,10.1,10.3,+0.30,1746,50.0,24.82
2005/01/25,6194117,62758535,10.4,10.45,9.9,9.95,-0.35,1187,6.25,18.63
2005/01/26,2877838,28866245,10.05,10.15,9.95,10.05,+0.10,615,18.75,18.67
2005/01/27,1824262,18172367,10.1,10.1,9.85,9.85,-0.20,511,0.0,12.45
2005/01/28,5078251,50085006,9.75,10.0,9.75,9.8,-0.05,1023,7.1399999999999997,10.68
2005/01/31,3817651,37682892,9.8,9.95,9.8,9.9,+0.10,739,21.43,14.26
2005/02/01,13236000,135345596,9.95,10.5,9.9,10.25,+0.35,2157,66.670000000000002,31.73
2005/02/02,6175001,63027260,10.3,10.4,10.05,10.1,-0.15,1009,46.670000000000002,36.71
2005/02/03,3855880,39040432,10.2,10.25,10.0,10.0,-0.10,727,33.329999999999998,35.58
2005/02/14,2399000,24209750,10.25,10.25,10.0,10.0,0.00,462,33.329999999999998,34.83
2005/02/15,3804001,38720709,10.2,10.25,10.05,10.2,+0.20,694,60.0,43.22
2005/02/16,3236000,33045750,10.2,10.3,10.1,10.25,+0.05,567,66.670000000000002,51.03
2005/02/17,7471990,77695487,10.25,10.5,10.2,10.3,+0.05,1302,73.329999999999998,58.46
2005/02/18,2818222,28956375,10.3,10.45,10.15,10.2,-0.10,565,57.140000000000001,58.02
2005/02/21,3809000,39253550,10.2,10.45,10.2,10.3,+0.10,749,66.670000000000002,60.90
2005/02/22,2548283,26407485,10.4,10.5,10.2,10.2,-0.10,597,40.0,53.93
2005/02/23,2714148,27654049,10.2,10.3,10.1,10.15,-0.05,567,30.0,45.95
2005/02/24,2028000,20671350,10.15,10.3,10.1,10.1,-0.05,444,20.0,37.30
2005/02/25,2524820,25668720,10.2,10.25,10.1,10.2,+0.10,527,33.329999999999998,35.98
2005/03/01,8461199,89172904,10.2,10.75,10.2,10.5,+0.30,1617,61.539999999999999,44.50
2005/03/02,4028739,42287405,10.6,10.7,10.3,10.3,-0.20,814,30.77,39.93
2005/03/03,2533003,26114780,10.45,10.45,10.2,10.35,+0.05,472,38.460000000000001,39.44
2005/03/04,2236322,22766111,10.2,10.4,10.1,10.1,-0.25,450,0.0,26.29
2005/03/07,1894671,19327339,10.1,10.3,10.1,10.15,+0.05,416,7.6900000000000004,20.09
2005/03/08,1973486,19876970,10.2,10.25,9.98,9.98,-0.17,492,0.0,13.39
2005/03/09,1902608,19029579,10.15,10.15,9.95,9.95,-0.03,412,0.0,8.93
2005/03/10,4048546,38747390,9.95,10.0,9.3,9.42,-0.53,852,8.2799999999999994,8.71
2005/03/11,5078148,46644102,9.42,9.49,9.0,9.0,-0.42,972,0.0,5.81
2005/03/14,2585905,23736124,9.0,9.26,9.0,9.13,+0.13,619,7.6500000000000004,6.42
2005/03/15,3986382,35377187,9.1,9.2,8.73,8.9,-0.23,761,9.8800000000000008,7.57
2005/03/16,1773000,16022470,8.95,9.1,8.95,9.0,+0.10,377,16.170000000000002,10.44
2005/03/17,1692168,15461362,9.0,9.28,8.91,9.2,+0.20,454,29.940000000000001,16.94
2005/03/18,947002,8682108,9.2,9.28,9.11,9.14,-0.06,226,26.969999999999999,20.28
2005/03/21,3871445,36393861,9.2,9.58,9.2,9.52,+0.38,831,55.630000000000003,32.06
2005/03/22,2351733,22249821,9.52,9.57,9.31,9.37,-0.15,496,50.390000000000001,38.17
2005/03/23,1874058,17864765,9.37,9.6,9.37,9.54,+0.17,485,93.099999999999994,56.48
2005/03/24,1545000,14584400,9.54,9.58,9.3,9.3,-0.24,336,65.519999999999996,59.49
2005/03/25,845001,7930429,9.3,9.5,9.29,9.37,+0.07,268,73.560000000000002,64.18
2005/03/28,838596,7861684,9.5,9.51,9.29,9.3,-0.07,231,56.520000000000003,61.63
2005/03/29,2068426,18721916,9.21,9.3,8.9,8.95,-0.35,379,7.1399999999999997,43.47
2005/03/30,1049125,9436322,8.95,9.05,8.95,8.95,0.00,317,7.1399999999999997,31.36
2005/03/31,2016500,18409310,9.0,9.18,9.0,9.15,+0.20,335,35.710000000000001,32.81
2005/04/01,1514000,13567280,9.15,9.15,8.82,8.93,-0.22,321,14.1,26.57
2005/04/04,504589,4511458,8.93,9.0,8.85,8.97,+0.04,185,19.23,24.12
2005/04/06,2310000,21517690,8.97,9.55,8.88,9.45,+0.48,606,82.890000000000001,43.71
2005/04/07,1652000,15596840,9.54,9.54,9.31,9.48,+0.03,374,90.409999999999997,59.28
2005/04/08,3644000,35095430,9.48,9.8,9.48,9.66,+0.18,656,85.709999999999994,68.09
2005/04/11,1242000,11770290,9.6,9.6,9.41,9.45,-0.21,296,64.290000000000006,66.82
2005/04/12,868578,8096848,9.45,9.45,9.26,9.35,-0.10,216,54.079999999999998,62.58
2005/04/13,543000,5050500,9.35,9.38,9.22,9.23,-0.12,186,41.840000000000003,55.67
2005/04/14,1016251,9490223,9.2,9.48,9.2,9.4,+0.17,331,59.18,56.84
2005/04/15,2128000,20226200,9.38,9.7,9.31,9.6,+0.20,477,78.950000000000003,64.21
2005/04/18,1584325,14716231,9.85,9.85,8.93,8.93,-0.67,306,5.1500000000000004,44.53
2005/04/19,955000,8571160,8.9,9.09,8.9,8.95,+0.02,199,5.2599999999999998,31.44
2005/04/20,1186080,10564922,8.96,9.06,8.5,8.85,-0.10,273,25.93,29.60
2005/04/21,1594000,14387350,8.6,9.36,8.6,9.25,+0.40,415,55.560000000000002,38.25
2005/04/22,1083001,9996959,9.3,9.34,9.15,9.15,-0.10,256,48.149999999999999,41.55
2005/04/25,356010,3256181,9.15,9.25,9.0,9.15,0.00,141,48.149999999999999,43.75
2005/04/26,270000,2446380,9.0,9.14,9.0,9.05,-0.10,110,40.740000000000002,42.75
2005/04/27,684000,6162360,9.0,9.14,8.95,8.95,-0.10,182,33.329999999999998,39.61
2005/04/28,475388,4270751,8.95,9.1,8.9,8.92,-0.03,184,31.109999999999999,36.78
2005/04/29,509338,4547045,8.92,9.01,8.85,8.94,+0.02,182,51.159999999999997,41.57
2005/05/03,629000,5612630,8.92,9.04,8.85,8.85,-0.09,234,40.700000000000003,41.28
2005/05/04,791839,6981353,8.9,9.0,8.75,8.75,-0.10,211,19.739999999999998,34.10
2005/05/05,874955,7681527,8.8,8.86,8.75,8.76,+0.01,263,1.6899999999999999,23.29
2005/05/06,867828,7592911,8.75,8.83,8.7,8.73,-0.03,246,5.4500000000000002,17.35
2005/05/09,757000,6504690,8.75,8.79,8.31,8.32,-0.41,215,1.2,11.97
2005/05/10,647760,5423514,8.33,8.5,8.32,8.36,+0.04,229,6.0199999999999996,9.99
2005/05/11,799000,6679440,8.34,8.45,8.26,8.3,-0.06,241,4.7599999999999998,8.25
2005/05/12,582130,4841440,8.3,8.4,8.3,8.3,0.00,192,5.1299999999999999,7.21
2005/05/13,499212,4152156,8.31,8.37,8.26,8.3,0.00,171,5.1299999999999999,6.52
2005/05/16,815350,6593317,8.35,8.35,7.8,7.9,-0.40,231,8.3300000000000001,7.13
2005/05/17,1215300,9675607,7.9,8.09,7.9,7.9,0.00,336,9.4299999999999997,7.89
2005/05/18,480973,3825502,8.0,8.01,7.9,7.91,+0.01,198,10.68,8.82
2005/05/19,1413369,10979022,7.91,7.96,7.6,7.69,-0.22,329,7.5599999999999996,8.40
2005/05/20,2200350,17527986,7.7,8.18,7.7,7.89,+0.20,543,32.219999999999999,16.34
2005/05/23,824007,6387854,7.91,7.91,7.66,7.66,-0.23,212,7.0599999999999996,13.24
2005/05/24,635779,4886175,7.75,7.75,7.64,7.64,-0.02,205,5.0,10.50
2005/05/25,680963,5228898,7.67,7.73,7.65,7.65,+0.01,223,6.4900000000000002,9.16
2005/05/26,345006,2643375,7.62,7.7,7.62,7.65,0.00,138,6.6699999999999999,8.33
2005/05/27,926113,7128596,7.69,7.75,7.65,7.73,+0.08,263,22.41,13.02
2005/05/30,534000,4093400,7.75,7.75,7.62,7.62,-0.11,134,3.4500000000000002,9.83
2005/05/31,2387115,19036776,7.7,8.11,7.67,8.02,+0.40,665,72.409999999999997,30.69
2005/06/01,1181011,10133066,8.58,8.58,8.58,8.58,+0.56,211,100.0,53.79
2005/06/02,6879120,62936708,9.18,9.18,9.03,9.14,+0.56,1285,97.439999999999998,68.34
2005/06/03,7378001,68679248,9.14,9.68,8.9,9.5,+0.36,1400,91.260000000000005,75.98
2005/06/06,13428876,134475735,9.5,10.15,9.5,10.15,+0.65,1911,100.0,83.98
2005/06/07,6754343,68961635,10.5,10.5,10.0,10.0,-0.15,1284,82.640000000000001,83.54
2005/06/08,6981656,70151354,9.98,10.3,9.73,10.05,+0.05,1230,84.379999999999995,83.82
2005/06/09,8107530,82327095,10.0,10.35,9.91,9.94,-0.11,1342,80.560000000000002,82.73
2005/06/10,4045001,40639049,10.1,10.25,9.9,9.91,-0.03,731,79.150000000000006,81.53
2005/06/13,5774000,58266760,9.91,10.3,9.91,9.91,0.00,977,69.269999999999996,77.44
2005/06/14,4481334,43142618,9.93,10.05,9.22,9.22,-0.69,940,20.0,58.30
2005/06/15,3759005,34602355,9.4,9.4,8.9,9.11,-0.11,958,13.119999999999999,43.24
2005/06/16,4221365,39402744,9.25,9.45,9.11,9.38,+0.27,1000,30.0,38.83
2005/06/17,6075000,59050480,9.45,9.94,9.41,9.65,+0.27,1111,46.880000000000003,41.52
2005/06/20,1753000,16684230,9.62,9.8,9.4,9.5,-0.15,491,41.380000000000003,41.47
2005/06/21,5047661,49752567,9.52,10.1,9.5,9.81,+0.31,957,62.759999999999998,48.57
2005/06/22,2142005,21214418,9.84,9.98,9.82,9.9,+0.09,521,71.430000000000007,56.19
2005/06/23,3951673,37933482,9.98,9.98,9.4,9.45,-0.45,770,39.289999999999999,50.56
2005/06/24,1250745,11738996,9.3,9.48,9.3,9.37,-0.08,400,39.170000000000002,46.77
2005/06/27,2092675,20280318,9.4,10.0,9.37,9.39,+0.02,475,40.829999999999998,44.79
2005/06/28,1873000,17514960,9.4,9.45,9.32,9.32,-0.07,261,21.210000000000001,36.93
2005/06/29,1029100,9538891,9.42,9.43,9.2,9.21,-0.11,292,1.1100000000000001,24.99
2005/06/30,1171136,10730914,9.26,9.26,9.03,9.05,-0.16,327,1.8700000000000001,17.28
2005/07/01,831924,7559396,9.05,9.14,9.04,9.1,+0.05,244,6.54,13.70
2005/07/04,455371,4153536,9.1,9.2,9.07,9.1,0.00,138,7.2199999999999998,11.54
2005/07/05,533061,4847320,9.05,9.15,9.05,9.06,-0.04,197,3.0899999999999999,8.72
2005/07/06,1737650,16101655,9.06,9.4,9.06,9.16,+0.10,467,13.4,10.28
2005/07/07,977285,8835662,9.16,9.24,8.9,8.94,-0.22,283,3.6400000000000001,8.06
2005/07/08,909321,8070750,8.94,9.0,8.8,8.8,-0.14,281,0.0,5.37
2005/07/11,985342,8803320,9.1,9.1,8.85,8.9,+0.10,312,15.869999999999999,8.87
2005/07/12,1374828,12477454,9.1,9.15,8.96,9.12,+0.22,379,53.329999999999998,23.69
2005/07/13,1885000,17371460,9.27,9.27,9.16,9.16,+0.04,443,60.0,35.79
2005/07/14,1018042,9408167,9.24,9.37,9.16,9.22,+0.06,239,70.0,47.19
2005/07/15,1559183,14372842,9.3,9.35,9.12,9.12,-0.10,268,53.329999999999998,49.24
2005/07/19,5357550,51426806,9.65,9.75,9.36,9.53,+0.41,995,76.840000000000003,58.44
2005/07/20,2916269,27818608,9.53,9.62,9.41,9.41,-0.12,466,64.209999999999994,60.36
2005/07/21,1296505,12099486,9.26,9.49,9.21,9.21,-0.20,361,43.159999999999997,54.63
2005/07/22,1257643,11739316,9.3,9.4,9.25,9.25,+0.04,387,44.439999999999998,51.23
2005/07/25,916434,8534322,9.29,9.39,9.25,9.25,0.00,236,36.710000000000001,46.39
2005/07/26,971820,8891672,9.27,9.31,9.02,9.04,-0.21,244,2.7400000000000002,31.84
2005/07/27,1183326,10691773,9.05,9.24,8.96,9.01,-0.03,275,6.3300000000000001,23.34
2005/07/28,810050,7311828,9.18,9.18,8.92,8.95,-0.06,230,3.6099999999999999,16.76
2005/07/29,1273138,11391266,9.01,9.01,8.9,8.91,-0.04,297,1.1799999999999999,11.56
2005/08/01,880000,7818060,8.94,8.97,8.84,8.84,-0.07,218,0.0,7.71
2005/08/02,570000,5041220,8.85,8.9,8.8,8.85,+0.01,176,7.25,7.56
2005/08/03,1187000,10514830,8.9,8.93,8.8,8.85,0.00,262,8.3300000000000001,7.82
2005/08/04,939304,8332388,8.85,8.9,8.85,8.85,0.00,219,8.4700000000000006,8.03
2005/08/08,440000,3897230,8.85,8.88,8.82,8.82,-0.03,117,3.9199999999999999,6.66
2005/08/09,515698,4540317,8.82,8.87,8.72,8.8,-0.02,153,15.380000000000001,9.57
2005/08/10,603000,5316290,8.8,8.85,8.8,8.8,0.00,132,17.390000000000001,12.18
2005/08/11,610951,5348740,8.8,8.84,8.65,8.65,-0.15,148,0.0,8.12
2005/08/12,1298250,11435259,8.68,8.95,8.67,8.71,+0.06,353,18.75,11.66
2005/08/15,634915,5457401,8.74,8.75,8.35,8.56,-0.15,202,35.0,19.44
2005/08/16,1734000,15114310,8.56,8.9,8.5,8.56,0.00,419,35.0,24.63
2005/08/17,733001,6359158,8.79,8.79,8.61,8.63,+0.07,161,46.670000000000002,31.98
2005/08/18,465000,4016240,8.66,8.71,8.56,8.56,-0.07,144,35.0,32.99
2005/08/19,543000,4591350,8.53,8.54,8.41,8.41,-0.15,137,10.0,25.32
2005/08/22,272495,2299767,8.41,8.54,8.41,8.41,0.00,121,10.0,20.21
2005/08/23,427852,3593388,8.42,8.5,8.33,8.36,-0.05,150,4.8399999999999999,15.08
2005/08/24,1495000,11899790,8.36,8.36,7.78,7.9,-0.46,307,10.26,13.47
2005/08/25,707000,5603900,7.9,8.1,7.85,7.85,-0.05,161,6.25,11.06
2005/08/26,356000,2810450,7.9,8.0,7.83,7.86,+0.01,112,7.1399999999999997,9.75
2005/08/29,698000,5423320,7.9,7.99,7.6,7.71,-0.15,147,9.2400000000000002,9.58
2005/08/30,1365000,10408050,7.73,7.74,7.58,7.6,-0.11,263,1.77,6.98
2005/08/31,1467000,10967930,7.5,7.61,7.36,7.36,X0.00,384,0.0,4.65
2005/09/02,1408743,10891196,7.45,7.87,7.45,7.87,+0.51,356,43.219999999999999,17.51
2005/09/05,1539000,12617950,8.02,8.38,8.01,8.26,+0.39,395,78.950000000000003,37.99
2005/09/06,1406585,11808652,8.6,8.6,8.25,8.29,+0.03,351,75.0,50.33
2005/09/07,896000,7349365,8.31,8.36,8.06,8.19,-0.10,252,66.939999999999998,55.86
2005/09/08,569000,4611568,8.2,8.2,8.01,8.02,-0.17,153,53.229999999999997,54.98
2005/09/09,293000,2358020,8.01,8.1,8.01,8.08,+0.06,124,58.060000000000002,56.00
2005/09/12,440000,3554540,8.19,8.19,8.01,8.01,-0.07,125,52.420000000000002,54.80
2005/09/13,418000,3360490,8.01,8.08,8.0,8.0,-0.01,105,51.609999999999999,53.73
2005/09/14,499000,3990740,8.0,8.06,7.95,7.99,-0.01,139,46.960000000000001,51.47
2005/09/15,485010,3868369,7.99,8.05,7.91,7.91,-0.08,126,0.0,34.31
2005/09/16,339000,2681440,7.92,7.96,7.86,7.88,-0.03,127,2.7000000000000002,23.77
2005/09/19,307430,2414520,7.81,7.9,7.81,7.84,-0.04,108,5.4500000000000002,17.67
2005/09/20,726594,5776442,7.82,8.2,7.8,8.02,+0.18,200,55.0,30.11
2005/09/21,499028,3927963,8.02,8.04,7.7,7.7,-0.32,122,0.0,20.07
2005/09/22,584891,4524572,7.71,7.78,7.7,7.7,0.00,185,0.0,13.38
2005/09/23,420529,3250711,7.7,7.78,7.7,7.7,0.00,152,0.0,8.92
2005/09/26,331030,2553535,7.71,7.78,7.64,7.7,0.00,122,10.710000000000001,9.52
2005/09/27,274574,2109075,7.73,7.74,7.65,7.65,-0.05,86,1.79,6.95
2005/09/28,654540,4932399,7.6,7.65,7.46,7.46,-0.19,144,0.0,4.63
2005/09/29,714781,5324965,7.46,7.51,7.36,7.46,0.00,186,11.9,7.06
2005/09/30,758558,5832806,7.5,7.85,7.48,7.8,+0.34,241,52.380000000000003,22.17
2005/10/03,769374,5885352,7.75,7.79,7.57,7.68,-0.12,237,47.060000000000002,30.47
2005/10/04,668464,5115482,7.68,7.73,7.58,7.68,0.00,213,65.310000000000002,42.08
2005/10/05,750916,5683258,7.56,7.68,7.52,7.53,-0.15,184,34.689999999999998,39.61
2005/10/06,526833,3976127,7.5,7.61,7.48,7.53,0.00,181,34.689999999999998,37.97
2005/10/07,853450,6392430,7.71,7.71,7.39,7.39,-0.14,242,6.1200000000000001,27.35
2005/10/11,561455,4165463,7.39,7.48,7.39,7.41,+0.02,166,10.199999999999999,21.63
2005/10/12,511808,3722344,7.36,7.44,7.12,7.2,-0.21,153,10.960000000000001,18.07
2005/10/13,973000,6976550,7.16,7.2,7.14,7.2,0.00,150,10.960000000000001,15.70
2005/10/14,676543,4944666,7.2,7.4,7.2,7.26,+0.06,217,20.899999999999999,17.44
2005/10/17,817986,5819527,7.26,7.29,6.9,6.96,-0.30,227,7.2300000000000004,14.04
2005/10/18,751156,5222318,6.71,7.1,6.71,7.0,+0.04,193,29.0,19.03
2005/10/19,1713225,11284350,7.0,7.0,6.51,6.51,-0.49,305,0.0,12.69
2005/10/20,2251703,14066880,6.6,6.68,6.06,6.08,-0.43,443,1.21,8.86
2005/10/21,1593702,9895088,6.08,6.39,6.06,6.31,+0.23,337,17.609999999999999,11.78
2005/10/24,673376,4298553,6.39,6.45,6.34,6.35,+0.04,180,21.010000000000002,14.85
2005/10/25,445438,2831417,6.42,6.44,6.26,6.31,-0.04,189,18.66,16.12
2005/10/26,651138,4053712,6.32,6.38,6.16,6.16,-0.15,167,7.46,13.24
2005/10/27,502983,3093428,6.16,6.25,6.1,6.1,-0.06,163,3.25,9.91
2005/10/28,493004,2977939,6.1,6.14,6.0,6.01,-0.09,155,0.91000000000000003,6.91
2005/10/31,387038,2369255,6.14,6.19,6.02,6.16,+0.15,148,16.0,9.94
2005/11/01,731201,4619134,6.22,6.44,6.18,6.4,+0.24,224,58.82,26.24
2005/11/02,3272673,22247411,6.5,6.84,6.5,6.84,+0.44,564,100.0,50.82
2005/11/03,1045545,7137030,6.9,6.9,6.7,6.84,0.00,231,93.329999999999998,64.99
2005/11/04,462355,3148908,6.85,6.9,6.75,6.83,-0.01,154,92.219999999999999,74.07
2005/11/07,445022,2961624,6.8,6.81,6.5,6.5,-0.33,123,55.560000000000002,67.90
2005/11/08,675075,4397912,6.5,6.56,6.44,6.5,0.00,157,55.560000000000002,63.79
2005/11/09,773153,5075948,6.45,6.67,6.45,6.67,+0.17,202,74.439999999999998,67.34
2005/11/10,529058,3517263,6.7,6.75,6.56,6.67,0.00,156,73.859999999999999,69.51
2005/11/11,1278488,8809884,6.71,7.01,6.67,6.89,+0.22,404,85.540000000000006,74.85
2005/11/14,1083514,7640507,6.9,7.19,6.9,6.95,+0.06,323,68.0,72.57
2005/11/15,593417,4051316,6.91,6.95,6.66,6.66,-0.29,193,29.329999999999998,58.16
2005/11/16,360350,2433744,6.66,6.84,6.66,6.79,+0.13,150,46.670000000000002,54.33
2005/11/17,298974,2031019,6.8,6.88,6.7,6.84,+0.05,126,53.329999999999998,54.00
2005/11/18,954071,6551154,6.84,6.97,6.77,6.85,+0.01,282,54.670000000000002,54.22
2005/11/21,793781,5417237,6.85,6.94,6.76,6.86,+0.01,197,55.409999999999997,54.62
2005/11/22,654022,4503151,6.84,6.9,6.81,6.9,+0.04,175,53.969999999999999,54.40
2005/11/23,1435814,10087409,6.9,7.2,6.9,7.2,+0.30,347,100.0,69.60
2005/11/24,3203787,23905603,7.18,7.53,7.12,7.33,+0.13,452,77.010000000000005,72.07
2005/11/25,1427058,10475691,7.3,7.55,7.1,7.55,+0.22,317,100.0,81.38
2005/11/28,3680094,28489005,7.5,7.82,7.44,7.61,+0.06,430,81.900000000000006,81.55
2005/11/29,1149803,8670207,7.54,7.68,7.45,7.45,-0.16,255,66.959999999999994,76.69
2005/11/30,904271,6684104,7.55,7.57,7.25,7.26,-0.19,260,47.170000000000002,66.85
2005/12/01,728195,5228683,7.27,7.32,7.1,7.1,-0.16,274,32.079999999999998,55.26
2005/12/02,500730,3583202,7.15,7.25,7.0,7.0,-0.10,197,18.809999999999999,43.11
2005/12/05,1037694,7464716,7.03,7.32,7.02,7.21,+0.21,315,33.700000000000003,39.97
2005/12/06,700078,5012145,7.21,7.27,7.07,7.11,-0.10,188,13.41,31.12
2005/12/07,824677,5857834,7.1,7.16,7.06,7.09,-0.02,253,10.98,24.41
2005/12/08,689013,4898994,7.14,7.19,7.0,7.0,-0.09,213,0.0,16.27
2005/12/09,427393,2984912,7.0,7.09,6.91,7.0,0.00,143,11.69,14.75
2005/12/12,732249,5134339,7.0,7.09,6.96,7.01,+0.01,194,15.15,14.88
2005/12/13,869183,6100237,7.05,7.05,6.95,6.98,-0.03,206,17.07,15.61
2005/12/14,663731,4632665,6.98,7.05,6.93,6.93,-0.05,160,4.8799999999999999,12.04
2005/12/15,633062,4356792,6.95,7.03,6.82,6.85,-0.08,150,6.0,10.03
2005/12/16,1480113,10390028,6.89,7.06,6.89,7.05,+0.20,349,51.109999999999999,23.73
2005/12/19,1884866,13583916,7.1,7.29,7.09,7.22,+0.17,523,85.109999999999999,44.19
2005/12/20,1891538,14533890,7.49,7.72,7.47,7.72,+0.50,355,100.0,62.79
2005/12/21,5789635,45807006,7.9,8.2,7.65,7.81,+0.09,1169,71.739999999999995,65.77
2005/12/22,1174947,9088839,7.92,7.92,7.6,7.61,-0.20,295,57.25,62.93
2005/12/23,1509409,11478635,7.65,7.7,7.51,7.61,0.00,347,57.25,61.03
2005/12/26,2597933,20819101,7.72,8.14,7.72,8.05,+0.44,639,89.129999999999995,70.40
2005/12/27,2737311,22120505,8.15,8.26,7.9,8.1,+0.05,675,88.890000000000001,76.56
2005/12/28,1045930,8367227,8.01,8.09,7.95,7.98,-0.12,213,79.560000000000002,77.56
2005/12/29,1871104,14502029,7.98,8.05,7.61,7.65,-0.33,470,47.859999999999999,67.66
2005/12/30,1158063,8968843,7.66,7.87,7.66,7.7,+0.05,313,29.109999999999999,54.81
2006/01/02,1312506,9682678,7.5,7.5,7.3,7.34,-0.36,293,4.1699999999999999,37.93
2006/01/03,1199039,8801286,7.34,7.45,7.28,7.32,-0.02,313,4.0800000000000001,26.65
2006/01/04,1174310,8693354,7.39,7.47,7.36,7.4,+0.08,290,12.24,21.85
2006/01/05,1419221,10790022,7.49,7.8,7.43,7.58,+0.18,380,30.609999999999999,24.77
2006/01/06,1092048,8184936,7.75,7.75,7.3,7.3,-0.28,294,2.04,17.19
2006/01/09,1750385,13156408,7.39,7.69,7.38,7.39,+0.09,435,13.58,15.99
2006/01/10,971589,7271748,7.61,7.61,7.39,7.5,+0.11,266,28.57,20.18
2006/01/11,7026168,55844765,7.6,8.02,7.6,8.02,+0.52,1116,100.0,46.78
2006/01/12,5016326,40685164,8.23,8.27,7.9,7.9,-0.12,859,62.630000000000003,52.07
2006/01/13,1189406,9250692,7.9,7.96,7.7,7.75,-0.15,264,47.469999999999999,50.53
2006/01/16,818906,6345368,7.75,7.83,7.7,7.74,-0.01,195,45.359999999999999,48.81
2006/01/17,904618,7044260,7.71,7.89,7.71,7.74,0.00,252,45.359999999999999,47.66
2006/01/18,1429227,11021387,7.74,7.85,7.61,7.63,-0.11,314,34.020000000000003,43.11
2006/01/19,1240843,9353526,7.79,7.79,7.41,7.47,-0.16,317,10.109999999999999,32.11
2006/01/20,860827,6454202,7.59,7.59,7.47,7.5,+0.03,225,12.5,25.58
2006/01/23,674925,4957392,7.2,7.45,7.2,7.4,-0.10,145,18.690000000000001,23.28
2006/01/24,547359,4106256,7.63,7.63,7.45,7.48,+0.08,191,26.170000000000002,24.24
2006/01/25,707222,5339654,7.56,7.69,7.49,7.54,+0.06,217,44.740000000000002,31.07
2006/02/03,557989,4268602,7.68,7.8,7.55,7.7,+0.16,166,72.459999999999994,44.86
2006/02/06,865871,6787982,7.7,7.9,7.69,7.85,+0.15,289,92.859999999999999,60.86
2006/02/07,1055912,8395235,7.95,8.06,7.85,7.85,0.00,268,75.579999999999998,65.76
2006/02/08,1127944,8952349,7.81,8.06,7.81,7.85,0.00,278,75.579999999999998,69.03
2006/02/09,904519,7061332,7.86,7.97,7.7,7.7,-0.15,246,58.140000000000001,65.40
2006/02/10,510525,3948982,7.7,7.85,7.66,7.73,+0.03,207,61.630000000000003,64.14
2006/02/13,1036662,8092253,7.79,7.88,7.75,7.8,+0.07,270,57.380000000000003,61.89
2006/02/14,1330152,10562388,7.81,8.05,7.8,8.0,+0.20,364,89.469999999999999,71.08
2006/02/15,1257959,10043354,8.05,8.05,7.93,8.0,0.00,342,88.239999999999995,76.80
2006/02/16,2115229,17075192,7.98,8.17,7.95,8.1,+0.10,533,86.269999999999996,79.96
2006/02/17,4298410,35363355,8.1,8.33,8.04,8.11,+0.01,751,67.159999999999997,75.70
2006/02/20,1087908,8692589,8.08,8.08,7.94,7.97,-0.14,232,46.270000000000003,65.89
2006/02/21,1030034,8118729,7.94,7.97,7.8,7.8,-0.17,238,20.899999999999999,50.90
2006/02/22,1010137,7774166,7.8,7.87,7.63,7.7,-0.10,251,10.0,37.26
2006/02/23,1131992,8737703,7.7,7.79,7.69,7.72,+0.02,332,12.859999999999999,29.13
2006/02/24,528168,4103604,7.72,7.81,7.7,7.77,+0.05,157,20.0,26.09
2006/02/27,505135,3907710,7.75,7.8,7.7,7.77,0.00,171,20.0,24.06
2006/03/01,750215,5817243,7.78,7.81,7.72,7.76,-0.01,230,18.57,22.23
2006/03/02,3427962,27576583,7.79,8.26,7.72,8.26,+0.50,572,90.0,44.82
2006/03/03,4149052,34316652,8.34,8.47,8.02,8.05,-0.21,801,50.0,46.55
2006/03/06,478968,3840361,8.05,8.06,7.95,8.0,-0.05,168,44.049999999999997,45.71
2006/03/07,1286436,10155720,8.0,8.03,7.84,7.84,-0.16,265,25.0,38.80
2006/03/08,691981,5410429,7.86,7.86,7.79,7.8,-0.04,165,14.1,30.57
2006/03/09,470745,3700844,7.8,7.92,7.8,7.85,+0.05,149,19.48,26.87
2006/03/10,1137173,8932267,7.85,7.95,7.74,7.74,-0.11,269,5.1900000000000004,19.64
2006/03/13,512279,3986679,7.82,7.85,7.75,7.77,+0.03,183,6.6699999999999999,15.31
2006/03/14,486923,3794533,7.85,7.85,7.76,7.76,-0.01,214,5.3300000000000001,11.99
2006/03/15,648849,5035491,7.78,7.8,7.75,7.75,-0.01,238,1.3700000000000001,8.45
2006/03/16,631144,4862446,7.75,7.79,7.61,7.63,-0.12,172,4.4400000000000004,7.11
2006/03/17,301200,2336686,7.63,7.87,7.63,7.74,+0.11,95,30.949999999999999,15.06
2006/03/20,533682,4106868,7.77,7.85,7.65,7.65,-0.09,155,11.76,13.96
2006/03/21,349702,2671239,7.65,7.72,7.61,7.65,0.00,117,11.76,13.23
2006/03/22,345820,2654194,7.65,7.74,7.65,7.67,+0.02,107,17.649999999999999,14.70
2006/03/23,482992,3703243,7.65,7.69,7.65,7.68,+0.01,168,26.920000000000002,18.77
2006/03/24,399359,3073183,7.68,7.73,7.68,7.68,0.00,143,26.920000000000002,21.48
2006/03/27,520670,4042813,7.9,7.9,7.7,7.74,+0.06,169,44.829999999999998,29.26
2006/03/28,340110,2634800,7.78,7.78,7.72,7.75,+0.01,108,48.280000000000001,35.60
2006/03/29,561477,4380315,7.78,7.87,7.74,7.82,+0.07,179,72.409999999999997,47.87
2006/03/30,1086046,8597078,7.87,8.0,7.81,7.94,+0.12,237,84.620000000000005,60.12
2006/03/31,671096,5309609,7.91,7.95,7.88,7.91,-0.03,138,76.920000000000002,65.72
2006/04/03,1143531,9069920,7.91,8.04,7.89,7.92,+0.01,189,69.230000000000004,66.89
2006/04/04,1381009,11041346,7.92,8.05,7.92,7.95,+0.03,282,75.0,69.59
2006/04/06,1426244,11474474,8.0,8.1,7.96,8.1,+0.15,319,100.0,79.72
2006/04/07,1148253,9324093,8.12,8.2,8.07,8.09,-0.01,285,78.0,79.15
2006/04/10,1060657,8608669,8.1,8.16,8.09,8.1,+0.01,204,79.170000000000002,79.16
2006/04/11,1800138,14781985,8.1,8.25,8.1,8.25,+0.15,315,100.0,86.10
2006/04/12,3887166,33423187,8.25,8.82,8.23,8.82,+0.57,655,100.0,90.73
2006/04/13,6985425,65153298,9.15,9.43,9.01,9.43,+0.61,863,100.0,93.82
2006/04/14,4484124,42527215,9.48,9.7,9.31,9.5,+0.07,624,88.950000000000003,92.20
2006/04/17,7266144,72551750,9.8,10.15,9.61,10.1,+0.60,1040,97.760000000000005,94.06
2006/04/18,3136166,31099729,10.1,10.15,9.8,10.0,-0.10,593,93.150000000000006,93.76
2006/04/19,5441989,57354895,10.5,10.7,10.2,10.65,+0.65,1000,98.099999999999994,95.21
2006/04/20,1915384,20069913,10.55,10.6,10.35,10.5,-0.15,471,92.340000000000003,94.25
2006/04/21,4339857,46192825,10.55,10.85,10.5,10.55,+0.05,799,89.090000000000003,92.53
2006/04/24,5961381,63797936,10.5,10.9,10.35,10.6,+0.05,789,88.760000000000005,91.28
2006/04/25,6227255,67303771,10.6,11.2,10.6,10.6,0.00,956,72.599999999999994,85.05
2006/04/26,2982156,31379731,10.7,10.8,10.35,10.6,0.00,504,68.25,79.45
2006/04/27,4096384,43747826,10.8,11.0,10.5,10.6,0.00,648,62.259999999999998,73.72
2006/04/28,10601650,117519055,10.5,11.3,10.4,11.3,+0.70,1399,100.0,82.48
2006/05/02,8221713,94527473,11.25,11.85,11.15,11.65,+0.35,1454,87.879999999999995,84.28
2006/05/03,13843314,164948924,12.25,12.25,11.65,11.7,+0.05,2520,71.049999999999997,79.87
2006/05/04,7705246,89228856,11.6,11.95,11.4,11.45,-0.25,1422,57.890000000000001,72.55
2006/05/05,12769736,146966313,11.45,11.8,10.95,10.95,-0.50,2043,31.579999999999998,58.90
2006/05/08,8352323,93129112,11.05,11.35,11.0,11.05,+0.10,1716,36.840000000000003,51.55
2006/05/09,6637756,72491134,11.15,11.3,10.5,10.55,-0.50,1322,10.529999999999999,37.88
2006/05/10,7027608,75509797,10.7,11.0,10.4,10.4,-0.15,1294,0.0,25.25
2006/05/11,3900926,40074719,10.5,10.6,10.05,10.4,0.00,773,15.91,22.13
2006/05/12,3986694,42051410,10.3,10.75,10.2,10.5,+0.10,910,20.449999999999999,21.57
2006/05/15,7671025,84248312,10.5,11.2,10.5,11.2,+0.70,1419,52.270000000000003,31.80
2006/05/16,5627001,62036310,11.5,11.5,10.5,10.5,-0.70,994,23.68,29.09
2006/05/17,3051774,31571533,10.5,10.75,10.15,10.3,-0.20,644,14.289999999999999,24.15
2006/05/18,2384521,24657390,10.1,10.6,10.05,10.45,+0.15,555,27.59,25.30
2006/05/19,1301764,13525384,10.5,10.6,10.25,10.3,-0.15,342,17.239999999999998,22.62
2006/05/22,2438101,24545506,10.5,10.6,9.6,9.6,-0.70,545,0.0,15.08
2006/05/23,1620181,15776705,9.6,9.9,9.6,9.63,+0.03,453,1.5800000000000001,10.58
2006/05/24,1177582,11623660,9.75,10.1,9.72,10.1,+0.47,385,26.32,15.82
2006/05/25,2530770,26144869,10.1,10.5,10.0,10.2,+0.10,597,31.579999999999998,21.08
2006/05/26,4710275,50272983,10.6,10.9,10.3,10.9,+0.70,922,68.420000000000002,36.86
2006/05/29,1812824,19356323,10.9,10.95,10.4,10.4,-0.50,378,59.259999999999998,44.32
2006/05/30,1985291,20119098,10.4,10.5,9.9,9.9,-0.50,469,22.219999999999999,36.96
2006/06/01,1563095,15918770,10.15,10.3,10.0,10.0,+0.10,452,29.629999999999999,34.52
2006/06/02,1006910,10314585,10.4,10.4,10.1,10.2,+0.20,325,44.439999999999998,37.82
2006/06/05,1242300,12250977,10.2,10.25,9.52,9.52,-0.68,323,0.0,25.21
2006/06/06,1650643,15467993,9.2,9.8,9.15,9.52,0.00,414,20.559999999999999,23.66
2006/06/07,904419,8614928,9.52,9.74,9.4,9.41,-0.11,250,14.44,20.58
2006/06/08,1866687,16651356,9.41,9.41,8.76,8.76,-0.65,374,0.0,13.72
2006/06/09,1546047,13031970,8.56,8.76,8.16,8.7,-0.06,340,19.350000000000001,15.60
2006/06/12,1047491,9160646,8.4,8.89,8.4,8.83,+0.13,278,28.629999999999999,19.94
2006/06/13,1918157,16425081,8.83,8.87,8.38,8.42,-0.41,484,11.609999999999999,17.16
2006/06/14,1728202,14845418,8.42,8.84,8.42,8.75,+0.33,399,26.34,20.22
2006/06/15,839703,7447294,9.1,9.1,8.76,8.85,+0.10,247,33.009999999999998,24.48
2006/06/16,1615942,14866165,8.9,9.32,8.9,9.09,+0.24,408,56.710000000000001,35.22
2006/06/19,960843,8837000,9.2,9.29,9.12,9.16,+0.07,218,63.289999999999999,44.58
2006/06/20,1116996,9915612,9.16,9.16,8.75,8.8,-0.36,253,51.200000000000003,46.79
2006/06/21,441986,3862694,8.8,8.89,8.65,8.74,-0.06,151,50.0,47.86
2006/06/22,1154635,10416745,8.8,9.2,8.8,9.0,+0.26,277,65.959999999999994,53.90
2006/06/23,891186,7969103,9.0,9.06,8.8,8.8,-0.20,228,44.68,50.82
2006/06/26,500786,4482444,8.9,9.04,8.85,9.04,+0.24,156,68.890000000000001,56.84
2006/06/27,1141000,10340380,9.04,9.17,8.97,9.0,-0.04,271,52.240000000000002,55.30
2006/06/28,602314,5412364,9.0,9.1,8.92,8.96,-0.04,140,46.270000000000003,52.29
2006/06/29,2676867,24898927,9.1,9.57,9.06,9.26,+0.30,501,66.299999999999997,56.96
2006/06/30,1841598,17172422,9.6,9.6,9.01,9.05,-0.21,475,42.109999999999999,52.01
2006/07/03,1158014,10664567,9.15,9.3,9.12,9.2,+0.15,283,57.890000000000001,53.97
2006/07/04,1541256,14172295,9.26,9.34,9.1,9.11,-0.09,324,38.75,48.90
2006/07/05,2327399,21574236,9.07,9.4,9.07,9.12,+0.01,598,40.0,45.93
2006/07/06,5815627,55516449,9.3,9.75,9.19,9.75,+0.63,1028,100.0,63.95
2006/07/07,7345729,72840025,10.0,10.15,9.65,9.7,-0.05,1386,63.409999999999997,63.77
2006/07/10,990596,9580233,9.6,9.75,9.52,9.75,+0.05,240,67.480000000000004,65.00
2006/07/11,1679843,16325841,9.75,9.88,9.51,9.53,-0.22,389,45.609999999999999,58.53
2006/07/12,2192717,20374535,9.53,9.64,9.2,9.22,-0.31,672,18.420000000000002,45.16
2006/07/13,677776,6278967,9.2,9.4,9.2,9.24,+0.02,213,15.74,35.36
2006/07/14,1127812,10224118,9.2,9.2,8.9,9.0,-0.24,234,8.0,26.24
2006/07/17,1447000,12311440,8.98,9.0,8.37,8.38,-0.62,281,0.56000000000000005,17.68
2006/07/18,528536,4502120,8.38,8.6,8.38,8.51,+0.13,165,7.8700000000000001,14.41
2006/07/19,1417471,12555136,8.8,9.0,8.72,8.88,+0.37,336,28.649999999999999,19.16
2006/07/20,1099971,10047291,9.0,9.24,9.0,9.24,+0.36,297,57.619999999999997,31.98
2006/07/21,1451862,13464393,9.2,9.45,9.11,9.31,+0.07,371,62.25,42.07
2006/07/24,480057,4425313,9.2,9.39,9.15,9.16,-0.15,145,62.200000000000003,48.78
2006/07/25,1638971,15292675,9.2,9.42,9.2,9.33,+0.17,377,88.890000000000001,62.15
2006/07/26,961985,8888509,9.32,9.32,9.2,9.2,-0.13,159,76.849999999999994,67.05
2006/07/27,264442,2444262,9.2,9.29,9.2,9.25,+0.05,96,81.480000000000004,71.86
2006/07/28,656279,6118109,9.25,9.39,9.25,9.3,+0.05,164,85.980000000000004,76.57
2006/07/31,311994,2864896,9.36,9.36,9.0,9.03,-0.27,117,42.469999999999999,65.21
2006/08/01,475620,4329368,9.03,9.22,9.03,9.22,+0.19,110,48.890000000000001,59.77
2006/08/02,539549,4981868,9.06,9.29,9.06,9.28,+0.06,125,62.219999999999999,60.59
2006/08/03,1806988,17133804,9.3,9.7,9.25,9.4,+0.12,349,57.140000000000001,59.44
2006/08/04,1332703,12641266,9.45,9.6,9.3,9.43,+0.03,243,61.43,60.11
2006/08/07,243580,2269583,9.42,9.43,9.2,9.2,-0.23,96,28.57,49.59
2006/08/08,398313,3695119,9.2,9.34,9.2,9.25,+0.05,107,35.710000000000001,44.96
2006/08/09,1284597,12148723,9.25,9.53,9.25,9.33,+0.08,279,47.140000000000001,45.68
2006/08/10,1181999,11156895,9.34,9.5,9.33,9.33,0.00,256,47.140000000000001,46.16
2006/08/11,378172,3523325,9.36,9.38,9.25,9.25,-0.08,133,32.840000000000003,41.72
2006/08/14,285637,2651561,9.25,9.34,9.25,9.28,+0.03,89,34.369999999999997,39.27
2006/08/15,893946,8320703,9.38,9.38,9.27,9.34,+0.06,142,28.0,35.51
2006/08/16,2052357,19473895,9.5,9.53,9.4,9.5,+0.16,376,75.0,48.67
2006/08/17,4338457,42285752,9.54,9.87,9.51,9.75,+0.25,727,82.090000000000003,59.81
2006/08/18,1535003,14842614,9.75,9.83,9.55,9.55,-0.20,331,52.240000000000002,57.28
2006/08/21,984980,9053078,9.56,9.59,9.0,9.03,-0.52,256,3.4500000000000002,39.34
2006/08/22,544313,4956689,8.9,9.19,8.9,9.12,+0.09,143,22.68,33.79
2006/08/23,528000,4759710,9.14,9.14,8.96,8.98,-0.14,151,8.25,25.28
2006/08/24,332380,2978436,9.0,9.1,8.9,8.91,-0.07,116,1.03,17.19
2006/08/25,275509,2459701,8.91,9.04,8.85,8.86,-0.05,98,0.97999999999999998,11.79
2006/08/28,513654,4452598,8.86,8.86,8.45,8.57,-0.29,130,8.4499999999999993,10.68
2006/08/29,360489,3112972,8.6,8.69,8.58,8.63,+0.06,99,12.68,11.35
2006/08/30,463478,4071934,8.73,8.89,8.66,8.78,+0.15,138,23.91,15.54
2006/08/31,294251,2643113,9.19,9.19,8.86,8.9,+0.12,113,39.469999999999999,23.52
2006/09/01,513923,4587910,8.96,9.05,8.77,8.98,+0.08,168,71.620000000000005,39.55
2006/09/04,1522534,13889332,8.71,9.39,8.71,9.12,+0.14,374,71.280000000000001,50.13
2006/09/05,1030906,9519363,9.2,9.39,9.01,9.15,+0.03,286,74.469999999999999,58.24
2006/09/06,865835,7997780,9.13,9.35,9.05,9.18,+0.03,220,77.659999999999997,64.72
2006/09/07,500638,4587842,9.18,9.28,9.12,9.18,0.00,153,77.659999999999997,69.04
2006/09/08,477290,4366378,9.15,9.25,9.11,9.14,-0.04,128,69.140000000000001,69.08
2006/09/11,466256,4255510,9.15,9.23,9.09,9.09,-0.05,170,58.899999999999999,65.68
2006/09/12,354267,3205102,9.09,9.18,9.0,9.0,-0.09,111,42.649999999999999,58.01
2006/09/13,474083,4269847,9.02,9.1,8.99,8.99,-0.01,126,41.18,52.40
2006/09/14,817116,7113636,9.0,9.0,8.53,8.7,-0.29,198,19.77,41.52
2006/09/15,362004,3129783,8.6,8.8,8.51,8.8,+0.10,111,32.950000000000003,38.66
2006/09/18,900309,7773431,8.19,9.0,8.19,9.0,+0.20,238,69.829999999999998,49.05
2006/09/19,1476501,13474287,8.95,9.27,8.9,9.27,+0.27,277,99.079999999999998,65.73
2006/09/20,7846539,75051712,9.32,9.7,9.3,9.61,+0.34,1497,94.040000000000006,75.17
2006/09/21,3361247,31287724,9.28,9.45,9.15,9.31,X0.00,795,74.170000000000002,74.83
2006/09/22,876778,8150865,9.31,9.38,9.21,9.31,0.00,243,74.170000000000002,74.61
2006/09/25,1362230,12761852,9.32,9.44,9.32,9.35,+0.04,310,76.819999999999993,75.35
2006/09/26,735049,6820046,9.4,9.44,9.22,9.24,-0.11,199,69.540000000000006,73.41
2006/09/27,1392073,12988716,9.3,9.37,9.25,9.25,+0.01,275,70.200000000000003,72.34
2006/09/28,524466,4821049,9.25,9.34,9.07,9.12,-0.13,193,61.590000000000003,68.76
2006/09/29,632515,5750017,9.1,9.19,9.01,9.05,-0.07,202,18.75,52.09
2006/10/02,479000,4390584,9.1,9.23,9.1,9.18,+0.13,173,24.640000000000001,42.94
2006/10/03,1040965,9722064,9.2,9.4,9.18,9.3,+0.12,335,65.909999999999997,50.60
2006/10/04,570348,5299427,9.4,9.4,9.2,9.2,-0.10,177,44.189999999999998,48.46
2006/10/05,626704,5799911,9.24,9.3,9.2,9.2,0.00,175,44.189999999999998,47.04
2006/10/11,1866661,17560076,9.2,9.52,9.2,9.41,+0.21,426,78.430000000000007,57.50
2006/10/12,1947646,18364735,9.45,9.57,9.28,9.41,0.00,376,71.430000000000007,62.14
2006/10/13,2466251,23685071,9.49,9.69,9.49,9.6,+0.19,484,86.760000000000005,70.35
2006/10/14,4834949,48193070,9.79,10.2,9.7,9.9,+0.30,728,74.790000000000006,71.83
2006/10/16,7377344,76544671,10.1,10.55,10.05,10.2,+0.30,1233,75.859999999999999,73.18
2006/10/17,2389815,23990815,10.1,10.25,9.88,9.9,-0.30,527,52.549999999999997,66.31
2006/10/18,7817482,80817305,9.9,10.55,9.8,10.55,+0.65,1446,100.0,77.54
2006/10/19,10046148,112074291,10.9,11.25,10.9,11.25,+0.70,1546,100.0,85.02
2006/10/20,9908770,109932197,11.5,11.5,10.8,11.15,-0.10,1907,84.780000000000001,84.94
2006/10/23,16057135,186195028,11.1,11.9,11.0,11.9,+0.75,3011,100.0,89.96
2006/10/24,14107312,168133168,12.2,12.3,11.5,11.8,-0.10,2947,82.209999999999994,87.37
2006/10/25,6839646,79189694,12.0,12.0,11.2,11.25,-0.55,1534,59.619999999999997,78.12
2006/10/26,6090030,69562371,11.25,11.7,11.05,11.25,0.00,1609,58.0,71.41
2006/10/27,5064374,56307389,11.3,11.4,10.7,10.8,-0.45,1226,40.0,60.94
2006/10/30,9859807,111388253,10.85,11.55,10.85,11.55,+0.75,1843,70.0,63.96
2006/10/31,15868413,189059542,11.75,12.2,11.65,11.65,+0.10,3766,59.380000000000003,62.43
2006/11/01,9124365,108026406,11.65,12.1,11.65,11.9,+0.25,2425,75.0,66.62
2006/11/02,5442984,63716363,11.9,12.05,11.5,11.5,-0.40,1534,50.0,61.08
2006/11/03,7353571,86121395,11.5,11.85,11.5,11.6,+0.10,1679,56.25,59.47
2006/11/06,6166865,70572661,10.85,11.75,10.85,11.35,-0.25,1558,43.329999999999998,54.09
2006/11/07,5917583,68758079,11.6,11.8,11.45,11.6,+0.25,1395,60.0,56.06
2006/11/08,18096052,220559664,11.7,12.4,11.65,12.4,+0.80,3718,100.0,70.70
2006/11/09,35895495,459811262,12.5,13.25,12.4,12.45,+0.05,5885,66.670000000000002,69.35
2006/11/10,17172052,228149860,13.3,13.3,13.0,13.3,+0.85,2792,100.0,79.56
2006/11/13,22563093,319252579,14.15,14.2,13.8,14.2,+0.90,3624,100.0,86.37
2006/11/14,24614470,348341181,14.2,14.8,13.3,13.35,-0.85,5049,63.289999999999999,78.68
2006/11/15,16998910,232425978,13.4,14.25,13.0,14.25,+0.90,4003,86.079999999999998,81.14
2006/11/16,15859960,224080588,14.6,14.6,13.6,13.6,-0.65,3396,69.620000000000005,77.30
2006/11/17,10727774,148741196,13.6,14.2,13.4,13.6,0.00,2630,64.180000000000007,72.92
2006/11/20,9929973,138355190,13.6,14.15,13.6,13.8,+0.20,2295,68.25,71.36
2006/11/21,7214874,100424532,13.8,14.3,13.6,13.6,-0.20,1673,50.0,64.24
2006/11/22,13536476,191723088,13.9,14.55,13.6,14.55,+0.95,3073,86.109999999999999,71.53
2006/11/23,19258846,281594751,14.7,15.05,14.3,14.45,-0.10,3600,70.730000000000004,71.27
2006/11/24,11344988,165591827,14.45,14.85,14.35,14.55,+0.10,2431,75.609999999999999,72.71
2006/11/27,9925354,145292166,14.65,14.85,14.4,14.4,-0.15,2066,68.290000000000006,71.23
2006/11/28,16176630,239486896,14.3,15.25,14.3,14.65,+0.25,3399,67.569999999999993,70.01
2006/11/29,10002591,145698160,14.9,14.95,14.25,14.45,-0.20,2009,56.759999999999998,65.59
2006/11/30,15858559,237733635,14.5,15.2,14.5,15.0,+0.55,2752,84.849999999999994,72.01
2006/12/01,12262969,186154485,15.15,15.4,14.9,15.2,+0.20,2262,88.890000000000001,77.64
2006/12/04,8929971,138535281,15.35,15.7,15.2,15.6,+0.40,2043,95.239999999999995,83.51
2006/12/05,8489846,127812420,15.8,15.8,14.6,14.7,-0.90,1735,29.030000000000001,65.35
2006/12/06,6190540,92314421,14.7,15.1,14.7,14.9,+0.20,1396,41.939999999999998,57.55
2006/12/07,6832027,101557179,15.0,15.1,14.55,14.6,-0.30,1633,22.579999999999998,45.90
2006/12/08,4403802,65063476,14.55,14.95,14.5,14.75,+0.15,1069,32.259999999999998,41.35
2006/12/11,3679936,54632791,14.75,15.0,14.6,14.7,-0.05,904,29.030000000000001,37.25
2006/12/12,4037165,57961766,14.7,14.9,13.8,13.9,-0.80,1147,5.0,26.50
2006/12/13,6762226,94612500,14.05,14.5,13.5,14.45,+0.55,1679,41.299999999999997,31.44
2006/12/14,2123391,30448241,14.45,14.55,14.2,14.25,-0.20,613,32.609999999999999,31.83
2006/12/15,4159114,60523708,14.5,14.8,14.3,14.3,+0.05,1027,34.780000000000001,32.81
2006/12/18,2586177,37367168,14.5,14.7,14.3,14.3,0.00,713,50.0,38.54
2006/12/19,3302713,46628463,14.3,14.5,13.85,13.95,-0.35,924,28.120000000000001,35.06
2006/12/20,4213728,59741662,13.9,14.45,13.9,14.05,+0.10,1151,36.670000000000002,35.59
2006/12/21,3804213,52033905,14.15,14.15,13.45,13.55,-0.50,998,6.4500000000000002,25.88
2006/12/22,1988169,27017778,13.6,13.75,13.45,13.5,-0.05,582,3.4500000000000002,18.40
2006/12/25,2443261,33828825,13.95,14.0,13.7,13.85,+0.35,686,29.629999999999999,22.15
2006/12/26,3260358,45213966,13.85,13.95,13.75,13.85,0.00,751,29.629999999999999,24.65
2006/12/27,2611924,35890160,13.95,14.1,13.4,13.55,-0.30,670,10.710000000000001,20.00
2006/12/28,4188441,55347317,13.65,13.65,13.0,13.2,-0.35,904,11.76,17.25
2006/12/29,2096427,27848725,13.2,13.4,13.2,13.3,+0.10,531,20.0,18.17
2007/01/02,5797606,78186495,13.35,13.9,13.0,13.9,+0.60,1284,62.07,32.80
2007/01/03,3617005,50390300,14.0,14.15,13.5,13.55,-0.35,775,47.829999999999998,37.81
2007/01/04,1472554,19698860,13.55,13.7,13.2,13.5,-0.05,435,43.479999999999997,39.70
2007/01/05,1749139,23639320,13.45,13.8,13.25,13.6,+0.10,534,52.170000000000002,43.86
2007/01/08,3765397,52130730,13.3,14.0,13.3,13.55,-0.05,659,47.829999999999998,45.18
2007/01/09,16497059,235224576,14.0,14.45,13.9,14.2,+0.65,2010,82.760000000000005,57.71
2007/01/10,15120270,219354967,14.1,14.9,14.0,14.3,+0.10,2566,68.420000000000002,61.28
2007/01/11,5627759,76211542,14.3,14.4,13.3,13.3,-1.00,949,15.789999999999999,46.11
2007/01/12,3049013,40793153,13.7,13.7,13.15,13.2,-0.10,770,10.529999999999999,34.25
2007/01/15,7256070,90205602,13.3,13.4,12.3,12.4,-0.80,1227,3.8500000000000001,24.11
2007/01/16,2591226,32363125,12.4,12.7,12.3,12.45,+0.05,679,5.7699999999999996,17.99
2007/01/17,1995866,25229098,12.5,12.75,12.45,12.7,+0.25,613,15.380000000000001,17.12
2007/01/18,1350233,17195174,12.9,12.9,12.6,12.8,+0.10,403,19.23,17.82
2007/01/19,1304819,16563164,12.8,12.85,12.6,12.65,-0.15,290,13.460000000000001,16.37
2007/01/22,2752468,34074749,12.65,12.65,12.25,12.3,-0.35,411,1.8899999999999999,11.54
2007/01/23,2664687,32823030,12.2,12.45,12.2,12.3,0.00,392,4.5499999999999998,9.21
2007/01/24,2219217,27440711,12.4,12.5,12.25,12.35,+0.05,357,10.0,9.47
2007/01/25,2798712,34943751,12.5,12.65,12.35,12.4,+0.05,531,16.670000000000002,11.87
2007/01/26,1865780,23568373,12.5,12.85,12.45,12.6,+0.20,515,57.140000000000001,26.96
2007/01/29,1926632,24726558,12.7,13.1,12.6,12.7,+0.10,611,55.560000000000002,36.49
2007/01/30,1829489,22686208,12.85,12.85,12.25,12.3,-0.40,445,11.109999999999999,28.03
2007/01/31,1392763,16985655,12.35,12.45,11.85,12.3,0.00,364,36.0,30.69
2007/02/01,602632,7383360,12.35,12.45,12.1,12.1,-0.20,202,20.0,27.13
2007/02/02,827480,10051831,12.1,12.25,12.05,12.15,+0.05,217,24.0,26.09
2007/02/05,878766,10873528,12.15,12.5,12.15,12.35,+0.20,324,40.0,30.72
2007/02/06,925090,11595297,12.5,12.65,12.45,12.45,+0.10,305,48.0,36.48
2007/02/07,433256,5336339,12.5,12.5,12.2,12.2,-0.25,160,28.0,33.65
2007/02/08,692866,8500308,12.25,12.4,12.2,12.25,+0.05,199,32.0,33.10
2007/02/09,1426001,17788055,12.3,12.55,12.3,12.4,+0.15,333,55.0,40.40
2007/02/12,2165129,27339793,12.5,13.0,12.3,12.4,0.00,554,47.829999999999998,42.87
2007/02/13,1484403,18583224,12.5,12.7,12.4,12.4,0.00,412,36.840000000000003,40.86
2007/02/14,1574339,19728385,12.5,12.65,12.35,12.6,+0.20,436,57.890000000000001,46.54
2007/02/26,3400120,44523278,12.9,13.3,12.75,13.2,+0.60,895,91.299999999999997,61.46
2007/02/27,1870575,24339610,13.4,13.4,12.7,13.0,-0.20,478,66.670000000000002,63.19
2007/03/01,1354805,16984878,12.5,12.75,12.45,12.5,-0.50,404,25.0,50.46
2007/03/02,1834421,23596155,12.6,13.1,12.5,12.95,+0.45,484,62.5,54.47
2007/03/03,3006861,37714424,12.9,12.9,12.4,12.45,-0.50,596,13.640000000000001,40.86
2007/03/05,2225310,26816092,12.4,12.4,11.8,11.8,-0.65,565,0.0,27.24
2007/03/06,1937955,23213500,11.9,12.2,11.85,12.15,+0.35,276,21.870000000000001,25.45
2007/03/07,2735180,33191577,12.2,12.3,11.9,12.1,-0.05,374,18.75,23.22
2007/03/08,2312681,28323135,12.1,12.4,12.1,12.2,+0.10,323,25.0,23.81
2007/03/09,1854512,22814065,12.2,12.45,12.2,12.2,0.00,324,25.0,24.20
2007/03/12,1291730,15644592,12.1,12.2,12.05,12.1,-0.10,272,23.079999999999998,23.82
2007/03/13,1485620,18234947,12.1,12.45,12.1,12.15,+0.05,356,26.920000000000002,24.85
2007/03/14,1242174,14820919,12.0,12.0,11.85,12.0,-0.15,260,18.18,22.63
2007/03/15,2224360,26825570,12.0,12.15,12.0,12.1,+0.10,323,46.149999999999999,30.47
2007/03/16,1551245,18715411,12.1,12.15,12.0,12.0,-0.10,283,25.0,28.64
2007/03/19,9762683,113194068,12.2,12.25,11.2,11.2,-0.80,1630,0.0,19.09
2007/03/20,3801943,43729184,11.3,11.75,11.3,11.65,+0.45,950,36.0,24.73
2007/03/21,1469385,17209913,11.65,11.85,11.55,11.7,+0.05,368,40.0,29.82
2007/03/22,1354895,15875919,11.7,11.85,11.55,11.75,+0.05,362,44.0,34.55
2007/03/23,794610,9276322,11.75,11.75,11.55,11.7,-0.05,224,40.0,36.36
2007/03/26,1087676,12741686,11.7,11.9,11.6,11.65,-0.05,281,42.859999999999999,38.53
2007/03/27,877614,10172342,11.75,11.75,11.5,11.5,-0.15,244,28.57,35.21
2007/03/28,1894636,21925738,11.5,11.7,11.5,11.65,+0.15,309,42.859999999999999,37.76
2007/03/29,426242,4928631,11.65,11.65,11.5,11.6,-0.05,131,38.100000000000001,37.87
2007/03/30,754231,8702072,11.6,11.65,11.45,11.45,-0.15,223,25.0,33.58
2007/04/02,959147,11003973,11.55,11.55,11.45,11.45,0.00,230,0.0,22.39
2007/04/03,586176,6754757,11.5,11.6,11.45,11.5,+0.05,188,11.109999999999999,18.63
2007/04/04,1743189,20269218,11.65,11.7,11.5,11.6,+0.10,336,33.329999999999998,23.53
2007/04/09,2196520,25888353,11.6,12.0,11.6,11.95,+0.35,552,90.909999999999997,45.99
2007/04/10,6647993,83465548,12.0,12.75,11.95,12.75,+0.80,1192,100.0,63.99
2007/04/11,5360823,68634507,13.0,13.0,12.6,12.7,-0.05,1327,80.650000000000006,69.54
2007/04/12,1379799,17638747,13.0,13.0,12.7,12.75,+0.05,394,83.870000000000005,74.32
2007/04/13,2348921,30220788,13.0,13.0,12.7,12.8,+0.05,584,87.099999999999994,78.58
2007/04/14,9425260,121905443,12.95,13.3,12.8,12.8,0.00,1489,72.969999999999999,76.71
2007/04/16,2461964,31575239,13.0,13.05,12.65,12.65,-0.15,574,64.859999999999999,72.76
2007/04/17,1274617,15975643,12.7,12.8,12.2,12.2,-0.45,389,38.890000000000001,61.47
2007/04/18,1075155,13389772,12.35,12.6,12.3,12.55,+0.35,333,55.880000000000003,59.61
2007/04/19,951643,11764959,12.55,12.6,12.2,12.2,-0.35,277,18.52,45.91
2007/04/20,781671,9589198,12.25,12.4,12.2,12.2,0.00,247,0.0,30.61
2007/04/23,1615688,20188123,12.35,12.7,12.3,12.3,+0.10,419,9.0899999999999999,23.44
2007/04/24,992652,12288583,12.4,12.5,12.25,12.35,+0.05,244,13.640000000000001,20.18
2007/04/25,629854,7765921,12.5,12.5,12.2,12.2,-0.15,188,0.0,13.45
2007/04/26,643532,7929734,12.3,12.45,12.2,12.3,+0.10,209,11.76,12.89
2007/04/27,871749,10679346,12.3,12.35,12.15,12.25,-0.05,198,15.380000000000001,13.72
2007/04/30,1060629,12779325,12.35,12.35,11.85,12.15,-0.10,263,35.289999999999999,20.91
2007/05/02,768790,9249209,12.15,12.2,11.85,11.95,-0.20,208,11.76,17.86
2007/05/03,1005889,11878086,12.0,12.1,11.5,11.9,-0.05,220,33.329999999999998,23.02
2007/05/04,839180,10116323,11.95,12.3,11.8,12.1,+0.20,256,50.0,32.02
2007/05/07,596077,7302931,12.35,12.4,12.2,12.2,+0.10,192,70.0,44.68
2007/05/08,423160,5175782,12.3,12.35,12.15,12.2,0.00,155,70.0,53.12
2007/05/09,547933,6616894,12.2,12.2,12.0,12.0,-0.20,134,52.630000000000003,52.95
2007/05/10,553396,6650858,12.0,12.1,11.95,11.95,-0.05,148,50.0,51.97
2007/05/11,443429,5293697,11.9,12.0,11.85,12.0,+0.05,135,55.560000000000002,53.17
2007/05/14,457633,5476416,11.9,12.05,11.9,11.9,-0.10,147,44.439999999999998,50.26
2007/05/15,484119,5752193,11.75,12.0,11.75,11.8,-0.10,165,33.329999999999998,44.62
2007/05/16,423092,4999472,11.8,11.9,11.75,11.75,-0.05,131,0.0,29.75
2007/05/17,697942,8344805,11.85,12.0,11.85,11.95,+0.20,180,30.77,30.09
2007/05/18,843629,10129548,12.05,12.15,11.85,12.1,+0.15,224,58.329999999999998,39.50
2007/05/21,645674,7823465,12.2,12.2,12.05,12.15,+0.05,209,88.890000000000001,55.96
2007/05/22,624290,7583643,12.15,12.2,12.1,12.15,0.00,186,88.890000000000001,66.94
2007/05/23,870427,10625728,12.15,12.3,12.15,12.2,+0.05,232,81.819999999999993,71.90
2007/05/24,1082613,13246708,12.25,12.35,12.1,12.15,-0.05,235,66.670000000000002,70.15
2007/05/25,975854,12028127,12.2,12.45,12.15,12.2,+0.05,304,64.290000000000006,68.20
2007/05/28,439351,5404326,12.25,12.4,12.25,12.25,+0.05,161,71.430000000000007,69.28
2007/05/29,655124,8051504,12.25,12.4,12.25,12.25,0.00,219,66.670000000000002,68.41
2007/05/30,596999,7327686,12.25,12.35,12.2,12.3,+0.05,158,75.0,70.61
2007/05/31,568971,6986044,12.35,12.35,12.2,12.2,-0.10,207,37.5,59.57
2007/06/01,575903,7050320,12.2,12.35,12.15,12.15,-0.05,155,14.289999999999999,44.47
2007/06/04,795431,9689855,12.25,12.25,12.15,12.15,0.00,232,14.289999999999999,34.41
2007/06/05,872270,10607709,12.15,12.25,12.1,12.2,+0.05,215,28.57,32.46
2007/06/06,879353,10724116,12.2,12.3,12.1,12.15,-0.05,229,14.289999999999999,26.40
2007/06/07,507042,6162958,12.15,12.25,12.1,12.15,0.00,121,16.670000000000002,23.16
2007/06/08,1040119,12545013,12.15,12.15,12.0,12.0,-0.15,303,0.0,15.44
2007/06/11,776998,9356469,12.0,12.15,12.0,12.0,0.00,197,0.0,10.29
2007/06/12,491951,5948262,12.0,12.2,11.9,12.1,+0.10,153,44.439999999999998,21.67
2007/06/13,786029,9483043,12.1,12.2,11.85,12.15,+0.05,225,60.0,34.45
2007/06/14,909642,11078509,12.15,12.25,12.05,12.15,0.00,215,66.670000000000002,45.19
2007/06/15,926961,11260870,12.2,12.3,12.0,12.2,+0.05,221,77.780000000000001,56.06
2007/06/20,2068916,26006892,12.4,12.8,12.3,12.6,+0.40,598,78.950000000000003,63.69
2007/06/21,1393253,17465025,12.75,12.75,12.35,12.5,-0.10,347,68.420000000000002,65.27
2007/06/22,1130705,14289136,12.55,12.75,12.55,12.65,+0.15,319,84.209999999999994,71.58
2007/06/23,856237,10872268,12.65,12.85,12.6,12.65,0.00,261,80.0,74.39
2007/06/25,1161947,14770818,12.7,12.8,12.65,12.75,+0.10,340,90.0,79.59
2007/06/26,1115851,13969548,12.75,12.75,12.45,12.45,-0.30,268,60.0,73.06
2007/06/27,2415501,30519478,12.5,12.9,12.5,12.55,+0.10,533,61.109999999999999,69.08
2007/06/28,1362505,17098606,12.7,12.7,12.45,12.6,+0.05,326,66.670000000000002,68.27
2007/06/29,1194523,15028952,12.6,12.8,12.5,12.55,-0.05,266,41.670000000000002,59.40
2007/07/02,1218210,15433488,12.7,12.75,12.55,12.7,+0.15,329,63.640000000000001,60.81
2007/07/03,4180896,53648400,12.8,12.9,12.75,12.9,+0.20,822,100.0,73.87
2007/07/04,6135403,77633582,12.55,12.8,12.45,12.55,X0.00,1144,22.219999999999999,56.66
2007/07/05,3150380,40433846,12.8,13.0,12.7,12.75,+0.20,635,54.549999999999997,55.95
2007/07/06,6336602,84200065,12.95,13.6,12.7,13.6,+0.85,1226,100.0,70.63
2007/07/09,9024577,126009596,14.0,14.3,13.7,13.9,+0.30,1454,78.379999999999995,73.22
2007/07/10,6730523,95819251,14.05,14.6,14.0,14.0,+0.10,1082,72.090000000000003,72.84
2007/07/11,3497032,48073169,13.9,14.1,13.45,13.45,-0.55,719,46.509999999999998,64.06
2007/07/12,5853353,82801584,13.5,14.35,13.5,14.35,+0.90,1038,88.370000000000005,72.17
2007/07/13,6914782,98869812,14.5,14.55,14.05,14.1,-0.25,1096,76.739999999999995,73.69
2007/07/16,5402411,78383595,14.2,14.7,14.2,14.35,+0.25,1033,84.439999999999998,77.28
2007/07/17,10986135,163302689,14.45,15.2,14.45,15.0,+0.65,1780,92.0,82.19
2007/07/18,28863702,455795873,15.0,16.05,14.95,16.05,+1.05,2612,100.0,88.12
2007/07/19,18960720,323601607,17.15,17.15,16.65,17.15,+1.10,2446,100.0,92.08
2007/07/20,23189080,396898032,17.75,18.0,15.95,17.15,0.00,3788,81.319999999999993,88.50
2007/07/23,14037700,237648569,17.15,17.4,16.35,16.5,-0.65,2738,67.030000000000001,81.34
2007/07/24,13855655,233023429,16.75,17.3,16.2,16.2,-0.30,2954,60.0,74.23
2007/07/25,9974504,165936599,16.2,16.9,16.2,16.5,+0.30,2208,62.030000000000001,70.17
2007/07/26,9809356,155654762,16.7,16.8,15.35,15.35,-1.15,1989,30.260000000000002,56.87
2007/07/27,8693555,135131414,14.8,16.1,14.7,15.15,-0.20,1795,19.719999999999999,44.48
2007/07/30,13168444,211664004,15.6,16.2,15.4,16.0,+0.85,2065,39.390000000000001,42.78
2007/07/31,5906099,93620300,15.8,16.15,15.7,15.85,-0.15,1382,34.850000000000001,40.14
2007/08/01,5263304,84951843,15.85,16.5,15.85,15.9,+0.05,1130,36.359999999999999,38.88
2007/08/02,4050891,62572965,16.4,16.4,14.8,15.15,-0.75,804,16.670000000000002,31.48
2007/08/03,2311318,36147688,15.8,15.8,15.25,15.7,+0.55,561,38.460000000000001,33.81
2007/08/06,2924253,46499393,15.4,16.1,15.3,15.8,+0.10,730,50.0,39.21
2007/08/07,1749627,27747604,16.0,16.15,15.55,15.55,-0.25,421,40.479999999999997,39.63
2007/08/08,4913791,80460672,15.7,16.6,15.65,16.6,+1.05,1055,100.0,59.75
2007/08/09,7038546,116691640,16.5,16.9,16.3,16.5,-0.10,1473,80.950000000000003,66.81
2007/08/10,2317668,37471869,16.0,16.5,15.8,16.2,-0.30,573,66.670000000000002,66.76
2007/08/13,1860560,29797168,16.35,16.35,15.8,15.8,-0.40,521,47.619999999999997,60.38
2007/08/14,3669482,58285614,15.8,16.25,15.5,15.8,0.00,943,47.619999999999997,56.12
2007/08/15,2060727,31908148,15.7,15.85,15.15,15.3,-0.50,576,8.5700000000000003,40.27
2007/08/16,2991731,44086299,15.0,15.3,14.3,14.5,-0.80,668,7.6900000000000004,29.41
2007/08/17,2712920,39196915,14.5,15.0,13.9,15.0,+0.50,623,36.670000000000002,31.83
2007/08/20,2525934,39784362,16.05,16.05,15.55,15.85,+0.85,639,65.0,42.89
2007/08/21,1263266,19521360,15.85,15.85,15.05,15.05,-0.80,437,38.329999999999998,41.37
2007/08/22,1508504,22725907,15.2,15.5,14.6,14.6,-0.45,500,26.920000000000002,36.55
2007/08/23,1267102,19014404,15.1,15.15,14.85,14.85,+0.25,402,38.780000000000001,37.30
2007/08/24,1032258,15407854,14.9,15.1,14.8,14.8,-0.05,303,38.299999999999997,37.64
2007/08/27,864088,12892896,15.0,15.05,14.8,14.85,+0.05,234,44.189999999999998,39.82
2007/08/28,745479,11009015,15.0,15.0,14.6,14.85,0.00,186,44.189999999999998,41.28
2007/08/29,788835,11637665,14.8,14.85,14.6,14.85,0.00,309,44.189999999999998,42.25
2007/08/30,795591,11957651,15.0,15.15,14.95,15.0,+0.15,248,27.59,37.37
2007/08/31,935997,14064703,15.1,15.2,14.9,14.95,-0.05,268,28.0,34.24
2007/09/03,3275891,51174616,15.2,15.8,15.2,15.5,+0.55,696,75.0,47.83
2007/09/04,1049551,16186679,15.8,15.8,15.25,15.4,-0.10,253,66.670000000000002,54.11
2007/09/05,1624599,25485452,15.7,15.9,15.5,15.55,+0.15,369,73.079999999999998,60.43
2007/09/06,751305,11732305,15.55,15.8,15.45,15.5,-0.05,232,69.230000000000004,63.37
2007/09/07,807245,12498281,15.5,15.65,15.25,15.3,-0.20,243,53.850000000000001,60.20
2007/09/10,528960,8061741,15.0,15.4,15.0,15.3,0.00,186,53.850000000000001,58.08
2007/09/11,639895,9702813,15.3,15.3,15.1,15.15,-0.15,184,25.0,47.05
2007/09/12,794893,11976603,15.15,15.25,14.85,15.0,-0.15,202,14.289999999999999,36.13
2007/09/13,578854,8634643,15.05,15.1,14.8,14.85,-0.15,181,4.5499999999999998,25.61
2007/09/14,756472,11424701,14.85,15.35,14.85,15.05,+0.20,248,22.73,24.65
2007/09/17,428158,6486859,15.0,15.3,15.0,15.05,0.00,164,22.73,24.01
2007/09/19,431846,6482646,15.3,15.3,14.9,15.0,-0.05,156,20.0,22.68
2007/09/20,440427,6612738,15.0,15.15,14.95,14.95,-0.05,126,17.649999999999999,21.00
2007/09/21,1072451,16268582,15.1,15.4,14.95,15.15,+0.20,298,58.329999999999998,33.44
2007/09/26,855101,12897962,15.25,15.25,15.0,15.15,0.00,273,58.329999999999998,41.73
2007/09/27,945882,14294631,15.2,15.2,15.05,15.05,-0.10,203,41.670000000000002,41.71
2007/09/28,1577510,24334045,15.05,15.7,15.05,15.5,+0.45,518,77.780000000000001,53.74
2007/09/29,1511004,23465805,15.5,15.8,15.3,15.55,+0.05,375,73.680000000000007,60.39
2007/10/01,1405400,21920857,15.7,15.75,15.4,15.5,-0.05,318,66.670000000000002,62.48
2007/10/02,2167046,34007812,15.6,15.85,15.5,15.7,+0.20,438,84.209999999999994,69.72
2007/10/03,4140118,66811188,15.8,16.45,15.8,16.1,+0.40,1024,76.670000000000002,72.04
2007/10/04,1103729,17681883,16.2,16.3,15.85,16.0,-0.10,428,70.0,71.36
2007/10/05,923341,14450964,16.1,16.1,15.5,15.5,-0.50,251,34.479999999999997,59.06
2007/10/08,966921,14871247,15.55,15.7,15.25,15.25,-0.25,237,14.289999999999999,44.13
2007/10/09,814660,12333664,15.25,15.3,15.05,15.1,-0.15,202,3.5699999999999998,30.61
2007/10/11,608496,9245336,15.1,15.3,15.1,15.15,+0.05,158,7.1399999999999997,22.79
2007/10/12,688911,10389115,15.25,15.25,14.75,14.8,-0.35,195,2.9399999999999999,16.17
2007/10/15,896092,13091297,14.8,14.9,14.0,14.8,0.00,219,32.649999999999999,21.66
2007/10/16,446347,6581180,14.8,14.85,14.6,14.75,-0.05,213,30.609999999999999,24.64
2007/10/17,460696,6879111,14.75,15.1,14.75,14.85,+0.10,167,36.960000000000001,28.75
2007/10/18,563395,8421082,14.85,15.05,14.85,15.0,+0.15,214,47.619999999999997,35.04
2007/10/19,369673,5465504,15.0,15.0,14.7,14.75,-0.25,113,44.119999999999997,38.07
2007/10/22,494362,7161952,14.65,14.65,14.2,14.2,-0.55,175,15.380000000000001,30.51
2007/10/23,601078,8788797,14.3,14.85,14.3,14.85,+0.65,173,65.379999999999995,42.13
2007/10/24,452912,6681047,14.85,14.95,14.3,14.3,-0.55,178,24.0,36.09
2007/10/25,352476,5091322,14.4,14.7,14.35,14.45,+0.15,127,40.909999999999997,37.70
2007/10/26,392410,5775600,14.65,15.0,14.55,15.0,+0.55,141,88.890000000000001,54.76
2007/10/29,1178080,18005611,15.2,15.5,14.9,15.3,+0.30,361,84.620000000000005,64.72
2007/10/30,788928,11920867,15.2,15.3,15.0,15.0,-0.30,177,61.539999999999999,63.66
2007/10/31,624643,9354004,15.0,15.3,14.5,14.5,-0.50,213,23.079999999999998,50.13
2007/11/01,400472,5880492,14.6,15.0,14.55,14.55,+0.05,139,26.920000000000002,42.39
2007/11/02,568534,8275638,14.55,14.75,14.4,14.5,-0.05,176,16.670000000000002,33.82
2007/11/05,434494,6193061,14.5,14.7,13.8,14.5,0.00,136,41.18,36.28
2007/11/06,472453,6765380,14.4,14.5,14.2,14.25,-0.25,111,26.469999999999999,33.01
2007/11/07,613439,8813052,14.25,14.55,14.2,14.35,+0.10,161,32.350000000000001,32.79
2007/11/08,1086902,15298417,14.35,14.45,13.7,14.2,-0.15,272,27.780000000000001,31.12
2007/11/09,1016673,13982019,13.35,14.1,13.35,13.8,-0.40,220,23.079999999999998,28.44
2007/11/12,1391048,18212465,13.8,13.8,12.85,12.85,-0.95,280,0.0,18.96
2007/11/13,754789,9819913,12.8,13.3,12.8,13.3,+0.45,271,22.73,20.22
2007/11/14,1363953,19112435,13.8,14.2,13.6,14.2,+0.90,254,71.790000000000006,37.41
2007/11/15,598571,8493157,14.4,14.45,14.0,14.1,-0.10,193,68.420000000000002,47.75
2007/11/16,680225,9449100,14.1,14.2,13.6,14.1,0.00,256,74.290000000000006,56.59
2007/11/19,216785,3075926,14.1,14.5,14.0,14.15,+0.05,105,77.140000000000001,63.44
2007/11/20,466850,6486562,14.0,14.1,13.7,14.0,-0.15,149,70.590000000000003,65.82
2007/11/21,538490,7655509,13.95,14.55,13.9,13.9,-0.10,236,62.859999999999999,64.83
2007/11/22,420487,5881242,14.0,14.25,13.85,13.85,-0.05,132,60.0,63.22
2007/11/23,401088,5601657,14.0,14.2,13.8,13.85,0.00,135,60.0,62.15
2007/11/26,663265,9237679,14.05,14.15,13.8,14.0,+0.15,228,42.109999999999999,55.47
2007/11/27,453740,6307410,14.0,14.05,13.8,13.85,-0.15,169,26.32,45.75
2007/11/28,421286,5855922,14.0,14.0,13.75,14.0,+0.15,155,42.109999999999999,44.54
2007/11/29,383347,5376637,14.1,14.15,13.9,14.05,+0.05,139,41.18,43.42
2007/11/30,601097,8508114,14.05,14.3,14.0,14.2,+0.15,189,58.82,48.56
2007/12/03,510927,7304812,14.25,14.4,14.15,14.3,+0.10,224,68.75,55.29
2007/12/04,1152252,16860626,14.35,15.1,14.3,14.9,+0.60,259,85.189999999999998,65.26
2007/12/05,718057,10513577,14.85,14.9,14.5,14.65,-0.25,231,66.670000000000002,65.73
2007/12/06,404986,5950293,14.65,14.8,14.6,14.7,+0.05,134,70.370000000000005,67.28
2007/12/07,1260322,18817062,14.95,15.05,14.8,14.9,+0.20,294,85.189999999999998,73.25
2007/12/10,679654,10181176,14.9,15.2,14.9,14.9,0.00,201,79.310000000000002,75.27
2007/12/11,883565,13238485,15.0,15.1,14.9,14.95,+0.05,195,80.769999999999996,77.10
2007/12/12,616510,9171342,14.9,15.0,14.75,15.0,+0.05,143,83.329999999999998,79.18
2007/12/13,1067397,16060692,14.95,15.3,14.9,14.95,-0.05,276,69.569999999999993,75.98
2007/12/14,1146679,16977630,15.0,15.05,14.25,14.95,0.00,260,66.670000000000002,72.87
2007/12/17,921517,13362188,14.9,14.9,14.1,14.1,-0.85,198,0.0,48.58
2007/12/18,1215106,16736119,14.0,14.35,13.2,14.0,-0.10,205,38.100000000000001,45.09
2007/12/19,552353,7918817,14.05,14.65,13.95,14.65,+0.65,169,69.049999999999997,53.08
2007/12/20,378269,5502223,14.65,14.7,14.15,14.7,+0.05,127,71.430000000000007,59.20
2007/12/21,563334,8226724,14.65,14.8,14.45,14.7,0.00,140,71.430000000000007,63.28
2007/12/24,384744,5672835,14.9,14.9,14.6,14.8,+0.10,107,76.189999999999998,67.59
2007/12/25,397079,5871958,14.8,14.9,14.7,14.8,0.00,108,76.189999999999998,70.46
2007/12/26,157309,2320106,14.8,14.85,14.65,14.85,+0.05,72,89.189999999999998,76.70
2007/12/27,810781,12107144,14.85,15.0,14.8,14.95,+0.10,119,97.219999999999999,83.54
2007/12/28,1356884,20718316,14.95,15.5,14.9,15.45,+0.50,374,97.829999999999998,88.30
2007/12/31,639842,9870531,15.9,15.9,15.2,15.4,-0.05,182,74.359999999999999,83.66
2008/01/02,843895,13049791,15.4,15.7,15.0,15.4,0.00,268,71.430000000000007,79.58
2008/01/03,439217,6700469,15.2,15.4,15.1,15.4,0.00,118,65.519999999999996,74.89
2008/01/04,847067,13178237,15.4,15.8,15.2,15.65,+0.25,230,80.769999999999996,76.85
2008/01/07,342526,5255196,15.65,15.65,15.1,15.4,-0.25,128,60.0,71.23
2008/01/08,343193,5309356,15.3,15.6,15.3,15.45,+0.05,133,64.0,68.82
2008/01/09,332008,5065670,15.35,15.4,15.2,15.2,-0.25,140,36.359999999999999,58.00
2008/01/10,342913,5223788,15.2,15.4,15.1,15.15,-0.05,161,25.0,47.00
2008/01/11,351004,5295160,15.2,15.25,15.0,15.15,0.00,109,16.670000000000002,36.89
2008/01/14,559529,8486008,15.3,15.4,15.0,15.15,0.00,156,18.75,30.84
2008/01/15,2248544,34821034,15.3,15.9,15.1,15.15,0.00,582,16.670000000000002,26.12
2008/01/16,723002,10950373,15.15,15.45,14.9,14.95,-0.20,319,5.0,19.08
2008/01/17,355608,5289167,14.95,15.2,14.7,14.85,-0.10,161,12.5,16.89
2008/01/18,414452,6199638,14.8,15.3,14.65,14.9,+0.05,160,20.0,17.93
2008/01/21,1908796,29543568,15.5,15.7,14.9,15.2,+0.30,488,44.0,26.62
2008/01/22,832209,11953857,14.5,14.8,14.15,14.15,-1.05,230,0.0,17.75
2008/01/23,627000,8877900,14.3,14.45,13.9,14.2,+0.05,226,15.0,16.83
2008/01/24,671587,9608894,14.3,14.6,13.9,14.25,+0.05,227,17.5,17.05
2008/01/25,537569,7624422,14.4,14.55,14.0,14.1,-0.15,189,10.0,14.70
2008/01/28,357674,5036586,14.1,14.2,13.9,14.15,+0.05,136,13.890000000000001,14.43
2008/01/29,274999,3862186,14.25,14.25,13.9,14.15,0.00,100,13.890000000000001,14.25
2008/01/30,245001,3463514,14.2,14.25,14.0,14.1,-0.05,100,11.109999999999999,13.20
2008/01/31,412348,5712972,14.1,14.15,13.2,14.15,+0.05,144,38.0,21.47
2008/02/01,547569,7895356,14.25,14.6,14.15,14.45,+0.30,188,78.120000000000005,40.35
2008/02/12,164442,2368214,14.1,14.5,14.1,14.5,+0.05,86,92.859999999999999,57.85
2008/02/13,213617,3076834,14.5,14.5,14.3,14.5,0.00,70,92.859999999999999,69.52
2008/02/14,236201,3405081,14.5,14.55,14.25,14.5,0.00,110,92.859999999999999,77.30
2008/02/15,197202,2822928,14.5,14.5,14.2,14.2,-0.30,68,71.430000000000007,75.34
2008/02/18,220204,3106834,14.2,14.35,14.0,14.0,-0.20,98,57.140000000000001,69.28
2008/02/19,165302,2344061,14.0,14.35,14.0,14.05,+0.05,104,60.710000000000001,66.43
2008/02/20,358984,4964729,14.05,14.1,13.6,13.6,-0.45,122,28.57,53.81
2008/02/21,237083,3271892,13.7,13.9,13.7,13.9,+0.30,116,30.0,45.87
2008/02/22,188000,2567650,13.75,13.8,13.5,13.65,-0.25,70,14.289999999999999,35.34
2008/02/25,1277312,18328202,13.75,14.6,13.7,14.6,+0.95,371,100.0,56.89
2008/02/26,610629,9063243,15.2,15.2,14.4,14.4,-0.20,265,52.939999999999998,55.58
2008/02/27,348065,5059277,14.4,14.9,14.25,14.25,-0.15,153,44.119999999999997,51.76
2008/02/29,465740,6762328,14.1,14.8,14.1,14.6,+0.35,230,64.709999999999994,56.08
2008/03/03,1036877,15760128,14.35,15.55,14.2,15.3,+0.70,427,87.799999999999997,66.66
2008/03/04,3538957,56341451,15.5,16.3,15.3,16.15,+0.85,1028,94.640000000000001,75.99
2008/03/05,2960868,48679528,16.15,16.9,16.15,16.5,+0.35,817,88.239999999999995,80.07
2008/03/06,1671080,27006345,16.5,16.5,15.7,16.35,-0.15,498,83.819999999999993,81.32
2008/03/07,791020,12698420,16.25,16.25,16.0,16.0,-0.35,225,71.879999999999995,78.17
2008/03/10,681066,10854083,16.0,16.15,15.85,15.85,-0.15,181,62.5,72.94
2008/03/11,729563,11774660,15.8,16.45,15.8,16.2,+0.35,293,75.0,73.63
2008/03/12,1131262,18195506,16.4,16.4,15.8,15.8,-0.40,249,60.710000000000001,69.33
2008/03/13,759131,11902010,15.8,16.0,15.3,15.85,+0.05,199,61.109999999999999,66.59
2008/03/14,963288,15538480,16.4,16.4,15.85,15.85,0.00,275,34.369999999999997,55.85
2008/03/17,610312,9706957,15.85,16.15,15.75,16.15,+0.30,132,53.119999999999997,54.94
2008/03/18,521011,8343915,16.15,16.2,15.9,15.9,-0.25,133,50.0,53.30
2008/03/19,925147,14818825,16.2,16.25,15.85,15.85,-0.05,255,47.829999999999998,51.47
2008/03/20,5860712,98545248,15.85,16.95,15.85,16.95,+1.10,982,100.0,67.64
2008/03/21,7637079,137871860,18.0,18.1,17.8,18.1,+1.15,1179,100.0,78.42
2008/03/24,2742003,53057742,19.35,19.35,19.35,19.35,+1.25,399,100.0,85.61
2008/03/25,24843977,509864113,20.7,20.7,20.0,20.0,+0.65,3889,87.040000000000006,86.08
2008/03/26,12193871,258686603,20.1,21.4,20.1,21.4,+1.40,2392,100.0,90.72
2008/03/27,11271105,245598517,21.75,22.2,21.5,21.5,+0.10,3155,89.150000000000006,90.20
2008/03/28,8038294,167519240,21.5,21.6,20.1,21.5,0.00,2059,88.980000000000004,89.79
2008/03/31,10779808,245259784,21.5,23.0,21.4,23.0,+1.50,2308,100.0,93.19
2008/04/01,19973920,462111070,23.45,23.9,22.1,23.0,0.00,5603,88.819999999999993,91.74
2008/04/02,10200457,237564145,23.8,23.8,22.6,23.7,+0.70,3046,96.719999999999999,93.40
2008/04/03,4948841,114565071,23.6,23.7,22.7,23.0,-0.70,1453,80.219999999999999,89.01
2008/04/07,7676407,183951898,23.1,24.6,22.9,24.6,+1.60,1988,100.0,92.67
2008/04/08,5061199,124040783,24.6,25.15,23.8,24.0,-0.60,1622,77.230000000000004,87.52
2008/04/09,4970256,119167784,24.1,24.7,23.35,23.6,-0.40,1527,69.310000000000002,81.45
2008/04/10,3390706,79999882,23.7,24.15,22.9,23.8,+0.20,1249,73.269999999999996,78.72
2008/04/11,10960436,277018922,24.5,25.45,24.2,25.45,+1.65,2477,100.0,85.81
2008/04/14,14267335,382046443,25.75,27.2,25.75,27.2,+1.75,3616,100.0,90.54
2008/04/15,15050442,414972353,27.5,28.5,26.5,27.8,+0.60,4561,88.140000000000001,89.74
2008/04/16,9977623,281030944,28.5,28.75,27.55,28.2,+0.40,3232,90.909999999999997,90.13
2008/04/17,6375856,174932909,27.6,28.2,26.6,26.8,-1.40,2010,66.670000000000002,82.31
2008/04/18,6235317,171675282,26.9,28.2,26.8,27.5,+0.70,2205,78.629999999999995,81.08
2008/04/21,5947543,155727998,27.7,27.9,25.6,25.6,-1.90,1963,46.149999999999999,69.43
2008/04/22,7185328,187861018,25.4,27.0,24.7,26.0,+0.40,2479,52.990000000000002,63.95
2008/04/23,4566961,117848242,25.9,26.55,25.05,25.8,-0.20,1560,35.159999999999997,54.35
2008/04/24,3357845,86570472,26.0,26.2,25.3,25.5,-0.30,1184,19.75,42.81
2008/04/25,5276563,130355568,25.5,25.9,23.85,23.95,-1.55,1620,2.04,29.22
2008/04/28,4789322,113726476,23.9,24.35,23.0,23.95,0.00,1443,16.52,24.99
2008/04/29,5631963,127771116,23.95,24.0,22.3,22.3,-1.65,1543,0.0,16.66
2008/04/30,5659706,128863397,22.1,23.15,22.1,23.1,+0.80,1383,16.390000000000001,16.57
2008/05/02,2516892,58783739,23.3,23.6,23.05,23.35,+0.25,913,21.550000000000001,18.23
2008/05/05,1988154,45680654,23.4,23.5,22.5,22.6,-0.75,615,10.199999999999999,15.55
2008/05/06,2286325,50836500,22.6,22.85,21.6,22.2,-0.40,665,12.119999999999999,14.41
2008/05/07,3938859,91616916,22.5,23.7,22.4,23.4,+1.20,1192,39.130000000000003,22.65
2008/05/08,3216201,75657939,23.4,23.95,23.05,23.5,+0.10,1088,44.189999999999998,29.83
2008/05/09,2198519,51669107,23.5,23.8,23.2,23.2,-0.30,634,58.18,39.28
2008/05/12,4870124,117061931,23.3,24.4,23.3,23.8,+0.60,1454,78.569999999999993,52.38
2008/05/13,1673748,39654450,23.9,23.95,23.35,23.95,+0.15,611,83.930000000000007,62.90
2008/05/14,1389349,32547661,23.95,23.95,23.25,23.35,-0.60,478,62.5,62.76
2008/05/15,3749977,92458410,23.8,24.95,23.8,24.95,+1.60,1197,100.0,75.17
2008/05/16,8673735,231084964,26.65,26.65,26.4,26.65,+1.70,1501,100.0,83.44
2008/05/19,12820535,349512476,27.0,28.2,26.1,28.1,+1.45,3567,98.280000000000001,88.39
2008/05/20,7558519,206910516,28.1,28.2,26.25,26.25,-1.85,2429,62.140000000000001,79.64
2008/05/21,7033788,187388472,26.05,27.6,25.5,27.6,+1.35,2299,88.0,82.42
2008/05/22,15137144,429762239,27.7,29.0,27.2,28.0,+0.40,4403,82.609999999999999,82.49
2008/05/23,19580657,573655855,28.7,29.95,28.3,28.35,+0.35,5070,76.120000000000005,80.36
2008/05/26,31834036,924633698,29.0,30.3,26.4,26.4,-1.95,7007,44.68,68.46
2008/05/27,16770604,446644448,26.5,27.7,25.7,26.9,+0.50,4963,47.689999999999998,61.54
2008/05/28,10355269,282473208,27.2,27.8,26.6,27.0,+0.10,3166,31.25,51.45
2008/05/29,11055145,303765476,27.7,28.5,26.0,26.9,-0.10,3138,29.170000000000002,44.02
2008/05/30,6214186,158284209,27.2,27.2,25.05,25.05,-1.85,1754,0.0,29.35
2008/06/02,6538883,155180601,23.3,24.95,23.3,24.85,-0.20,1888,22.140000000000001,26.95
2008/06/03,4199425,101602691,24.2,24.65,23.6,23.6,-1.25,1226,4.29,19.40
2008/06/04,4897248,119023723,23.75,24.6,23.65,24.2,+0.60,1591,12.859999999999999,17.22
2008/06/05,3837772,92794984,24.3,24.45,23.7,24.4,+0.20,1145,15.710000000000001,16.72
2008/06/06,11589608,294375679,24.5,26.0,24.1,25.25,+0.85,3342,37.5,23.65
2008/06/09,10899626,280505267,24.4,26.55,24.4,26.3,+1.05,3526,57.689999999999998,35.00
2008/06/10,8767061,222775643,26.45,26.5,24.5,24.55,-1.75,2633,24.039999999999999,31.34
2008/06/11,7180004,166948886,24.1,24.35,22.85,22.85,-1.70,2189,0.0,20.89
2008/06/12,5705235,122257603,21.6,21.8,21.3,21.3,-1.55,1273,0.0,13.93
2008/06/13,5156118,108500051,21.0,21.7,19.95,21.1,-0.20,1690,17.420000000000002,15.10
2008/06/16,3394457,75711948,21.7,22.55,21.4,22.55,+1.45,1029,39.390000000000001,23.20
2008/06/17,13195905,307796406,23.4,24.1,22.55,24.1,+1.55,4190,62.880000000000003,36.43
2008/06/18,10906705,266416359,23.9,25.0,23.65,23.65,-0.45,3535,56.060000000000002,42.98
2008/06/19,4847765,117382044,23.5,24.8,23.1,24.2,+0.55,1638,64.390000000000001,50.11
2008/06/20,4221587,101146256,24.4,24.4,23.7,23.9,-0.30,1333,60.310000000000002,53.51
2008/06/23,2126167,49733404,23.8,23.9,23.0,23.5,-0.40,707,70.299999999999997,59.10
2008/06/24,2608576,61680162,23.5,24.2,23.1,23.1,-0.40,869,62.380000000000003,60.19
2008/06/25,5486659,126031885,23.3,24.0,21.6,23.1,0.00,1654,62.380000000000003,60.92
2008/06/26,7052650,157425382,22.15,22.8,21.85,22.0,X0.00,2215,16.670000000000002,46.17
2008/06/27,5091642,104623557,20.5,21.0,20.5,20.6,-1.40,1353,2.2200000000000002,31.52
2008/06/30,4155110,83042263,20.95,20.95,19.2,19.25,-1.35,1327,0.85999999999999999,21.30
2008/07/01,4612338,83723014,19.05,19.05,17.95,17.95,-1.30,1233,0.0,14.20
2008/07/02,4603643,85309175,17.95,18.95,17.85,18.55,+0.60,1671,10.69,13.03
2008/07/03,6487359,125809558,18.2,19.8,17.95,19.8,+1.25,1640,30.710000000000001,18.93
2008/07/04,11783220,246024315,21.15,21.15,20.0,20.0,+0.20,2848,33.859999999999999,23.91
2008/07/07,8367160,174874823,20.1,21.4,19.9,21.4,+1.40,2693,57.719999999999999,35.18
2008/07/08,13420723,293507416,21.35,22.5,21.1,21.8,+0.40,4418,79.799999999999997,50.05
2008/07/09,8422583,186633901,23.0,23.0,21.2,21.45,-0.35,2836,69.900000000000006,56.67
2008/07/10,9221932,197619299,20.8,22.1,20.75,21.45,0.00,2787,69.900000000000006,61.08
2008/07/11,8654948,190965822,21.4,22.8,21.0,22.6,+1.15,2960,92.230000000000004,71.46
2008/07/14,6729136,153791824,22.8,23.45,22.25,22.25,-0.35,2383,78.569999999999993,73.83
2008/07/15,5583004,118743383,21.8,22.25,20.7,20.7,-1.55,1728,50.0,65.89
2008/07/16,5036102,99256718,20.7,20.95,19.3,19.3,-1.40,1536,0.0,43.93
2008/07/17,6256901,123371655,20.05,20.3,18.9,19.6,+0.30,2364,15.380000000000001,34.42
2008/07/18,11806812,240751517,20.0,20.95,19.45,19.85,+0.25,3531,20.879999999999999,29.91
2008/07/21,8507068,172119565,20.45,20.75,19.7,20.25,+0.40,2426,29.670000000000002,29.83
2008/07/22,3776339,76882596,20.25,20.7,20.05,20.35,+0.10,1515,31.870000000000001,30.51
2008/07/23,5038463,108064519,20.8,21.75,20.7,21.75,+1.40,1345,62.640000000000001,41.22
2008/07/24,13587758,303916925,21.8,22.8,21.8,22.25,+0.50,3652,73.629999999999995,52.02
2008/07/25,6302500,137280398,21.65,22.25,20.8,22.25,0.00,1938,85.900000000000006,63.31
2008/07/29,3854699,81187467,21.5,21.75,20.7,20.75,-1.50,1331,47.439999999999998,58.02
2008/07/30,5580000,114721100,21.3,21.4,19.8,19.9,-0.85,1775,25.640000000000001,47.23
2008/07/31,5986991,118226124,20.2,20.45,18.8,19.1,-0.80,1973,7.5,33.99
2008/08/01,4285855,77144216,18.0,18.5,17.8,17.95,-1.15,1420,3.0,23.66
2008/08/04,3104255,55835114,17.8,18.5,17.5,17.75,-0.20,1337,4.7199999999999998,17.34
2008/08/05,3766331,65386227,17.8,18.1,16.6,17.1,-0.65,1365,8.0600000000000005,14.25
2008/08/06,4691000,83478000,17.5,18.2,17.4,18.2,+1.10,1603,25.809999999999999,18.10
2008/08/07,3063342,55728197,18.1,18.5,17.8,17.85,-0.35,1036,22.120000000000001,19.44
2008/08/08,4089195,74354568,17.8,18.5,17.55,18.15,+0.30,1297,30.100000000000001,22.99
2008/08/11,8813072,163360194,18.15,19.25,17.9,18.7,+0.55,2505,43.75,29.91
2008/08/12,4050271,72985969,18.95,18.95,17.4,17.5,-1.20,1293,23.379999999999999,27.73
2008/08/13,2503758,43934425,17.2,17.85,17.0,17.55,+0.05,927,35.850000000000001,30.44
2008/08/14,3665242,66442152,17.6,18.35,17.6,18.05,+0.50,1196,54.719999999999999,38.53
2008/08/15,2163000,38312100,18.25,18.25,17.4,17.65,-0.40,704,39.619999999999997,38.90
2008/08/18,2295494,38620600,17.5,17.6,16.5,16.5,-1.15,692,0.0,25.93
2008/08/19,2048478,33691914,15.8,16.8,15.8,16.2,-0.30,751,11.59,21.15
2008/08/20,1603504,26188089,16.25,16.6,16.1,16.35,+0.15,569,15.94,19.41
2008/08/21,1469125,23970500,16.5,16.6,16.05,16.1,-0.25,489,8.6999999999999993,15.84
2008/08/22,3769938,62727450,16.4,17.1,16.1,16.9,+0.80,1149,34.920000000000002,22.20
2008/08/25,2920541,49902337,17.3,17.35,16.65,16.9,0.00,949,43.140000000000001,29.18
2008/08/26,967089,16315805,16.8,17.2,16.7,16.8,-0.10,358,39.219999999999999,32.52
2008/08/27,4570230,80339044,16.65,17.8,16.65,17.8,+1.00,1249,81.629999999999995,48.89
2008/08/28,4635387,83887258,17.9,18.45,17.6,17.75,-0.05,1288,73.579999999999998,57.12
2008/08/29,2229365,38756841,17.75,17.9,17.15,17.2,-0.55,640,52.829999999999998,55.69
2008/09/01,1554410,26409175,17.2,17.4,16.55,16.75,-0.45,484,29.170000000000002,46.85
2008/09/02,2077000,33577300,16.8,16.95,15.7,15.9,-0.85,623,7.2699999999999996,33.65
2008/09/03,2826041,42661006,15.75,15.85,14.8,14.8,-1.10,546,0.0,22.43
2008/09/04,2899530,40495764,14.05,14.3,13.8,13.8,-1.00,626,0.0,14.95
2008/09/05,4195912,54116558,12.85,13.25,12.85,12.85,-0.95,779,0.0,9.97
2008/09/08,2813536,38510942,13.7,13.7,13.3,13.7,+0.85,444,15.18,11.71
2008/09/09,3438259,47456270,14.0,14.2,13.4,13.7,0.00,1064,15.18,12.87
2008/09/10,2494795,36032996,13.7,14.65,13.7,14.65,+0.95,636,35.640000000000001,20.46
2008/09/11,12998488,197366420,15.1,15.65,14.55,14.9,+0.25,3384,45.049999999999997,28.66
2008/09/12,5977130,87638753,15.3,15.4,13.9,14.75,-0.15,1585,46.340000000000003,34.56
2008/09/15,2477050,34460892,14.05,14.2,13.75,13.75,-1.00,598,30.0,33.04
2008/09/16,604716,7740360,12.8,12.8,12.8,12.8,-0.95,163,0.0,22.03
2008/09/17,5016305,62635639,13.55,13.6,11.95,11.95,-0.85,1156,0.0,14.69
2008/09/18,1150879,12832299,11.15,11.15,11.15,11.15,-0.80,196,0.0,9.79
2008/09/19,4715222,55158666,11.8,11.9,11.2,11.9,+0.75,1077,16.670000000000002,12.09
2008/09/22,3620597,44848980,12.1,12.7,11.9,12.7,+0.80,864,34.439999999999998,19.54
2008/09/23,4847568,62926695,12.3,13.55,12.3,13.55,+0.85,1294,53.329999999999998,30.81
2008/09/24,6167435,83455243,13.55,14.25,13.45,13.45,-0.10,1550,54.119999999999997,38.58
2008/09/25,1864427,24537401,13.2,13.6,12.85,13.0,-0.45,576,59.68,45.61
2008/09/26,2580503,33417785,13.35,13.5,12.7,12.7,-0.30,766,50.0,47.08
2008/09/30,351624,4166738,11.85,11.85,11.85,11.85,-0.85,130,22.579999999999998,38.92
2008/10/01,2146301,25755921,12.1,12.3,11.7,11.9,+0.05,658,24.190000000000001,34.01
2008/10/02,2290625,28484846,11.95,12.7,11.85,12.4,+0.50,720,39.340000000000003,35.78
2008/10/03,1693320,20276300,11.95,12.3,11.6,12.3,-0.10,574,26.420000000000002,32.66
2008/10/06,1296200,15300179,12.25,12.25,11.45,11.45,-0.85,435,0.0,21.77
2008/10/07,1629176,18362102,10.7,11.7,10.7,11.7,+0.25,487,28.170000000000002,23.90
2008/10/08,2367315,26306772,11.2,11.5,10.9,10.9,-0.80,492,6.9000000000000004,18.23
2008/10/09,1759183,18875663,10.8,11.2,10.2,10.2,-0.70,610,0.0,12.15
2008/10/13,1291709,12723794,9.85,9.9,9.85,9.85,-0.35,311,0.0,8.10
2008/10/14,1029531,10801924,10.5,10.5,10.35,10.5,+0.65,215,22.809999999999999,13.00
2008/10/15,1420087,15287607,10.75,11.05,10.35,10.95,+0.45,490,38.600000000000001,21.54
2008/10/16,1735383,18884432,10.6,11.35,10.6,10.8,-0.15,615,38.780000000000001,27.29
2008/10/17,1393100,15188334,11.3,11.3,10.65,10.8,0.00,470,39.579999999999998,31.38
2008/10/20,924011,9707471,10.55,10.65,10.45,10.65,-0.15,250,43.240000000000002,35.33
2008/10/21,1703285,19140831,10.85,11.35,10.85,11.15,+0.50,462,78.790000000000006,49.81
2008/10/22,1280110,13994681,10.95,11.2,10.8,10.8,-0.35,306,63.329999999999998,54.32
2008/10/23,80000,836000,10.45,10.45,10.45,10.45,-0.35,23,40.0,49.54
2008/10/24,708449,7155403,10.1,10.1,10.1,10.1,-0.35,146,0.0,33.03
2008/10/27,871549,8199000,9.4,9.55,9.4,9.4,-0.70,198,0.0,22.02
2008/10/28,1792000,16232160,8.75,9.95,8.75,9.9,+0.50,479,44.229999999999997,29.42
2008/10/29,3721577,38882058,10.5,10.55,10.0,10.0,+0.10,722,48.079999999999998,35.64
2008/10/30,4233176,44591063,10.25,10.7,10.0,10.7,+0.70,932,75.0,48.76
2008/10/31,6626249,72423313,10.6,11.2,10.35,11.0,+0.30,1600,86.540000000000006,61.36
2008/11/03,4380660,48005257,10.9,11.25,10.7,11.15,+0.15,1138,96.0,72.91
2008/11/04,2657802,28485649,11.1,11.15,10.5,10.55,-0.60,708,72.0,72.61
2008/11/05,3139002,34962972,10.75,11.25,10.6,11.25,+0.70,748,100.0,81.74
2008/11/06,12167455,143595809,10.95,12.0,10.8,12.0,+0.75,2270,100.0,87.82
2008/11/07,7361250,87656811,11.4,12.4,11.4,12.15,+0.15,1812,93.150000000000006,89.60
2008/11/10,5602442,67648007,12.0,12.55,11.5,11.9,-0.25,1632,74.510000000000005,84.57
2008/11/11,3599158,40539919,11.6,11.8,11.1,11.1,-0.80,1071,43.140000000000001,70.76
2008/11/12,2178003,24007333,10.85,11.4,10.6,11.0,-0.10,705,29.550000000000001,57.02
2008/11/13,2015165,20710891,10.3,10.6,10.25,10.25,-0.75,564,0.0,38.01
2008/11/14,3996786,42984165,10.6,10.95,10.5,10.95,+0.70,941,30.43,35.48
2008/11/17,3697740,42974155,11.5,11.7,11.3,11.7,+0.75,677,63.039999999999999,44.66
2008/11/18,10465000,127423647,12.1,12.5,11.5,12.0,+0.30,2560,76.090000000000003,55.13
2008/11/19,4127370,46598942,11.5,11.9,11.2,11.2,-0.80,1256,41.299999999999997,50.52
2008/11/20,5789074,67500450,10.9,11.9,10.9,11.6,+0.40,1683,58.700000000000003,53.25
2008/11/21,4356885,49192503,11.3,11.85,10.85,11.75,+0.15,1309,66.670000000000002,57.72
2008/11/24,7227404,86150557,11.4,12.5,11.15,12.0,+0.25,1940,77.780000000000001,64.41
2008/11/25,9475000,118382250,12.35,12.8,12.0,12.5,+0.50,2447,88.239999999999995,72.35
2008/11/26,6064475,76794137,12.5,13.1,12.3,12.5,0.00,1651,76.920000000000002,73.87
2008/11/27,7485565,97386385,12.9,13.35,12.6,13.0,+0.50,1886,86.0,77.92
2008/11/28,4219318,53534638,13.0,13.1,12.3,12.4,-0.60,1267,62.0,72.62
2008/12/01,4243923,53793044,12.45,12.95,12.4,12.55,+0.15,1148,68.0,71.08
2008/12/02,2833198,34075176,11.8,12.4,11.8,11.95,-0.60,846,44.0,62.06
2008/12/03,3922648,48295926,12.1,12.5,12.05,12.1,+0.15,1201,50.0,58.04
2008/12/04,5403025,65850868,12.4,12.45,11.8,12.3,+0.20,1318,52.270000000000003,56.11
2008/12/05,1912006,23212774,12.1,12.3,12.0,12.2,-0.10,525,25.809999999999999,46.01
2008/12/08,5284605,66101889,12.35,12.8,12.1,12.55,+0.35,1385,48.390000000000001,46.80
2008/12/09,6578519,84949591,12.7,13.15,12.6,12.8,+0.25,1669,64.519999999999996,52.71
2008/12/10,6574000,86717950,12.95,13.5,12.9,13.2,+0.40,1596,82.349999999999994,62.59
2008/12/11,6840931,90334777,13.3,13.5,12.8,12.85,-0.35,1903,61.759999999999998,62.32
2008/12/12,9287709,122485533,12.85,13.6,12.4,12.6,-0.25,2174,44.439999999999998,56.36
2008/12/15,3667300,47417366,12.9,13.1,12.75,12.9,+0.30,929,61.109999999999999,57.94
2008/12/16,2071975,26438231,12.8,12.95,12.6,12.65,-0.25,613,47.219999999999999,54.37
2008/12/17,4791794,62424341,12.95,13.3,12.65,12.75,+0.10,1295,46.880000000000003,51.88
2008/12/18,3337068,43490990,12.9,13.2,12.8,13.05,+0.30,996,63.329999999999998,55.70
2008/12/19,3165001,40956263,12.95,13.2,12.8,12.85,-0.20,794,37.5,49.63
2008/12/22,2723375,34389350,13.05,13.1,12.0,12.0,-0.85,835,0.0,33.09
2008/12/23,3288709,37270939,12.0,12.3,11.2,11.2,-0.80,944,0.0,22.06
2008/12/24,2119542,23945774,10.85,11.45,10.8,11.4,+0.20,634,21.43,21.85
2008/12/25,1963100,22495340,11.4,11.65,11.3,11.3,-0.10,529,20.0,21.24
2008/12/26,846925,9569017,11.2,11.45,11.1,11.2,-0.10,301,16.0,19.49
2008/12/29,1449055,16359120,11.2,11.45,11.15,11.25,+0.05,412,18.0,18.99
2008/12/30,4093335,47998020,11.35,12.0,11.35,12.0,+0.75,889,50.0,29.33
2008/12/31,3090619,37153492,12.15,12.2,11.85,11.95,-0.05,811,47.920000000000002,35.52
2009/01/05,2113569,25877054,12.25,12.5,12.1,12.1,+0.15,575,56.520000000000003,42.52
2009/01/06,2036365,24895016,12.2,12.4,11.9,12.15,+0.05,561,79.409999999999997,54.82
2009/01/07,3639107,45829385,12.3,12.9,12.3,12.5,+0.35,983,80.950000000000003,63.53
2009/01/08,2213101,26500245,12.4,12.5,11.65,11.65,-0.85,630,30.559999999999999,52.54
2009/01/09,1061053,12428567,11.65,11.9,11.55,11.7,+0.05,360,33.329999999999998,46.14
2009/01/10,1735065,20528630,11.55,12.0,11.55,11.85,+0.15,510,40.0,44.09
2009/01/12,1473157,17487125,12.0,12.15,11.65,11.75,-0.10,422,25.809999999999999,37.99
2009/01/13,908015,10690077,11.75,11.95,11.7,11.75,0.00,291,14.81,30.27
2009/01/14,3872185,47438625,11.95,12.45,11.9,12.1,+0.35,1014,40.740000000000002,33.76
2009/01/15,1324132,15571613,11.75,12.0,11.65,11.65,-0.45,381,7.4100000000000001,24.98
2009/01/16,1007034,11749395,11.9,11.9,11.45,11.65,0.00,312,13.789999999999999,21.25
2009/01/17,1104000,12735500,11.65,11.8,11.4,11.45,-0.20,302,4.5499999999999998,15.69
2009/01/19,652497,7456766,11.45,11.6,11.3,11.3,-0.15,243,0.0,10.46
2009/01/20,1386395,15093913,11.3,11.35,10.6,10.8,-0.50,365,10.81,10.57
2009/01/21,1103431,11828427,10.5,10.95,10.5,10.95,+0.15,297,23.079999999999998,14.74
2009/02/02,759003,8412933,11.05,11.25,10.95,10.95,0.00,237,23.079999999999998,17.52
2009/02/03,2214000,25252450,10.9,11.65,10.9,11.45,+0.50,612,48.719999999999999,27.92
2009/02/04,1196312,13622043,11.6,11.65,11.2,11.3,-0.15,314,53.329999999999998,36.39
2009/02/05,1495274,17043922,11.3,11.55,11.25,11.3,0.00,348,57.140000000000001,43.31
2009/02/06,1078011,12351223,11.4,11.55,11.3,11.45,+0.15,328,73.079999999999998,53.23
2009/02/09,822409,9434140,11.6,11.6,11.3,11.35,-0.10,249,73.909999999999997,60.13
2009/02/10,504585,5699329,11.45,11.45,11.2,11.25,-0.10,190,65.219999999999999,61.83
2009/02/11,840109,9351029,11.1,11.4,11.0,11.4,+0.15,271,78.260000000000005,67.31
2009/02/12,953260,10643110,11.4,11.5,11.0,11.05,-0.35,285,20.0,51.54
2009/02/13,1382449,15533127,11.2,11.35,11.15,11.25,+0.20,330,46.670000000000002,49.92
2009/02/16,2092717,24122315,11.25,11.7,11.25,11.5,+0.25,635,71.430000000000007,57.09
2009/02/17,1293036,14515253,11.4,11.5,11.0,11.15,-0.35,349,21.43,45.20
2009/02/18,1310003,14310480,11.1,11.15,10.75,10.95,-0.20,356,21.050000000000001,37.15
2009/02/19,1750001,19313411,10.8,11.3,10.8,11.1,+0.15,459,36.840000000000003,37.05
2009/02/20,790005,8746305,11.1,11.3,10.9,10.9,-0.20,272,15.789999999999999,29.96
2009/02/23,597276,6455126,10.9,10.95,10.65,10.8,-0.10,205,14.289999999999999,24.73
2009/02/24,542053,5847370,10.65,10.9,10.65,10.75,-0.05,178,9.5199999999999996,19.66
2009/02/25,960098,10462557,10.85,11.05,10.8,10.8,+0.05,287,14.289999999999999,17.87
2009/02/26,502399,5440418,10.8,11.05,10.75,10.75,-0.05,170,9.5199999999999996,15.08
2009/02/27,848176,9181246,10.8,10.95,10.75,10.8,+0.05,254,17.649999999999999,15.93
2009/03/02,1474010,15155403,10.65,10.75,10.1,10.1,-0.70,394,0.0,10.62
2009/03/03,1287075,12693487,9.8,10.0,9.78,9.9,-0.20,307,7.8899999999999997,9.71
2009/03/04,1738312,17456760,9.9,10.15,9.9,10.15,+0.25,459,24.34,14.58
2009/03/05,3432250,36153359,10.35,10.85,10.15,10.85,+0.70,891,84.25,37.80
2009/03/06,4398121,48242466,10.7,11.2,10.65,10.95,+0.10,1137,82.390000000000001,52.66
2009/03/09,6455548,75325610,11.35,11.7,11.3,11.7,+0.75,1398,100.0,68.44
2009/03/10,3735374,43105550,11.7,11.75,11.35,11.6,-0.10,814,92.390000000000001,76.43
2009/03/11,3439165,40259178,11.8,12.0,11.55,11.8,+0.20,774,90.989999999999995,81.28
2009/03/12,3770443,44804509,11.8,12.1,11.6,11.6,-0.20,951,78.450000000000003,80.34
2009/03/13,3226702,38333273,11.8,12.05,11.7,11.9,+0.30,877,91.379999999999995,84.02
2009/03/16,4113193,50072542,12.0,12.35,11.9,12.15,+0.25,1063,91.840000000000003,86.62
2009/03/17,2636096,32006422,12.15,12.35,12.0,12.05,-0.10,695,86.359999999999999,86.54
2009/03/18,2218801,26761312,12.15,12.2,11.95,12.15,+0.10,570,88.239999999999995,87.10
2009/03/19,6675409,85982667,12.4,13.0,12.4,13.0,+0.85,1027,100.0,91.40
2009/03/20,13684883,182665530,13.7,13.7,12.8,13.0,0.00,2830,70.209999999999994,84.33
2009/03/23,6747119,89451552,13.3,13.6,12.8,13.5,+0.50,1590,90.700000000000003,86.45
2009/03/24,8385624,115002038,13.7,14.05,13.45,13.45,-0.05,2117,75.510000000000005,82.80
2009/03/25,7452630,101619540,13.45,14.0,13.2,13.75,+0.30,1700,87.230000000000004,84.28
2009/03/26,10646367,152214660,14.05,14.55,13.95,14.3,+0.55,2270,90.569999999999993,86.38
2009/03/27,7595714,111769308,14.55,15.0,14.45,14.75,+0.45,1564,91.799999999999997,88.19
2009/03/30,3119998,43967918,14.5,14.65,13.75,14.0,-0.75,847,67.209999999999994,81.19
2009/03/31,4641783,65364593,13.75,14.45,13.7,13.85,-0.15,1032,55.770000000000003,72.72
2009/04/01,5833714,84294143,14.1,14.75,14.05,14.65,+0.80,1414,84.090000000000003,76.51
2009/04/02,9535679,147174686,15.2,15.65,14.8,15.35,+0.70,1900,89.469999999999999,80.83
2009/04/03,9844252,152487152,15.5,15.9,14.85,15.35,0.00,2280,79.629999999999995,80.43
2009/04/06,4684524,70917860,15.5,15.6,14.9,15.1,-0.25,1215,70.370000000000005,77.08
2009/04/07,4624098,73286529,15.1,16.15,15.1,16.15,+1.05,1089,100.0,84.72
2009/04/08,9272240,149050041,16.5,16.75,15.2,15.8,-0.35,2143,68.849999999999994,79.43
2009/04/09,5014733,79793470,15.6,16.4,15.5,16.2,+0.40,1385,81.969999999999999,80.27
2009/04/10,9695103,164217229,16.9,17.3,16.45,17.3,+1.10,2319,100.0,86.84
2009/04/13,8050678,137121993,17.2,17.5,16.7,16.85,-0.45,2189,81.159999999999997,84.94
2009/04/14,3119284,51776424,16.7,16.95,16.4,16.55,-0.30,1021,64.810000000000002,78.23
2009/04/15,2509179,41456615,16.35,16.85,16.2,16.45,-0.10,885,60.380000000000003,72.28
2009/04/16,12437378,216712429,17.05,17.6,17.0,17.0,+0.55,2397,77.780000000000001,74.12
2009/04/17,5736190,94880607,17.0,17.25,15.85,15.85,-1.15,1575,30.0,59.41
2009/04/20,3693543,55726751,15.6,15.85,14.75,15.15,-0.70,933,14.039999999999999,44.29
2009/04/21,3891156,60530763,14.75,16.15,14.75,15.9,+0.75,1067,40.350000000000001,42.98
2009/04/22,2837171,45145336,15.9,16.25,15.75,15.8,-0.10,894,36.840000000000003,40.93
2009/04/23,2178416,33667047,15.8,15.9,15.25,15.45,-0.35,625,24.559999999999999,35.48
2009/04/24,4238094,67108287,15.45,16.1,15.45,15.95,+0.50,1081,42.109999999999999,37.69
2009/04/27,3666328,56703352,16.15,16.4,14.85,15.05,-0.90,912,10.529999999999999,28.64
2009/04/28,4063000,58748550,15.05,15.35,14.05,14.6,-0.45,899,15.49,24.25
2009/04/29,4642528,67830504,14.6,15.0,14.0,14.7,+0.10,1121,21.539999999999999,23.35
2009/04/30,3197761,50171795,15.7,15.7,15.5,15.7,+1.00,551,70.829999999999998,39.18
2009/05/04,3121643,52189917,16.7,16.75,16.6,16.75,+1.05,557,100.0,59.45
2009/05/05,12708625,221480244,17.8,17.9,16.5,17.3,+0.55,2851,84.620000000000005,67.84
2009/05/06,8661918,153454712,16.75,18.2,16.75,17.6,+0.30,1937,85.709999999999994,73.80
2009/05/07,12135639,224163745,18.0,18.8,18.0,18.8,+1.20,2716,100.0,82.53
2009/05/08,5324263,95282199,18.15,18.5,17.5,17.8,-1.00,1427,79.170000000000002,81.41
2009/05/11,9132283,172448327,18.5,19.0,18.1,19.0,+1.20,1575,100.0,87.60
2009/05/12,11385275,216019367,19.1,19.55,18.2,18.9,-0.10,2797,88.290000000000006,87.83
2009/05/13,6415637,120024920,19.3,19.35,18.25,18.35,-0.55,1491,70.370000000000005,82.01
2009/05/14,4933320,91584023,17.75,19.15,17.75,18.35,0.00,1408,60.659999999999997,74.89
2009/05/15,5929959,115279889,19.0,19.6,18.7,19.6,+1.25,1225,100.0,83.26
2009/05/18,11995030,244366862,20.2,20.7,19.95,20.7,+1.10,2547,100.0,88.84
2009/05/19,13474397,293292340,21.5,22.1,20.9,21.3,+0.60,2758,82.609999999999999,86.77
2009/05/20,9006218,193504774,21.8,22.0,20.85,21.4,+0.10,2337,84.780000000000001,86.11
2009/05/21,8299264,180556947,21.5,22.3,20.9,21.85,+0.45,2275,90.109999999999999,87.45
2009/05/22,4435508,103569101,23.35,23.35,23.35,23.35,+1.50,1271,100.0,91.63
2009/05/25,1005915,25097575,24.95,24.95,24.95,24.95,+1.60,282,100.0,94.42
2009/05/26,39560894,1051761347,26.65,26.65,26.1,26.65,+1.70,6385,100.0,96.28
2009/05/27,27130728,736205927,27.75,28.0,26.0,27.4,+0.75,6900,93.549999999999997,95.37
2009/06/01,9568560,254285616,26.8,27.3,26.05,26.1,-1.30,2900,76.400000000000006,89.05
2009/06/02,8713067,229227890,26.35,27.2,25.5,25.5,-0.60,2804,65.030000000000001,81.05
2009/06/03,6966306,166684561,24.05,24.65,23.75,23.75,-1.75,2001,40.560000000000002,67.55
2009/06/04,7984461,195092604,23.55,25.4,23.55,25.4,+1.65,2411,63.380000000000003,66.16
2009/06/05,5832934,145995295,25.4,25.6,24.4,24.4,-1.00,1687,22.579999999999998,51.64
2009/06/06,7117990,180956090,24.2,26.0,24.2,25.95,+1.55,2433,53.93,52.41
2009/06/08,6283491,156111153,25.8,25.8,24.15,24.15,-1.80,1887,13.48,39.43
2009/06/09,4858382,113654641,24.15,24.45,22.5,22.5,-1.65,1711,0.0,26.29
2009/06/10,5038384,111192171,23.15,23.15,21.1,21.35,-1.15,1463,4.0300000000000002,18.87
2009/06/11,6061766,135948362,21.4,22.8,21.0,22.8,+1.45,1608,29.030000000000001,22.26
2009/06/12,7826933,185107113,23.25,24.25,23.0,23.0,+0.20,2214,40.0,28.17
2009/06/15,3384803,74556982,22.5,23.25,21.4,21.4,-1.60,1177,8.0,21.45
2009/06/16,5040769,111106866,21.4,22.85,21.1,22.85,+1.45,1710,37.0,26.63
2009/06/17,4794044,111021212,22.9,23.7,22.5,23.15,+0.30,1780,43.0,32.08
2009/06/18,3810671,89121479,23.5,23.85,22.7,23.15,0.00,1578,44.789999999999999,36.32
2009/06/19,2916903,67909586,23.5,23.7,22.7,23.3,+0.15,1407,66.670000000000002,46.43
2009/06/22,4436719,106184166,23.45,24.8,23.05,23.75,+0.45,1711,72.370000000000005,55.07
2009/06/23,3924823,93200292,23.1,24.3,23.1,23.6,-0.15,1441,68.420000000000002,59.52
2009/06/24,5867891,142038139,23.8,24.8,23.6,24.05,+0.45,2018,79.730000000000004,66.26
2009/06/25,2983899,71833924,24.2,24.55,23.55,23.75,-0.30,1119,71.620000000000005,68.04
2009/06/26,3115255,75270102,24.15,24.7,23.8,23.9,+0.15,1035,75.680000000000007,70.59
2009/06/29,2008362,47176376,23.8,24.1,23.05,23.05,-0.85,688,23.91,55.03
2009/06/30,1885218,43441480,23.35,23.6,22.6,22.8,-0.25,671,9.0899999999999999,39.72
2009/07/01,7830298,188343595,22.8,24.35,22.8,24.35,+1.55,1801,79.549999999999997,53.00
2009/07/02,8950383,214176015,23.5,24.4,23.3,23.7,X0.00,2977,50.0,52.00
2009/07/03,2710809,63213679,22.85,23.7,22.85,23.2,-0.50,1016,27.27,43.76
2009/07/06,3771892,90114288,23.7,24.25,23.3,23.8,+0.60,1271,54.549999999999997,47.35
2009/07/07,2996689,71161718,23.9,24.0,23.55,23.6,-0.20,967,47.619999999999997,47.44
2009/07/08,1659849,38771703,23.45,23.6,23.05,23.3,-0.30,603,33.329999999999998,42.74
2009/07/09,18683737,462857666,23.4,24.9,23.4,24.4,+1.10,3158,78.260000000000005,54.58
2009/07/10,10630601,262478379,24.3,25.05,24.1,24.25,-0.15,2335,67.349999999999994,58.84
2009/07/13,7066497,161073978,24.25,24.3,22.6,22.6,-1.65,1950,0.0,39.23
2009/07/14,3506442,78444232,22.5,22.6,21.8,22.55,-0.05,1256,23.079999999999998,33.84
2009/07/15,5814259,140123638,24.1,24.1,24.1,24.1,+1.55,960,70.769999999999996,46.15
2009/07/16,9927307,239739677,24.4,24.65,23.6,23.7,-0.40,2466,58.460000000000001,50.26
2009/07/17,3617301,86455161,23.9,24.2,23.6,23.8,+0.10,1326,61.539999999999999,54.02
2009/07/20,5207230,124551560,24.0,24.4,23.15,23.9,+0.10,1671,64.620000000000005,57.55
2009/07/21,3455943,83059234,24.4,24.4,23.7,23.8,-0.10,1173,61.539999999999999,58.88
2009/07/22,2464926,58649502,23.75,24.0,23.5,23.7,-0.10,793,58.460000000000001,58.74
2009/07/23,3212454,76856695,23.8,24.25,23.6,23.6,-0.10,1005,63.159999999999997,60.21
2009/07/24,1810996,42788704,23.8,24.05,23.35,23.35,-0.25,629,54.390000000000001,58.27
2009/07/27,2510552,57745006,23.5,23.5,22.2,23.35,0.00,868,46.939999999999998,54.50
2009/07/28,2793478,65806875,23.35,23.8,23.35,23.4,+0.05,892,48.979999999999997,52.66
2009/07/29,3054024,72364655,23.55,24.2,23.1,23.4,0.00,980,54.549999999999997,53.29
2009/07/30,2161632,50887485,23.4,23.8,23.3,23.35,-0.05,771,52.270000000000003,52.95
2009/07/31,2421049,57315533,23.5,24.0,23.3,23.35,0.00,903,52.270000000000003,52.72
2009/08/03,2163174,51044710,23.5,23.95,23.3,23.65,+0.30,737,70.730000000000004,58.73
2009/08/04,1947746,45434730,23.8,23.9,22.6,23.0,-0.65,714,39.020000000000003,52.16
2009/08/05,2195256,49332634,23.0,23.3,21.8,22.0,-1.00,777,8.3300000000000001,37.55
2009/08/06,2956958,62599107,22.05,22.3,20.55,21.05,-0.95,1007,13.699999999999999,29.60
2009/08/10,2871636,64126309,21.75,22.5,21.6,22.5,+1.45,754,53.420000000000002,37.54
2009/08/11,2854752,63646805,22.5,22.7,21.85,22.5,0.00,1120,53.420000000000002,42.84
2009/08/12,1563421,34550862,22.25,22.45,22.0,22.0,-0.50,587,42.030000000000001,42.57
2009/08/13,2730596,61760608,22.5,23.15,22.2,23.15,+1.15,1036,75.359999999999999,53.50
2009/08/14,10433889,251463647,23.95,24.5,23.7,23.85,+0.70,2957,83.540000000000006,63.52
2009/08/17,3658457,87534815,23.8,24.3,23.45,23.6,-0.25,1185,77.219999999999999,68.09
2009/08/18,2924477,66426708,22.8,23.4,22.1,22.35,-1.25,1046,45.57,60.58
2009/08/19,1175542,26436050,22.4,22.8,22.2,22.2,-0.15,520,41.770000000000003,54.31
2009/08/20,1998100,43301734,21.85,22.3,21.25,21.85,-0.35,741,18.460000000000001,42.36
2009/08/21,3332212,70575074,22.2,22.3,20.35,20.4,-1.45,1049,1.2,28.64
2009/08/24,2866063,61450759,21.0,21.8,20.4,21.8,+1.40,919,34.939999999999998,30.74
2009/08/25,2300451,49930212,21.55,22.15,21.15,21.8,0.00,808,34.939999999999998,32.14
2009/08/26,1802265,37895584,21.6,21.75,20.75,20.85,-0.95,698,12.050000000000001,25.45
2009/08/27,1719719,36583108,20.5,21.7,20.5,21.1,+0.25,735,18.989999999999998,23.30
2009/08/28,1798252,38545392,21.2,22.0,21.1,21.1,0.00,639,24.59,23.73
2009/08/31,1888075,41080519,21.75,22.2,21.15,21.6,+0.50,811,51.020000000000003,32.83
2009/09/01,1757300,38525155,21.5,22.2,21.45,21.85,+0.25,711,76.920000000000002,47.53
2009/09/02,10779730,247556383,21.8,23.35,21.6,23.35,+1.50,2533,100.0,65.02
2009/09/03,7768354,181671042,23.35,23.8,22.9,22.95,-0.40,2127,75.0,68.35
2009/09/04,2485653,56670009,23.2,23.35,22.45,22.45,-0.50,891,59.090000000000003,65.27
2009/09/07,3683460,83380030,22.5,23.05,21.9,22.95,+0.50,1353,74.239999999999995,68.26
2009/09/08,8337981,197322102,23.85,24.1,23.15,23.6,+0.65,2806,86.109999999999999,74.21
2009/09/09,2819522,65807706,23.9,23.9,23.0,23.15,-0.45,1133,68.329999999999998,72.25
2009/09/10,2956094,68279378,23.7,23.7,22.7,22.8,-0.35,1113,55.93,66.81
2009/09/11,1463305,33709625,22.8,23.2,22.8,23.2,+0.40,622,66.040000000000006,66.55
2009/09/14,2733421,63528333,23.5,23.5,22.85,23.0,-0.20,951,56.0,63.04
2009/09/15,1504867,34854091,23.5,23.5,23.0,23.15,+0.15,610,56.82,60.97
2009/09/16,3614190,85080375,23.15,24.0,23.15,23.3,+0.15,1289,63.640000000000001,61.86
2009/09/17,5588017,133178793,23.9,24.15,23.4,23.5,+0.20,1892,71.109999999999999,64.94
2009/09/18,1549731,36358028,23.5,23.7,23.2,23.5,0.00,619,55.170000000000002,61.68
2009/09/21,1707431,39833382,23.5,23.65,23.2,23.2,-0.30,634,34.479999999999997,52.61
2009/09/22,1617151,37267247,23.5,23.5,22.9,23.0,-0.20,532,20.690000000000001,41.97
2009/09/23,2429713,54600250,22.8,23.0,22.1,22.15,-0.85,925,2.4399999999999999,28.79
2009/09/24,1571524,34887805,22.15,22.4,22.1,22.15,0.00,628,2.4399999999999999,20.00
2009/09/25,1581408,35690588,22.15,22.85,22.05,22.55,+0.40,703,23.809999999999999,21.27
2009/09/28,668565,14857991,22.35,22.4,22.05,22.2,-0.35,266,7.1399999999999997,16.56
2009/09/29,1001574,22493018,22.3,22.6,22.3,22.4,+0.20,402,16.670000000000002,16.60
2009/09/30,2947721,67246480,22.4,23.3,22.4,22.6,+0.20,1083,33.329999999999998,22.18
2009/10/01,1509613,34395133,22.8,23.1,22.55,22.7,+0.10,655,40.619999999999997,28.33
2009/10/02,1159854,26265164,22.6,22.9,22.5,22.65,-0.05,389,41.380000000000003,32.68
2009/10/05,1412939,32474160,22.7,23.2,22.7,22.9,+0.25,629,68.0,44.46
2009/10/06,2483867,57307928,22.9,23.35,22.8,22.85,-0.05,919,61.539999999999999,50.15
2009/10/07,1817452,41697697,23.1,23.15,22.75,22.9,+0.05,660,65.379999999999995,55.22
2009/10/08,6452724,151311825,22.95,23.8,22.95,23.1,+0.20,1947,60.0,56.81
2009/10/09,2679419,62575539,23.45,23.5,23.15,23.3,+0.20,812,66.670000000000002,60.09
2009/10/12,10804928,261461947,23.6,24.5,23.55,24.2,+0.90,3195,85.709999999999994,68.63
2009/10/13,6664855,160847204,24.1,24.5,23.5,23.85,-0.35,2011,67.5,68.25
2009/10/14,4363999,103273123,24.0,24.15,23.4,23.8,-0.05,1415,65.0,67.17
2009/10/15,3062319,71936637,24.05,24.05,23.1,23.15,-0.65,1082,25.0,53.11
2009/10/16,2498047,58068932,23.15,23.7,23.1,23.2,+0.05,1013,25.710000000000001,43.98
2009/10/19,2010807,46567166,23.2,23.4,23.0,23.05,-0.15,674,17.140000000000001,35.03
2009/10/20,2061781,47594342,23.2,23.2,22.95,22.95,-0.10,649,0.0,23.35
2009/10/21,2745507,63642133,22.95,23.45,22.9,22.95,0.00,968,3.1299999999999999,16.61
2009/10/22,1749635,39680387,23.0,23.1,22.5,22.55,-0.40,717,2.5,11.90
2009/10/23,881119,20022341,22.8,22.85,22.6,22.65,+0.10,354,7.5,10.43
2009/10/26,1065683,24410798,22.95,23.15,22.7,22.7,+0.05,497,12.119999999999999,10.99
2009/10/27,886582,20205577,22.7,22.9,22.7,22.8,+0.10,319,19.350000000000001,13.78
2009/10/28,917412,20879335,22.8,23.0,22.5,22.5,-0.30,344,0.0,9.19
2009/10/29,2671504,56780282,21.9,21.9,20.95,21.4,-1.10,1010,18.0,12.13
2009/10/30,1579571,33454691,21.8,21.8,20.8,20.8,-0.60,759,0.0,8.09
2009/11/02,1786558,35794052,20.15,20.4,19.75,20.1,-0.70,601,9.4600000000000009,8.54
2009/11/03,1026065,20605863,20.1,20.3,19.95,20.1,0.00,399,10.289999999999999,9.12
2009/11/04,2382163,49506628,20.1,21.25,20.1,21.05,+0.95,926,38.240000000000002,18.83
2009/11/05,854662,17673126,21.05,21.05,20.5,20.5,-0.55,320,22.059999999999999,19.90
2009/11/06,592207,12220880,20.8,21.0,20.4,20.45,-0.05,268,21.539999999999999,20.45
2009/11/09,342452,7068536,20.9,20.9,20.5,20.7,+0.25,185,29.23,23.37
2009/11/10,889621,18576440,21.0,21.05,20.7,20.75,+0.05,341,46.509999999999998,31.08
2009/11/11,646195,13512572,20.8,21.1,20.8,20.8,+0.05,231,51.219999999999999,37.79
2009/11/12,471027,9769796,21.0,21.0,20.6,20.65,-0.15,222,60.0,45.19
2009/11/13,581018,11947317,20.65,20.7,20.5,20.6,-0.05,257,50.0,46.80
2009/11/16,774966,15967854,20.6,20.7,20.5,20.7,+0.10,286,52.170000000000002,48.59
2009/11/17,1269412,26583586,20.8,21.2,20.7,20.7,0.00,517,37.5,44.89
2009/11/18,519874,10867433,20.75,21.0,20.75,20.9,+0.20,328,62.5,50.76
2009/11/19,1642526,34955667,21.0,21.6,21.0,21.2,+0.30,632,63.640000000000001,55.05
2009/11/20,705408,14771961,21.2,21.3,20.8,20.8,-0.40,316,27.27,45.79
2009/11/23,411510,8518003,20.8,20.95,20.6,20.6,-0.20,182,9.0899999999999999,33.56
2009/11/24,671189,13807450,20.5,20.9,20.45,20.5,-0.10,286,4.3499999999999996,23.82
2009/11/25,652665,13522209,20.6,20.9,20.5,20.85,+0.35,351,34.780000000000001,27.47
2009/11/26,1940519,41277153,21.0,21.55,20.85,21.5,+0.65,833,91.299999999999997,48.74
2009/11/27,1366104,28826734,21.3,21.4,20.8,21.25,-0.25,483,69.569999999999993,55.68
2009/11/30,4137062,90549696,21.8,22.1,21.5,21.85,+0.60,1197,84.849999999999994,65.40
2009/12/01,1120501,24160070,21.9,22.0,21.45,21.55,-0.30,433,66.670000000000002,65.82
2009/12/02,2337679,50746085,22.0,22.15,20.85,20.85,-0.70,881,23.530000000000001,51.72
2009/12/03,1346948,28178417,21.3,21.3,20.7,20.7,-0.15,514,14.710000000000001,39.38
2009/12/04,772609,16025974,20.7,20.9,20.6,20.7,0.00,297,14.710000000000001,31.15
2009/12/07,863693,18127482,20.9,21.15,20.8,21.1,+0.40,348,36.359999999999999,32.89
2009/12/08,764104,15969310,21.1,21.15,20.8,20.95,-0.15,312,22.579999999999998,29.46
2009/12/09,1021419,21505480,20.7,21.3,20.7,21.0,+0.05,420,25.809999999999999,28.24
2009/12/10,1081039,22491648,21.1,21.15,20.55,20.55,-0.45,448,0.0,18.83
2009/12/11,955006,19911825,20.6,20.95,20.6,20.95,+0.40,300,25.0,20.88
2009/12/14,853860,18055614,21.4,21.4,20.95,21.1,+0.15,358,34.380000000000003,25.38
2009/12/15,781087,16256997,21.1,21.1,20.6,20.9,-0.20,315,41.18,30.65
2009/12/16,620786,12838169,20.9,20.9,20.6,20.7,-0.20,242,17.649999999999999,26.31
2009/12/17,1071165,22149679,20.75,20.95,20.5,20.6,-0.10,491,11.109999999999999,21.24
2009/12/18,424671,8789836,20.6,20.8,20.6,20.75,+0.15,221,27.780000000000001,23.42
2009/12/21,482244,9948441,20.55,20.75,20.55,20.7,-0.05,189,22.219999999999999,23.02
2009/12/22,478885,9903227,20.7,20.8,20.55,20.65,-0.05,188,16.670000000000002,20.91
2009/12/23,950041,19789196,20.7,20.95,20.6,20.8,+0.15,326,33.329999999999998,25.05
2009/12/24,520118,10817620,20.7,20.9,20.7,20.75,-0.05,223,27.780000000000001,25.96
2009/12/25,678783,14019287,20.9,20.9,20.6,20.6,-0.15,255,16.670000000000002,22.87
2009/12/28,1278493,26696966,20.6,21.05,20.5,21.0,+0.40,557,90.909999999999997,45.55
2009/12/29,659296,13826683,21.1,21.2,20.85,20.95,-0.05,236,64.290000000000006,51.80
2009/12/30,762196,15861662,20.7,20.95,20.7,20.8,-0.15,326,42.859999999999999,48.82
2009/12/31,847411,17659530,20.7,20.95,20.7,20.8,0.00,331,42.859999999999999,46.84
2010/01/04,2994821,63908649,20.9,21.65,20.85,21.45,+0.65,1244,82.609999999999999,58.77
2010/01/05,2376404,51022013,21.6,21.9,21.15,21.2,-0.25,875,50.0,55.85
2010/01/06,1232828,26338893,21.45,21.6,21.2,21.4,+0.20,451,64.290000000000006,58.66
2010/01/07,2752755,59199678,21.65,21.7,21.25,21.45,+0.05,763,67.859999999999999,61.73
2010/01/08,10968194,247119994,21.5,22.95,21.3,22.95,+1.50,3008,100.0,74.48
2010/01/11,17606329,417234296,23.0,24.25,22.6,23.25,+0.30,4764,71.829999999999998,73.59
2010/01/12,4545219,103016830,23.25,23.45,22.3,22.45,-0.80,1496,49.299999999999997,65.49
2010/01/13,2805442,61763229,22.05,22.2,21.8,22.1,-0.35,1009,39.439999999999998,56.81
2010/01/14,2002514,44108874,22.1,22.4,21.85,22.0,-0.10,748,33.82,49.14
2010/01/15,1789608,39319811,22.15,22.3,21.7,21.7,-0.30,771,17.739999999999998,38.67
2010/01/18,4153191,93532955,21.6,23.0,21.5,22.4,+0.70,1476,39.340000000000003,38.89
2010/01/19,1565741,34706075,22.55,22.7,21.85,21.95,-0.45,697,23.329999999999998,33.71
2010/01/20,1301278,28194158,22.1,22.1,21.5,21.5,-0.45,575,6.7800000000000002,24.73
2010/01/21,879649,18815159,21.4,21.65,21.1,21.1,-0.40,456,0.0,16.49
2010/01/22,1201268,25084429,20.7,21.1,20.65,20.8,-0.30,486,5.3600000000000003,12.78
2010/01/25,596413,12348137,20.65,20.95,20.5,20.6,-0.20,294,4.0,9.85
2010/01/26,1497054,30080108,20.8,20.95,19.2,19.5,-1.10,649,7.8899999999999997,9.20
2010/01/27,1250160,24330066,19.5,19.8,19.2,19.5,0.00,524,7.8899999999999997,8.76
2010/01/28,926455,18288435,19.5,19.95,19.5,19.95,+0.45,413,19.739999999999998,12.42
2010/01/29,770314,15020587,19.8,19.8,19.2,19.5,-0.45,334,8.5700000000000003,11.14
2010/02/01,680591,13217590,19.65,19.8,19.2,19.25,-0.25,340,1.72,8.00
2010/02/02,940803,17888526,19.45,19.6,18.5,18.7,-0.55,411,6.3499999999999996,7.45
2010/02/03,1528037,27980836,18.7,18.9,17.6,18.5,-0.20,676,25.710000000000001,13.54
2010/02/04,636345,11669828,18.25,18.5,18.2,18.5,0.00,288,26.870000000000001,17.99
2010/02/05,1482029,25797749,17.9,17.9,17.25,17.25,-1.25,603,0.0,11.99
2010/02/06,1424335,23289976,17.25,17.25,16.05,16.2,-1.05,526,3.8500000000000001,9.27
2010/02/08,1008101,16699401,16.2,16.75,16.2,16.5,+0.30,561,11.539999999999999,10.03
2010/02/09,994467,16999267,16.35,17.55,16.35,17.45,+0.95,458,37.329999999999998,19.13
2010/02/10,1016685,18069670,17.8,18.0,17.55,17.7,+0.25,442,44.0,27.42
2010/02/22,907848,16449903,18.65,18.65,17.65,17.65,-0.05,321,45.07,33.30
2010/02/23,579913,10382276,17.8,18.1,17.65,18.0,+0.35,270,68.420000000000002,45.01
2010/02/24,345032,6156211,17.8,18.0,17.6,17.85,-0.15,132,69.230000000000004,53.09
2010/02/25,681665,12171026,17.85,18.1,17.6,17.9,+0.05,421,71.150000000000006,59.11
2010/02/26,865782,15932031,18.2,18.7,18.1,18.2,+0.30,391,81.129999999999995,66.45
2010/03/01,673085,12348746,18.2,18.5,18.1,18.45,+0.25,335,90.0,74.30
2010/03/02,886216,16152759,18.75,18.75,18.0,18.0,-0.45,326,68.75,72.45
2010/03/03,603558,10927342,18.05,18.3,17.95,18.1,+0.10,278,45.829999999999998,63.58
2010/03/04,1093261,20037573,18.1,18.6,18.1,18.4,+0.30,416,69.569999999999993,65.58
2010/03/05,584795,10766639,18.6,18.6,18.25,18.4,0.00,218,69.569999999999993,66.91
2010/03/08,663012,12261614,18.4,18.6,18.4,18.45,+0.05,242,73.909999999999997,69.25
2010/03/09,498549,9028131,18.4,18.4,18.0,18.1,-0.35,224,43.479999999999997,60.66
2010/03/10,299046,5397684,18.1,18.2,17.9,18.05,-0.05,142,17.649999999999999,46.32
2010/03/11,371221,6723657,18.05,18.2,18.05,18.15,+0.10,169,29.41,40.68
2010/03/12,417015,7578822,18.15,18.3,18.0,18.3,+0.15,228,47.060000000000002,42.81
2010/03/15,422664,7612162,18.0,18.25,17.9,17.9,-0.40,166,0.0,28.54
2010/03/16,278784,4984412,17.65,18.1,17.65,18.05,+0.15,152,42.109999999999999,33.07
2010/03/17,441931,8022438,18.05,18.3,18.05,18.25,+0.20,230,63.159999999999997,43.10
2010/03/18,493577,9051369,18.3,18.45,18.25,18.25,0.00,226,63.159999999999997,49.78
2010/03/19,853191,15789022,18.25,18.6,18.25,18.55,+0.30,332,94.739999999999995,64.77
2010/03/22,535401,9939324,18.55,18.65,18.4,18.5,-0.05,243,85.0,71.51
2010/03/23,425007,7813476,18.65,18.65,18.1,18.3,-0.20,180,65.0,69.34
2010/03/24,424029,7757772,18.4,18.45,18.15,18.25,-0.05,194,60.0,66.23
2010/03/25,361766,6545439,18.0,18.3,17.9,18.3,+0.05,187,65.0,65.82
2010/03/26,328236,6008599,18.5,18.5,18.15,18.3,0.00,171,65.0,65.55
2010/03/29,800156,14802128,18.4,18.6,18.3,18.5,+0.20,312,80.0,70.37
2010/03/30,634553,11801174,18.6,18.7,18.4,18.5,0.00,232,75.0,71.91
2010/03/31,592013,11004886,18.6,18.7,18.5,18.6,+0.10,233,87.5,77.11
2010/04/01,1581516,29910019,18.6,19.1,18.5,18.85,+0.25,583,79.170000000000002,77.80
2010/04/02,5376789,107576091,19.05,20.15,18.95,20.15,+1.30,1529,100.0,85.20
2010/04/06,2670732,54012963,20.4,20.5,19.8,19.8,-0.35,996,73.079999999999998,81.16
2010/04/07,1059843,21255636,20.1,20.25,19.8,19.9,+0.10,458,76.920000000000002,79.75
2010/04/08,1872216,37909941,20.0,20.55,19.9,20.15,+0.25,784,83.329999999999998,80.95
2010/04/09,1092733,21922647,20.1,20.3,19.8,19.9,-0.25,468,71.109999999999999,77.67
2010/04/12,897421,18260651,20.1,20.6,20.1,20.25,+0.35,429,84.090000000000003,79.81
2010/04/13,782541,15579721,20.25,20.25,19.7,19.75,-0.50,370,59.520000000000003,73.05
2010/04/14,363110,7208410,19.75,20.0,19.75,19.85,+0.10,178,64.290000000000006,70.13
2010/04/15,815698,16515754,20.5,20.5,20.05,20.15,+0.30,349,72.730000000000004,70.99
2010/04/16,799737,16145968,20.3,20.4,20.0,20.15,0.00,337,50.0,64.00
2010/04/19,1099010,21525915,20.15,20.15,19.15,19.2,-0.95,442,3.4500000000000002,43.82
2010/04/20,806737,15517534,19.5,19.5,19.1,19.25,+0.05,301,10.0,32.54
2010/04/21,723555,14034101,19.25,19.65,19.25,19.25,0.00,339,10.0,25.02
2010/04/22,699000,13260450,19.25,19.25,18.8,19.0,-0.25,351,11.109999999999999,20.38
2010/04/23,665614,12602183,19.0,19.1,18.85,18.95,-0.05,314,8.8200000000000003,16.53
2010/04/26,609281,11738955,19.2,19.35,19.2,19.25,+0.30,235,26.469999999999999,19.84
2010/04/27,466031,8864441,19.25,19.25,18.95,19.0,-0.25,152,11.76,17.15
2010/04/28,469055,8829483,18.5,19.0,18.5,18.8,-0.20,224,15.789999999999999,16.69
2010/04/29,397704,7538668,19.0,19.1,18.8,18.95,+0.15,182,27.27,20.22
2010/04/30,569892,10830524,19.0,19.25,18.8,18.8,-0.15,240,26.09,22.18
2010/05/03,262664,4925033,18.75,18.9,18.65,18.65,-0.15,143,13.039999999999999,19.14
2010/05/04,339905,6329701,18.8,18.9,18.45,18.5,-0.15,189,5.5599999999999996,14.61
2010/05/05,866947,15571660,18.3,18.3,17.75,17.75,-0.75,319,0.0,9.74
2010/05/06,928516,16431554,17.7,17.85,17.5,17.55,-0.20,244,2.7000000000000002,7.39
2010/05/07,2042353,33859433,16.7,17.25,16.35,17.25,-0.30,660,31.030000000000001,15.27
2010/05/10,777570,13440832,17.25,17.7,16.9,17.7,+0.45,298,46.549999999999997,25.70
2010/05/11,691389,12207677,17.9,17.9,17.4,17.45,-0.25,250,37.93,29.77
2010/05/12,313142,5488259,17.5,17.65,17.4,17.45,0.00,139,37.93,32.49
2010/05/13,513186,9087297,17.55,17.85,17.55,17.85,+0.40,213,58.82,41.27
2010/05/14,331185,5888833,17.75,17.95,17.6,17.85,0.00,136,58.82,47.12
2010/05/17,199999,3500632,17.7,17.7,17.4,17.45,-0.40,100,56.409999999999997,50.21
2010/05/18,369341,6422132,17.45,17.5,17.3,17.35,-0.10,133,62.5,54.30
2010/05/19,1057474,18680033,17.3,18.25,17.25,18.0,+0.65,419,86.840000000000003,65.15
2010/05/20,517222,9136593,18.0,18.0,17.45,17.45,-0.55,238,40.740000000000002,57.01
2010/05/21,548253,9151061,17.05,17.1,16.35,16.75,-0.70,289,21.050000000000001,45.03
2010/05/24,439738,7549128,16.75,17.45,16.75,17.1,+0.35,255,39.469999999999999,43.18
2010/05/25,1006475,16531208,17.1,17.1,16.05,16.15,-0.95,428,4.5499999999999998,30.31
2010/05/26,668052,10966903,16.3,16.65,16.25,16.6,+0.45,309,25.0,28.54
2010/05/27,407000,6740850,16.6,16.8,16.3,16.8,+0.20,197,34.090000000000003,30.39
2010/05/28,505282,8578663,17.0,17.1,16.85,17.0,+0.20,228,43.18,34.65
2010/05/31,2161643,39068819,17.35,18.15,17.35,18.15,+1.15,722,95.450000000000003,54.92
2010/06/01,1905099,34639451,18.25,18.4,17.95,18.1,-0.05,679,87.230000000000004,65.69
2010/06/02,853716,15359893,17.9,18.25,17.7,17.7,-0.40,428,70.209999999999994,67.19
2010/06/03,475503,8511601,18.0,18.15,17.75,17.8,+0.10,240,74.469999999999999,69.61
2010/06/04,312000,5543700,17.8,17.9,17.65,17.85,+0.05,132,76.599999999999994,71.94
2010/06/07,512181,8850248,17.05,17.7,17.05,17.45,-0.40,271,55.810000000000002,66.56
2010/06/08,254831,4480691,17.4,17.75,17.4,17.6,+0.15,163,61.899999999999999,65.00
2010/06/09,493923,8600098,17.6,17.95,17.05,17.3,-0.30,356,29.030000000000001,53.01
2010/06/10,394010,6827176,17.45,17.65,17.15,17.45,+0.15,179,29.629999999999999,45.22
2010/06/11,456045,8109910,17.8,17.9,17.6,17.8,+0.35,207,55.560000000000002,48.67
2010/06/14,3121505,58053158,18.4,18.95,18.0,18.85,+1.05,1050,94.739999999999995,64.03
2010/06/15,2481472,46840326,18.9,19.1,18.65,18.8,-0.05,729,85.370000000000005,71.15
2010/06/17,2861471,54846086,19.3,19.4,18.55,19.4,+0.60,840,100.0,80.76
2010/06/18,1326888,25296919,19.35,19.35,18.6,18.6,-0.80,487,65.959999999999994,75.83
2010/06/21,2692535,51570141,18.95,19.35,18.85,19.15,+0.55,761,89.359999999999999,80.34
2010/06/22,1413380,27091970,19.3,19.35,19.05,19.05,-0.10,473,85.109999999999999,81.93
2010/06/23,657590,12425961,19.0,19.05,18.75,18.75,-0.30,296,71.109999999999999,78.32
2010/06/24,477464,9052166,18.8,19.1,18.8,19.0,+0.25,245,77.780000000000001,78.14
2010/06/25,736001,13718519,18.8,18.8,18.5,18.55,-0.45,333,39.289999999999999,65.19
2010/06/28,689894,13009610,18.75,19.0,18.7,18.8,+0.25,297,33.329999999999998,54.57
2010/06/29,888143,16658587,18.9,19.0,18.4,18.4,-0.40,331,0.0,36.38
2010/06/30,845765,15556064,18.05,18.8,18.0,18.75,+0.35,528,55.560000000000002,42.77
2010/07/01,721200,13492310,18.55,18.95,18.55,18.6,-0.15,344,44.439999999999998,43.32
2010/07/02,2575715,48961685,18.75,19.3,18.7,19.0,+0.40,1012,74.069999999999993,53.57
2010/07/05,1816574,32103633,17.8,17.8,17.4,17.5,X0.00,563,5.2599999999999998,37.46
2010/07/06,741864,13097747,17.5,17.8,17.45,17.65,+0.15,312,13.16,29.36
2010/07/07,1200637,21411374,17.65,18.0,17.6,17.8,+0.15,468,21.050000000000001,26.59
2010/07/08,1116419,19881906,18.0,18.05,17.6,17.7,-0.10,403,15.789999999999999,22.99
2010/07/09,552708,9747394,17.75,17.75,17.55,17.55,-0.15,241,7.8899999999999997,17.96
2010/07/12,515405,9000614,17.5,17.55,17.4,17.4,-0.15,253,0.0,11.97
2010/07/13,486070,8455467,17.4,17.6,17.25,17.25,-0.15,233,0.0,7.98
2010/07/14,630679,10911341,17.35,17.4,17.2,17.25,0.00,288,2.3799999999999999,6.11
2010/07/15,1025892,17719489,17.25,17.4,17.2,17.3,+0.05,404,11.76,7.99
2010/07/16,930271,16311864,17.45,17.7,17.35,17.5,+0.20,447,35.289999999999999,17.09
2010/07/19,799559,14154082,17.5,17.9,17.5,17.6,+0.10,359,47.060000000000002,27.08
2010/07/20,534840,9412083,17.8,17.8,17.5,17.55,-0.05,202,41.18,31.78
2010/07/21,414299,7263032,17.6,17.65,17.45,17.45,-0.10,194,35.710000000000001,33.09
2010/07/22,427793,7444165,17.45,17.5,17.3,17.35,-0.10,221,21.43,29.20
2010/07/23,855853,15099053,17.4,17.85,17.4,17.65,+0.30,318,64.290000000000006,40.90
2010/07/26,678165,12007545,17.75,17.85,17.65,17.65,0.00,274,64.290000000000006,48.70
2010/07/27,355222,6264827,17.75,17.8,17.5,17.55,-0.10,150,50.0,49.14
2010/07/28,1012206,17940823,17.6,17.9,17.6,17.6,+0.05,448,50.0,49.43
2010/07/29,684204,12035968,17.6,17.8,17.5,17.5,-0.10,278,33.329999999999998,44.06
2010/07/30,416225,7298187,17.6,17.65,17.45,17.45,-0.05,189,25.0,37.70
2010/08/02,1051019,18676584,17.45,17.9,17.45,17.85,+0.40,365,91.670000000000002,55.69
2010/08/03,1097508,19741488,17.9,18.1,17.85,18.0,+0.15,424,87.5,66.30
2010/08/04,536807,9575554,18.0,18.0,17.65,17.85,-0.15,230,64.290000000000006,65.63
2010/08/05,741773,13314480,17.85,18.15,17.75,17.8,-0.05,301,50.0,60.42
2010/08/06,381054,6772709,17.8,17.9,17.65,17.85,+0.05,171,57.140000000000001,59.33
2010/08/09,495804,8825777,17.85,17.9,17.75,17.75,-0.10,209,42.859999999999999,53.84
2010/08/10,782496,13763378,17.8,17.9,17.2,17.2,-0.55,309,0.0,35.89
2010/08/11,2518102,45245946,17.25,18.2,17.25,17.75,+0.55,889,55.0,42.26
2010/08/12,551442,9767014,17.55,17.85,17.55,17.65,-0.10,253,45.0,43.17
2010/08/13,467247,8332332,17.8,17.95,17.7,17.85,+0.20,183,65.0,50.45
2010/08/16,439490,7806394,17.9,17.9,17.7,17.7,-0.15,170,50.0,50.30
2010/08/17,1254167,22482504,17.8,18.05,17.75,17.8,+0.10,419,60.0,53.53
2010/08/18,2690882,49053083,18.0,18.4,17.8,18.4,+0.60,887,100.0,69.02
2010/08/19,1955424,36237023,18.8,18.85,18.25,18.25,-0.15,686,63.640000000000001,67.22
2010/08/20,1295653,23789711,18.15,18.6,18.15,18.5,+0.25,418,78.790000000000006,71.07
2010/08/23,7965659,153103195,18.6,19.6,18.5,19.45,+0.95,1953,93.620000000000005,78.59
2010/08/24,2343417,44639738,19.7,19.7,18.75,18.85,-0.60,820,60.469999999999999,72.55
2010/08/25,2814421,50270449,18.5,18.5,17.55,17.6,-1.25,891,2.3300000000000001,49.15
2010/08/26,1060528,18715742,17.65,17.95,17.5,17.5,-0.10,406,0.0,32.77
2010/08/27,875200,15649150,17.6,18.1,17.6,17.8,+0.30,382,13.640000000000001,26.40
2010/08/30,455506,8139964,18.1,18.1,17.6,17.6,-0.20,194,4.5499999999999998,19.12
2010/08/31,788017,13580344,17.5,17.7,16.85,17.0,-0.60,338,5.2599999999999998,14.50
2010/09/01,681661,11916965,17.05,17.7,17.05,17.55,+0.55,311,24.559999999999999,17.86
2010/09/02,726136,12674902,17.55,17.7,17.2,17.3,-0.25,261,15.789999999999999,17.17
2010/09/03,1079416,18596952,17.35,17.5,17.1,17.15,-0.15,359,10.529999999999999,14.96
2010/09/06,476462,8285363,17.4,17.5,17.2,17.4,+0.25,181,33.329999999999998,21.08
2010/09/07,647311,11399149,17.4,17.75,17.4,17.55,+0.15,268,56.0,32.72
2010/09/08,710569,12302749,17.55,17.55,17.2,17.2,-0.35,290,28.0,31.14
2010/09/09,803395,13755365,17.2,17.4,17.0,17.0,-0.20,291,12.0,24.76
2010/09/10,559421,9555577,17.1,17.2,17.0,17.05,+0.05,213,22.219999999999999,23.92
2010/09/13,728599,12516401,17.15,17.35,17.05,17.25,+0.20,217,33.329999999999998,27.06
2010/09/14,499860,8639341,17.3,17.4,17.15,17.25,0.00,152,33.329999999999998,29.15
2010/09/15,667779,11590322,17.25,17.5,17.25,17.3,+0.05,254,40.0,32.76
2010/09/16,475404,8262168,17.6,17.65,17.25,17.25,-0.05,202,33.329999999999998,32.95
2010/09/17,654292,11380442,17.5,17.5,17.3,17.45,+0.20,233,60.0,41.97
2010/09/20,1371304,24349778,17.6,17.95,17.45,17.7,+0.25,509,73.680000000000007,52.54
2010/09/21,659508,11614840,17.8,17.85,17.5,17.5,-0.20,266,52.630000000000003,52.57
2010/09/23,925014,16003690,17.5,17.7,17.15,17.25,-0.25,301,26.32,43.82
2010/09/24,436912,7567829,17.25,17.5,17.2,17.25,0.00,209,22.219999999999999,36.62
2010/09/27,611498,10579860,17.35,17.5,17.2,17.2,-0.05,228,6.25,26.49
2010/09/28,546311,9394129,17.2,17.3,17.1,17.15,-0.05,167,5.8799999999999999,19.62
2010/09/29,562788,9680922,17.15,17.35,17.15,17.15,0.00,233,5.8799999999999999,15.04
2010/09/30,393541,6758748,17.15,17.3,17.1,17.15,0.00,169,5.8799999999999999,11.99
2010/10/01,387673,6708230,17.2,17.4,17.2,17.25,+0.10,178,17.649999999999999,13.87
2010/10/04,859523,15040841,17.25,17.7,17.25,17.4,+0.15,319,40.0,22.58
2010/10/05,656768,11472333,17.35,17.6,17.3,17.4,0.00,250,50.0,31.72
2010/10/06,3247432,58045165,17.7,18.1,17.4,17.8,+0.40,1041,70.0,44.48
2010/10/07,3791673,69282763,17.8,18.6,17.8,18.25,+0.45,1210,76.670000000000002,55.21
2010/10/08,2569442,47228130,18.25,18.65,17.9,18.0,-0.25,870,58.060000000000002,56.16
2010/10/11,675300,11984818,18.05,18.15,17.5,17.7,-0.30,248,38.710000000000001,50.34
2010/10/12,801002,13980634,17.7,17.7,17.25,17.4,-0.30,278,19.350000000000001,40.01
2010/10/13,566522,9876227,17.45,17.6,17.35,17.35,-0.05,231,10.34,30.12
2010/10/14,605673,10629843,17.55,17.65,17.4,17.55,+0.20,210,21.43,27.22
2010/10/15,508225,8933397,17.6,17.8,17.45,17.45,-0.10,171,14.289999999999999,22.91
2010/10/18,474000,8249850,17.45,17.6,17.25,17.35,-0.10,205,7.1399999999999997,17.65
2010/10/19,504508,8713512,17.35,17.5,17.2,17.2,-0.15,191,0.0,11.77
2010/10/20,436588,7489739,17.15,17.3,17.0,17.15,-0.05,192,9.0899999999999999,10.88
2010/10/21,414760,7127144,17.3,17.3,17.05,17.05,-0.10,168,4.3499999999999996,8.70
2010/10/22,777307,13317995,17.1,17.3,17.0,17.3,+0.25,246,37.5,18.30
2010/10/25,313474,5426798,17.35,17.4,17.25,17.4,+0.10,154,50.0,28.87
2010/10/26,368799,6394458,17.5,17.5,17.25,17.35,-0.05,152,43.75,33.83
2010/10/27,391073,6774259,17.5,17.5,17.25,17.35,0.00,120,43.75,37.13
2010/10/28,322001,5582963,17.45,17.45,17.25,17.35,0.00,110,58.329999999999998,44.19
2010/10/29,347687,6025811,17.35,17.45,17.25,17.25,-0.10,131,50.0,46.13
2010/11/01,522487,9128646,17.4,17.5,17.4,17.45,+0.20,202,90.0,60.75
2010/11/02,1965873,35103887,17.35,18.2,17.35,17.8,+0.35,796,66.670000000000002,62.72
2010/11/03,1632375,29187611,17.9,18.4,17.55,17.55,-0.25,624,39.289999999999999,54.91
2010/11/04,486192,8609648,17.6,17.85,17.55,17.7,+0.15,214,39.130000000000003,49.65
2010/11/05,2385039,43180852,18.0,18.3,17.8,18.1,+0.40,847,73.909999999999997,57.74
2010/11/08,5757290,107842817,18.35,19.0,18.3,18.8,+0.70,1702,88.569999999999993,68.01
2010/11/09,1262468,23267834,18.75,18.75,18.3,18.35,-0.45,464,62.859999999999999,66.29
2010/11/10,11850870,230912660,18.5,19.6,18.5,19.2,+0.85,3117,82.980000000000004,71.85
2010/11/11,2878558,53919282,19.0,19.1,18.6,18.75,-0.45,1096,62.219999999999999,68.64
2010/11/12,1968536,36300309,18.7,18.75,18.25,18.4,-0.35,704,46.670000000000002,61.32
2010/11/15,1775205,32437048,18.6,18.6,18.1,18.2,-0.20,486,31.710000000000001,51.45
2010/11/16,1424471,26372016,18.2,18.7,18.2,18.45,+0.25,510,43.899999999999999,48.93
2010/11/17,1207674,22407318,18.35,18.8,18.3,18.6,+0.15,456,44.439999999999998,47.43
2010/11/18,876407,16387237,18.7,18.8,18.6,18.75,+0.15,301,43.329999999999998,46.06
2010/11/19,1622215,30367698,18.95,18.95,18.4,18.4,-0.35,506,20.0,37.38
2010/11/22,4469489,84752141,18.5,19.3,18.5,19.0,+0.60,1196,60.0,44.92
2010/11/23,1050945,19715578,19.0,19.0,18.6,18.6,-0.40,400,41.670000000000002,43.84
2010/11/24,1102159,20438455,18.4,18.65,18.4,18.6,0.00,348,41.670000000000002,43.12
2010/11/25,797208,14743514,18.75,18.8,18.4,18.4,-0.20,280,25.0,37.08
2010/11/26,978526,17860868,18.25,18.45,18.05,18.05,-0.35,359,0.0,24.72
2010/11/29,1533225,28484383,18.3,18.9,18.3,18.45,+0.40,503,32.0,27.15
2010/11/30,2647767,49370889,18.75,18.8,18.45,18.6,+0.15,621,44.0,32.77
2010/12/01,3134624,59473175,18.7,19.1,18.7,18.9,+0.30,954,68.0,44.52
2010/12/02,1399726,26436723,19.1,19.15,18.7,18.75,-0.15,481,56.0,48.35
2010/12/03,1176951,21937196,18.8,18.9,18.5,18.5,-0.25,368,40.909999999999997,45.87
2010/12/06,893879,16704962,18.6,18.8,18.55,18.55,+0.05,323,45.450000000000003,45.73
2010/12/07,748784,13872880,18.65,18.75,18.25,18.5,-0.05,300,40.909999999999997,44.13
2010/12/08,1107068,20506994,18.65,18.75,18.35,18.35,-0.15,386,27.27,38.51
2010/12/09,918865,16922033,18.4,18.6,18.35,18.35,0.00,318,11.109999999999999,29.37
2010/12/10,983015,17909866,18.3,18.5,18.1,18.2,-0.15,395,9.5199999999999996,22.75
2010/12/13,649972,11859691,18.2,18.4,18.15,18.2,0.00,250,9.5199999999999996,18.34
2010/12/14,802490,14639465,18.2,18.4,18.1,18.2,0.00,361,9.5199999999999996,15.40
2010/12/15,668815,12275662,18.25,18.45,18.25,18.4,+0.20,300,37.5,22.77
2010/12/16,2888926,54492836,18.5,19.15,18.45,19.15,+0.75,1055,100.0,48.51
2010/12/17,2647882,50674859,19.35,19.4,18.8,18.95,-0.20,963,65.379999999999995,54.13
2010/12/20,778469,14639439,19.0,19.1,18.65,18.75,-0.20,316,50.0,52.76
2010/12/21,823954,15537834,18.85,19.0,18.7,18.85,+0.10,307,57.689999999999998,54.40
2010/12/22,808062,15169702,19.0,19.0,18.65,18.65,-0.20,310,42.310000000000002,50.37
2010/12/23,2074381,39386317,18.7,19.15,18.7,18.8,+0.15,697,53.850000000000001,51.53
2010/12/24,881223,16643051,19.0,19.0,18.8,18.9,+0.10,262,61.539999999999999,54.86
2010/12/27,578259,10917817,19.1,19.1,18.8,18.8,-0.10,238,47.829999999999998,52.51
2010/12/28,7349227,144138751,19.0,20.1,18.75,20.1,+1.30,2085,100.0,68.34
2010/12/29,8790090,176699854,20.0,20.5,19.7,19.7,-0.40,2692,56.759999999999998,64.48
2010/12/30,2272022,44201620,19.7,19.7,19.35,19.35,-0.35,789,37.840000000000003,55.60
2010/12/31,1885908,36867320,19.5,19.75,19.4,19.4,+0.05,688,40.539999999999999,50.58
2011/01/03,3592841,71597195,19.7,20.15,19.55,19.9,+0.50,1218,67.569999999999993,56.24
2011/01/04,2943778,58586393,20.1,20.15,19.6,19.6,-0.30,844,50.0,54.16
2011/01/05,13235795,275785493,19.9,20.95,19.9,20.95,+1.35,2840,100.0,69.44
2011/01/06,13020648,274822934,21.1,21.4,20.7,20.95,0.00,3200,83.019999999999996,73.96
2011/01/07,4410312,89158527,20.95,20.95,19.6,19.85,-1.10,1460,41.509999999999998,63.15
2011/01/10,1730338,34284474,19.8,20.2,19.55,19.75,-0.10,652,19.510000000000002,48.60
2011/01/11,1070399,21178382,19.75,19.95,19.65,19.75,0.00,453,19.510000000000002,38.90
2011/01/12,3414821,68502806,19.8,20.25,19.75,20.0,+0.25,1092,30.0,35.93
2011/01/13,2089541,41529242,20.25,20.25,19.6,19.6,-0.40,631,2.7000000000000002,24.85
2011/01/14,1131728,22411701,19.6,20.05,19.6,19.65,+0.05,452,5.4100000000000001,18.37
2011/01/17,1685603,32515057,19.75,19.8,19.0,19.1,-0.55,601,4.1699999999999999,13.64
2011/01/18,1187960,22725345,19.1,19.3,19.0,19.0,-0.10,416,0.0,9.09
2011/01/19,1059793,20329303,19.2,19.3,19.05,19.15,+0.15,352,7.6900000000000004,8.62
2011/01/20,848600,16275175,19.3,19.4,19.05,19.05,-0.10,317,4.0,7.08
2011/01/21,942745,17916327,19.0,19.1,18.9,18.95,-0.10,331,3.7000000000000002,5.95
2011/01/24,814241,15580964,19.0,19.35,18.95,18.95,0.00,368,3.7000000000000002,5.20
2011/01/25,682705,12919073,19.1,19.1,18.8,18.85,-0.10,247,3.4500000000000002,4.62
2011/01/26,620807,11750948,18.85,19.05,18.8,18.85,0.00,248,4.0,4.41
2011/01/27,473722,8959230,18.9,19.0,18.85,18.95,+0.10,162,15.0,7.94
2011/01/28,1312390,24472463,18.95,18.95,18.5,18.55,-0.40,457,5.5599999999999996,7.14
2011/02/08,738424,13618427,18.7,18.75,18.25,18.35,-0.20,305,8.6999999999999993,7.66
2011/02/09,485504,9019345,18.5,18.7,18.4,18.55,+0.20,258,26.09,13.81
2011/02/10,495218,9177641,18.55,18.7,18.4,18.55,0.00,176,27.27,18.30
2011/02/11,1427568,25779573,18.55,18.55,17.55,17.6,-0.95,483,2.7799999999999998,13.13
2011/02/14,468277,8339355,17.85,17.95,17.65,17.9,+0.30,195,22.579999999999998,16.28
2011/02/15,489571,8758336,17.55,18.2,17.55,17.85,-0.05,236,20.0,17.52
2011/02/16,318300,5683473,17.85,18.0,17.8,17.85,0.00,164,20.690000000000001,18.58
2011/02/17,533318,9439312,17.85,17.95,17.6,17.65,-0.20,218,7.1399999999999997,14.77
2011/02/18,1035626,18560976,17.6,18.2,17.55,18.05,+0.40,418,41.670000000000002,23.74
2011/02/21,329388,5918270,18.0,18.15,17.9,17.95,-0.10,153,34.780000000000001,27.42
2011/02/22,890156,15644161,17.85,17.85,17.5,17.5,-0.45,287,0.0,18.28
2011/02/23,676007,11971520,17.45,17.95,17.45,17.5,0.00,262,4.5499999999999998,13.71
2011/02/24,590707,10334797,17.5,17.7,17.45,17.45,-0.05,204,0.0,9.14
2011/02/25,1589662,26778699,17.45,17.5,16.5,16.85,-0.60,559,20.59,12.95
2011/03/01,375127,6364141,16.8,17.2,16.7,17.05,+0.20,205,32.350000000000001,19.41
2011/03/02,389075,6632425,17.05,17.25,16.8,17.1,+0.05,220,35.289999999999999,24.70
2011/03/03,358310,6105831,17.1,17.15,16.95,17.05,-0.05,174,32.350000000000001,27.25
2011/03/04,789313,13317451,17.1,17.1,16.8,16.8,-0.25,265,18.18,24.23
2011/03/07,633903,10519694,16.8,16.8,16.5,16.5,-0.30,282,0.0,16.15
2011/03/08,566738,9546184,16.6,16.9,16.6,16.75,+0.25,258,17.239999999999998,16.52
2011/03/09,642304,10758189,16.9,16.9,16.6,16.7,-0.05,255,16.670000000000002,16.57
2011/03/10,710282,12031304,16.7,17.2,16.7,16.9,+0.20,325,40.0,24.38
2011/03/11,501778,8436445,17.0,17.0,16.7,16.9,0.00,191,53.329999999999998,34.03
2011/03/14,462602,7636307,16.85,16.85,16.3,16.45,-0.45,219,15.789999999999999,27.95
2011/03/15,1266504,20469737,16.4,16.75,15.65,15.85,-0.60,367,12.9,22.93
2011/03/16,1199814,19717389,16.25,16.75,15.9,16.55,+0.70,569,58.060000000000002,34.64
2011/03/17,1662002,27681584,16.5,16.8,16.4,16.7,+0.15,465,67.739999999999995,45.67
2011/03/18,2950631,50117830,16.8,17.2,16.7,16.95,+0.25,660,83.870000000000005,58.41
2011/03/21,2421835,42641400,17.65,17.95,17.3,17.55,+0.60,723,82.609999999999999,66.48
2011/03/22,1056953,18662862,17.8,17.85,17.55,17.7,+0.15,391,89.129999999999995,74.03
2011/03/23,1101424,19526198,17.75,17.85,17.65,17.65,-0.05,328,86.959999999999994,78.34
2011/03/24,2634587,47545124,17.65,18.25,17.65,18.2,+0.55,810,98.079999999999998,84.92
2011/03/25,4589596,85140059,18.4,18.8,18.3,18.75,+0.55,1062,98.409999999999997,89.41
2011/03/28,2140507,39947750,18.75,18.8,18.55,18.7,-0.05,515,96.549999999999997,91.79
2011/03/29,1509490,28199833,18.7,18.8,18.6,18.75,+0.05,475,97.920000000000002,93.83
2011/03/30,2830180,53949970,18.8,19.3,18.75,19.05,+0.30,670,90.379999999999995,92.68
2011/03/31,2835278,54071516,19.3,19.4,18.9,18.95,-0.10,703,78.569999999999993,87.98
2011/04/01,861293,16375210,19.1,19.1,18.9,18.95,0.00,298,75.680000000000007,83.88
2011/04/06,955714,18250977,19.25,19.25,18.95,19.05,+0.10,286,80.0,82.59
2011/04/07,1043767,19945692,19.05,19.25,19.0,19.2,+0.15,429,88.569999999999993,84.58
2011/04/08,2103544,39704564,19.2,19.2,18.65,18.65,-0.55,729,31.82,67.00
2011/04/11,7773579,146985651,18.6,19.2,18.35,19.1,+0.45,2120,71.430000000000007,68.48
2011/04/12,1723188,32531789,19.0,19.0,18.8,18.9,-0.20,529,52.380000000000003,63.11
2011/04/13,1264239,23958061,18.8,19.05,18.75,19.0,+0.10,397,61.899999999999999,62.70
2011/04/14,1176260,22237510,19.0,19.0,18.8,18.8,-0.20,316,42.859999999999999,56.09
2011/04/15,1247128,23662817,18.85,19.15,18.65,19.0,+0.20,433,72.219999999999999,61.46
2011/04/18,1487573,28246071,19.05,19.1,18.8,18.8,-0.20,408,50.0,57.64
2011/04/19,833148,15562789,18.5,18.85,18.4,18.85,+0.05,292,55.560000000000002,56.95
2011/04/20,3254192,63714698,19.0,19.15,18.9,19.1,+0.25,502,88.239999999999995,67.38
2011/04/21,2046800,39162075,19.1,19.2,19.0,19.2,+0.10,511,100.0,78.25
2011/04/22,4049844,80239174,19.3,19.3,19.05,19.05,-0.15,316,72.219999999999999,76.24
2011/04/25,4156090,81417114,19.1,19.9,19.1,19.75,+0.70,1389,90.0,80.83
2011/04/26,4095251,81289305,19.8,19.8,19.4,19.55,-0.20,407,76.670000000000002,79.45
2011/04/27,2022283,39624319,19.9,19.9,19.35,19.35,-0.20,633,63.329999999999998,74.08
2011/04/28,1227119,23834801,19.6,19.65,19.3,19.3,-0.05,361,60.0,69.39
2011/04/29,818469,15784653,19.3,19.4,19.15,19.2,-0.10,264,53.329999999999998,64.04
2011/05/03,1417639,26957770,19.25,19.25,18.9,18.9,-0.30,416,0.0,42.69
2011/05/04,1246154,23787990,19.1,19.25,19.0,19.1,+0.20,348,20.0,35.13
2011/05/05,1442321,27599414,19.15,19.3,19.0,19.1,0.00,358,20.0,30.09
2011/05/06,1160067,22496289,19.15,19.6,19.15,19.35,+0.25,408,45.0,35.06
2011/05/09,1878488,36725136,19.5,19.75,19.4,19.55,+0.20,597,65.0,45.04
2011/05/10,806949,15704854,19.55,19.6,19.35,19.5,-0.05,269,60.0,50.03
2011/05/11,1220301,23897046,19.5,19.75,19.5,19.5,0.00,445,70.590000000000003,56.88
2011/05/12,459124,8920046,19.45,19.55,19.3,19.35,-0.15,188,52.939999999999998,55.57
2011/05/13,712575,13785889,19.4,19.55,19.2,19.25,-0.10,277,41.18,50.78
2011/05/16,415190,8000587,19.25,19.35,19.2,19.25,0.00,173,33.329999999999998,44.96
2011/05/17,587654,11405632,19.25,19.55,19.25,19.45,+0.20,257,60.0,49.97
2011/05/18,17057828,344556644,19.5,19.85,19.45,19.85,+0.40,761,100.0,66.64
2011/05/19,1672959,33034295,20.0,20.0,19.55,19.55,-0.30,515,43.75,59.01
2011/05/20,6288964,126498453,19.85,19.85,19.25,19.3,-0.25,376,12.5,43.51
2011/05/23,521235,10076534,19.3,19.45,19.2,19.3,0.00,218,12.5,33.18
2011/05/24,3595114,69959986,19.3,19.4,19.0,19.15,-0.15,304,15.0,27.12
2011/05/25,473574,9110237,19.15,19.35,19.1,19.25,+0.10,186,25.0,26.41
2011/05/26,706571,13535502,19.3,19.4,19.0,19.2,-0.05,303,20.0,24.28
2011/05/27,5867871,112605975,19.2,19.3,19.1,19.2,0.00,218,20.0,22.86
2011/05/30,634538,12199976,19.2,19.3,19.15,19.2,0.00,145,20.0,21.91
2011/05/31,3674898,67236571,19.3,19.4,19.25,19.4,+0.20,215,40.0,27.94
2011/06/01,1403876,27071952,19.4,19.45,19.15,19.25,-0.15,408,29.41,28.43
2011/06/02,732749,14132403,19.25,19.35,19.15,19.3,+0.05,172,66.670000000000002,41.17
2011/06/03,477442,9242872,19.35,19.4,19.3,19.35,+0.05,154,77.780000000000001,53.38
2011/06/07,515760,9968198,19.4,19.4,19.25,19.4,+0.05,159,88.890000000000001,65.22
2011/06/08,502795,9717761,19.4,19.4,19.25,19.35,-0.05,167,77.780000000000001,69.41
2011/06/09,707941,13744857,19.4,19.45,19.35,19.4,+0.05,232,85.709999999999994,74.84
2011/06/10,982378,19013119,19.45,19.5,19.2,19.35,-0.05,254,57.140000000000001,68.94
2011/06/13,798593,15366724,19.35,19.4,19.15,19.15,-0.20,222,0.0,45.96
2011/06/14,1012457,19609866,19.15,19.45,19.15,19.4,+0.25,262,71.430000000000007,54.45
2011/06/15,982114,19011045,19.4,19.5,19.25,19.4,0.00,309,71.430000000000007,60.11
2011/06/16,1238380,23779457,19.3,19.3,19.1,19.1,-0.30,272,0.0,40.07
2011/06/17,881536,16873536,19.15,19.2,19.1,19.15,+0.05,190,12.5,30.88
2011/06/20,1419582,26997976,19.2,19.25,18.85,18.9,-0.25,914,7.6900000000000004,23.15
2011/06/21,2026043,37561894,18.9,19.0,18.4,18.55,-0.35,631,13.640000000000001,19.98
2011/06/22,1008986,18756686,18.65,18.75,18.5,18.5,-0.05,274,9.0899999999999999,16.35
2011/06/23,611697,11454466,18.5,18.9,18.5,18.85,+0.35,251,40.909999999999997,24.54
2011/06/24,637339,12027741,18.85,19.0,18.75,18.95,+0.10,259,50.0,33.03
2011/06/27,603622,11571619,18.95,19.3,18.9,19.25,+0.30,240,77.269999999999996,47.78
2011/06/28,964606,18733411,19.4,19.5,19.35,19.4,+0.15,355,90.909999999999997,62.15
2011/06/29,742500,14449599,19.5,19.55,19.4,19.45,+0.05,235,91.299999999999997,71.86
2011/06/30,2160142,42576840,19.5,19.85,19.5,19.7,+0.25,809,89.659999999999997,77.80
2011/07/01,1330594,26519230,19.9,20.0,19.8,20.0,+0.30,575,100.0,85.20
2011/07/04,3019476,61527754,20.15,20.5,20.1,20.5,+0.50,1124,100.0,90.13
2011/07/05,1775911,36130492,20.7,20.7,20.25,20.3,-0.20,655,81.819999999999993,87.36
2011/07/06,1837128,37522856,20.3,20.5,20.3,20.45,+0.15,760,87.180000000000007,87.30
2011/07/07,4913405,100920263,20.55,20.65,20.4,20.55,+0.10,1370,91.670000000000002,88.76
2011/07/08,3099559,58365036,18.9,19.1,18.5,18.8,X0.00,1075,13.640000000000001,63.72
2011/07/11,1626203,29705169,18.7,18.7,18.05,18.15,-0.65,586,3.77,43.74
2011/07/12,2643226,48023723,17.9,18.35,17.9,18.1,-0.05,669,7.1399999999999997,31.54
2011/07/13,1376658,24588095,18.1,18.1,17.7,17.7,-0.40,461,0.0,21.03
2011/07/14,893600,15795799,17.7,17.95,17.35,17.5,-0.20,344,4.4800000000000004,15.51
2011/07/15,1277893,22972438,17.5,18.4,17.45,18.4,+0.90,414,31.34,20.79
2011/07/18,638616,11565188,18.4,18.4,18.0,18.0,-0.40,242,19.699999999999999,20.43
2011/07/19,557210,9914888,17.8,17.9,17.7,17.8,-0.20,194,13.640000000000001,18.17
2011/07/20,410170,7343474,17.9,18.1,17.75,17.95,+0.15,227,34.289999999999999,23.54
2011/07/21,418021,7525230,17.95,18.15,17.9,17.95,0.00,198,44.439999999999998,30.50
2011/07/22,623691,11261599,18.05,18.2,17.95,17.95,0.00,274,57.140000000000001,39.38
2011/07/25,5224620,88242533,17.4,17.5,16.7,17.4,-0.55,1519,41.18,39.98
2011/07/26,1232854,21435156,17.4,17.5,17.2,17.45,+0.05,439,44.119999999999997,41.36
2011/07/27,985011,17137041,17.45,17.5,17.3,17.35,-0.10,332,38.240000000000002,40.32
2011/07/28,794435,13774650,17.25,17.5,17.2,17.35,0.00,243,38.240000000000002,39.63
2011/07/29,730506,12717026,17.25,17.55,17.25,17.4,+0.05,199,46.670000000000002,41.98
2011/08/01,590298,10399664,17.6,17.8,17.3,17.75,+0.35,296,70.0,51.32
2011/08/02,786001,13735368,17.55,17.6,17.45,17.5,-0.25,187,53.329999999999998,51.99
2011/08/03,772483,13305502,17.2,17.4,17.1,17.2,-0.30,198,33.329999999999998,45.77
2011/08/04,439001,7551117,17.6,17.6,17.05,17.05,-0.15,213,31.82,41.12
2011/08/05,1733944,27936295,15.9,16.3,15.9,16.1,-0.95,475,10.529999999999999,30.92
2011/08/08,1983941,31681956,16.15,16.4,15.75,15.85,-0.25,438,4.8799999999999999,22.24
2011/08/09,1336000,20251999,14.75,16.1,14.75,16.1,+0.25,386,44.259999999999998,29.58
2011/08/10,635748,10447737,16.2,16.6,16.2,16.5,+0.40,273,57.380000000000003,38.85
2011/08/11,261981,4178096,15.95,16.3,15.65,16.1,-0.40,163,44.259999999999998,40.65
2011/08/12,464392,7463190,16.25,16.3,15.85,15.9,-0.20,224,40.350000000000001,40.55
2011/08/15,299204,4810713,16.0,16.3,16.0,16.1,+0.20,149,47.369999999999997,42.82
2011/08/16,516000,8310600,16.25,16.25,16.0,16.1,0.00,191,47.369999999999997,44.34
2011/08/17,347850,5617660,16.05,16.2,16.05,16.1,0.00,143,72.969999999999999,53.88
2011/08/18,449180,7161297,16.05,16.1,15.9,15.9,-0.20,217,62.159999999999997,56.64
2011/08/19,712643,11199970,15.8,16.0,15.6,15.6,-0.30,196,45.950000000000003,53.08
2011/08/22,949070,14966592,15.6,15.9,15.5,15.65,+0.05,213,13.640000000000001,39.94
2011/08/23,178041,2827781,15.95,16.05,15.75,16.05,+0.40,98,68.75,49.55
2011/08/24,400000,6434550,16.05,16.15,16.0,16.1,+0.05,126,75.0,58.03
2011/08/25,494055,7973327,16.15,16.2,16.1,16.2,+0.10,146,87.5,67.86
2011/08/26,391522,6324927,16.2,16.3,16.1,16.15,-0.05,122,81.25,72.32
2011/08/29,317413,5195017,16.15,16.5,16.15,16.5,+0.35,148,100.0,81.54
2011/08/30,598090,10047530,16.5,17.1,16.5,17.1,+0.60,269,100.0,87.69
2011/08/31,573284,9879112,17.1,17.4,16.9,17.4,+0.30,261,100.0,91.79
2011/09/01,384802,6656173,17.4,17.5,17.15,17.3,-0.10,189,90.0,91.19
2011/09/02,344500,5915374,17.4,17.5,17.0,17.2,-0.10,153,82.859999999999999,88.41
2011/09/05,877317,15025648,17.15,17.35,16.8,17.35,+0.15,250,90.0,88.94
2011/09/06,1198100,20611495,17.3,17.35,17.0,17.0,-0.35,205,64.290000000000006,80.72
2011/09/07,3179201,55812947,17.2,17.7,17.2,17.5,+0.50,467,87.5,82.98
2011/09/08,455301,7993360,17.5,17.65,17.4,17.55,+0.05,175,90.319999999999993,85.43
2011/09/09,345000,6003796,17.45,17.6,17.2,17.5,-0.05,213,83.329999999999998,84.73
2011/09/13,254522,4412555,17.45,17.45,17.15,17.45,-0.05,116,72.219999999999999,80.56
2011/09/14,367680,6392814,17.45,17.5,17.1,17.45,0.00,150,72.219999999999999,77.78
2011/09/15,613588,10826265,17.45,17.9,17.4,17.9,+0.45,249,100.0,85.18
2011/09/16,1862807,33384226,17.6,18.1,17.6,18.1,+0.20,462,100.0,90.12
2011/09/19,430079,7714122,18.2,18.2,17.7,18.0,-0.10,151,83.329999999999998,87.86
2011/09/20,150000,2680000,18.0,18.0,17.65,18.0,0.00,81,81.819999999999993,85.84
2011/09/21,291878,5246159,18.0,18.05,17.85,17.95,-0.05,126,77.269999999999996,82.99
2011/09/22,269000,4696099,17.8,17.8,17.25,17.35,-0.60,168,22.73,62.91
2011/09/23,247401,4139605,16.95,17.2,16.2,16.65,-0.70,147,22.5,49.44
2011/09/26,241463,3930646,16.65,16.65,16.15,16.3,-0.35,108,7.3200000000000003,35.40
2011/09/27,267258,4405779,16.45,16.8,16.3,16.5,+0.20,112,17.07,29.29
2011/09/28,118000,1950800,16.5,16.7,16.45,16.5,0.00,65,17.07,25.22
2011/09/29,175605,2917960,16.4,16.8,16.35,16.8,+0.30,112,31.710000000000001,27.38
2011/09/30,165802,2790434,16.8,16.95,16.7,16.95,+0.15,110,42.109999999999999,32.29
2011/10/03,380753,6378876,16.8,16.9,16.7,16.9,-0.05,128,39.469999999999999,34.69
2011/10/04,144363,2414013,16.7,16.85,16.6,16.8,-0.10,119,39.390000000000001,36.26
2011/10/05,197175,3307106,16.85,17.0,16.7,16.7,-0.10,100,52.380000000000003,41.63
2011/10/06,204261,3452682,16.7,17.0,16.7,16.95,+0.25,105,94.120000000000005,59.12
2011/10/07,160419,2742923,16.95,17.15,16.95,17.1,+0.15,91,94.120000000000005,70.78
2011/10/11,573617,10167682,17.5,18.0,17.4,17.9,+0.80,248,93.939999999999998,78.50
2011/10/12,1363709,24676938,18.0,18.25,17.8,18.0,+0.10,499,86.840000000000003,81.28
2011/10/13,718300,13032633,18.25,18.3,17.9,17.9,-0.10,365,76.469999999999999,79.68
2011/10/14,364051,6477196,17.9,17.9,17.6,17.6,-0.30,139,58.82,72.73
2011/10/17,439054,7863366,17.6,18.1,17.6,18.05,+0.45,139,85.290000000000006,76.92
2011/10/18,149654,2672482,17.95,17.95,17.7,17.9,-0.15,85,75.0,76.28
2011/10/19,418231,7390214,17.9,17.9,17.55,17.75,-0.15,164,65.620000000000005,72.72
2011/10/20,211657,3706614,17.7,17.7,17.45,17.45,-0.30,107,37.039999999999999,60.83
2011/10/21,271745,4710463,17.25,17.55,17.25,17.35,-0.10,120,9.5199999999999996,43.72
2011/10/24,194170,3424124,17.5,17.7,17.5,17.6,+0.25,113,33.329999999999998,40.26
2011/10/25,127238,2261061,17.6,17.9,17.6,17.7,+0.10,79,42.859999999999999,41.13
2011/10/26,239019,4210587,17.7,17.7,17.5,17.7,0.00,111,52.939999999999998,45.07
2011/10/27,406880,7320183,17.7,18.25,17.7,18.0,+0.30,200,75.0,55.05
2011/10/28,411275,7443584,18.2,18.3,17.9,17.95,-0.05,202,66.670000000000002,58.92
2011/10/31,459551,8211501,18.0,18.05,17.6,17.85,-0.10,183,57.140000000000001,58.33
2011/11/01,328169,5879157,17.85,18.0,17.85,17.9,+0.05,173,61.899999999999999,59.52
2011/11/02,152063,2703974,17.75,17.9,17.7,17.85,-0.05,70,57.140000000000001,58.73
2011/11/03,306055,5420066,17.9,17.9,17.6,17.6,-0.25,139,12.5,43.32
2011/11/04,312832,5577049,17.6,17.9,17.6,17.8,+0.20,181,37.5,41.38
2011/11/07,402139,7258157,18.0,18.15,17.95,18.15,+0.35,215,81.25,54.67
2011/11/08,410800,7408509,18.15,18.2,17.9,17.9,-0.25,205,42.859999999999999,50.74
2011/11/09,290621,5193521,18.0,18.0,17.75,17.75,-0.15,156,21.43,40.97
2011/11/10,419885,7273331,17.5,17.5,17.05,17.15,-0.60,187,8.6999999999999993,30.21
2011/11/11,195453,3370844,17.4,17.4,17.15,17.25,+0.10,128,17.390000000000001,25.94
2011/11/14,156796,2721690,17.35,17.45,17.3,17.3,+0.05,82,21.739999999999998,24.54
2011/11/15,40063,696092,17.35,17.45,17.3,17.35,+0.05,29,26.09,25.06
2011/11/16,164450,2850411,17.35,17.45,17.2,17.2,-0.15,83,13.039999999999999,21.06
2011/11/17,129753,2208851,16.5,17.3,16.5,17.3,+0.10,89,47.060000000000002,29.73
2011/11/18,160855,2736626,17.1,17.15,16.85,17.05,-0.25,78,32.350000000000001,30.60
2011/11/21,240300,4007780,16.9,17.0,16.5,16.55,-0.50,115,3.3300000000000001,21.51
2011/11/22,140204,2308525,16.3,16.85,16.3,16.5,-0.05,92,16.670000000000002,19.90
2011/11/23,967104,15632614,16.4,16.5,15.95,16.0,-0.50,273,3.3300000000000001,14.38
2011/11/24,181500,2918350,15.8,16.3,15.8,16.25,+0.25,104,27.27,18.68
2011/11/25,89200,1449810,16.3,16.5,16.05,16.25,0.00,66,27.27,21.54
2011/11/28,98582,1611534,16.25,16.4,16.25,16.3,+0.05,48,30.300000000000001,24.46
2011/11/29,80055,1312801,16.5,16.5,16.3,16.5,+0.20,46,46.670000000000002,31.87
2011/11/30,121051,1979180,16.5,16.6,16.2,16.3,-0.20,86,37.039999999999999,33.60
2011/12/01,351001,5920016,16.8,17.1,16.6,16.95,+0.65,169,88.459999999999994,51.89
2011/12/02,124763,2101391,16.9,16.9,16.75,16.85,-0.10,64,80.769999999999996,61.51
2011/12/05,176596,2954236,17.0,17.0,16.55,16.6,-0.25,107,61.539999999999999,61.52
2011/12/06,162208,2689980,16.8,16.8,16.45,16.45,-0.15,106,50.0,57.68
2011/12/07,99363,1643156,16.45,16.65,16.45,16.55,+0.10,82,47.619999999999997,54.32
2011/12/08,149150,2431016,16.5,16.5,16.1,16.4,-0.15,69,30.0,46.21
2011/12/09,151199,2464693,16.1,16.4,16.1,16.35,-0.05,115,25.0,39.14
2011/12/12,148001,2422966,16.5,16.5,16.25,16.3,-0.05,109,20.0,32.76
2011/12/13,138200,2247160,16.2,16.4,16.15,16.25,-0.05,95,15.0,26.84
2011/12/14,168688,2736917,16.2,16.4,16.0,16.4,+0.15,107,40.0,31.22
2011/12/15,155152,2540792,16.4,16.45,16.3,16.35,-0.05,97,35.0,32.48
2011/12/16,109151,1782897,16.35,16.55,16.25,16.35,0.00,79,43.75,36.23
2011/12/19,186200,2972366,16.25,16.35,15.8,15.9,-0.45,123,11.76,28.07
2011/12/20,125269,1987104,15.8,16.0,15.8,16.0,+0.10,65,26.670000000000002,27.60
2011/12/21,246053,4046481,16.1,16.65,16.1,16.65,+0.65,113,100.0,51.73
2011/12/22,194254,3158018,16.6,16.6,16.1,16.4,-0.25,78,70.590000000000003,58.02
2011/12/23,401551,6769850,16.5,17.2,16.5,16.9,+0.50,228,78.569999999999993,64.87
2011/12/26,96524,1631997,17.0,17.1,16.85,16.85,-0.05,58,75.0,68.25
2011/12/27,263270,4497125,17.25,17.35,16.9,16.95,+0.10,159,74.189999999999998,70.23
2011/12/28,131542,2234447,16.95,17.1,16.85,16.85,-0.10,66,67.739999999999995,69.40
2011/12/29,43003,727298,16.7,16.95,16.7,16.95,+0.10,33,74.189999999999998,71.00
2011/12/30,276400,4697259,17.05,17.2,16.9,17.0,+0.05,90,77.420000000000002,73.14
2012/01/02,42060,709465,17.05,17.1,16.75,16.95,-0.05,28,68.0,71.43
2012/01/03,148153,2485689,16.95,17.0,16.4,16.95,0.00,84,68.0,70.29
2012/01/04,160615,2687165,16.95,16.95,16.7,16.75,-0.20,87,36.840000000000003,59.14
2012/01/05,122003,2062148,16.75,16.95,16.75,16.8,+0.05,80,42.109999999999999,53.47
2012/01/06,182425,3051552,16.65,16.85,16.6,16.6,-0.20,125,21.050000000000001,42.67
2012/01/09,106382,1770252,16.6,16.8,16.5,16.75,+0.15,67,43.75,43.03
2012/01/10,127714,2140851,16.6,16.85,16.6,16.65,-0.10,85,31.25,39.11
2012/01/11,111582,1853451,16.65,16.7,16.55,16.6,-0.05,69,25.0,34.40
2012/01/12,164002,2715882,16.55,16.6,16.5,16.55,-0.05,77,21.43,30.07
2012/01/13,264588,4365633,16.55,16.65,16.45,16.45,-0.10,108,8.3300000000000001,22.83
2012/01/16,156326,2589229,16.7,16.8,16.4,16.6,+0.15,99,36.359999999999999,27.34
2012/01/17,189183,3137491,16.6,16.7,16.5,16.65,+0.05,84,45.450000000000003,33.38
2012/01/18,202037,3361920,16.65,16.75,16.5,16.65,0.00,109,55.560000000000002,40.77
2012/01/30,412443,6996037,17.1,17.1,16.8,16.9,+0.25,175,71.430000000000007,50.99
2012/01/31,351921,5993145,16.95,17.15,16.9,17.1,+0.20,172,93.329999999999998,65.10
2012/02/01,1233786,21699566,17.4,17.75,17.35,17.65,+0.55,520,92.590000000000003,74.26
2012/02/02,850422,15130372,17.9,17.95,17.6,17.7,+0.05,350,83.870000000000005,77.47
2012/02/03,423453,7491960,17.7,17.8,17.5,17.8,+0.10,189,90.319999999999993,81.76
2012/02/04,652016,11631378,17.8,17.95,17.75,17.9,+0.10,277,96.769999999999996,86.77
2012/02/06,858185,15536648,17.9,18.5,17.75,17.95,+0.05,398,72.5,82.02
2012/02/07,289245,5159490,17.95,18.05,17.75,17.75,-0.20,167,62.5,75.51
2012/02/08,697032,12445976,17.8,18.1,17.7,18.0,+0.25,280,70.590000000000003,73.87
2012/02/09,518598,9305539,18.0,18.1,17.8,17.9,-0.10,249,62.5,70.08
2012/02/10,799263,14398676,17.9,18.2,17.8,17.9,0.00,367,47.829999999999998,62.66
2012/02/13,610937,11050216,18.0,18.25,17.9,18.05,+0.15,287,55.0,60.10
2012/02/14,387312,6947598,18.05,18.1,17.85,17.95,-0.10,229,45.0,55.07
2012/02/15,670303,12079970,17.9,18.1,17.9,18.1,+0.15,278,50.0,53.38
2012/02/16,556708,10012163,18.1,18.1,17.85,17.95,-0.15,238,31.25,46.01
2012/02/17,444331,7963011,18.0,18.05,17.8,18.0,+0.05,216,54.549999999999997,48.85
2012/02/20,542623,9766814,18.0,18.05,17.85,18.0,0.00,212,54.549999999999997,50.75
2012/02/21,270351,4861019,18.0,18.05,17.9,18.05,+0.05,149,55.560000000000002,52.35
2012/02/22,1158249,21060632,18.05,18.3,17.95,18.1,+0.05,385,60.0,54.90
2012/02/23,630960,11560920,18.0,18.5,18.0,18.15,+0.05,281,50.0,53.27
2012/02/24,191627,3465709,18.15,18.2,18.0,18.0,-0.15,121,28.57,45.03
2012/02/29,469709,8509512,18.1,18.25,18.0,18.1,+0.10,193,42.859999999999999,44.31
2012/03/01,248722,4519189,18.1,18.25,18.1,18.2,+0.10,110,57.140000000000001,48.59
2012/03/02,857365,15810725,18.4,18.55,18.25,18.4,+0.20,394,80.0,59.06
2012/03/03,525341,9675487,18.45,18.5,18.3,18.4,0.00,163,78.569999999999993,65.56
2012/03/05,359174,6605345,18.4,18.5,18.3,18.35,-0.05,207,69.230000000000004,66.79
2012/03/06,1264530,23400599,18.6,18.75,18.3,18.4,+0.05,444,56.25,63.28
2012/03/07,595457,10821205,18.3,18.3,18.1,18.25,-0.15,245,33.329999999999998,53.30
2012/03/08,644040,11799718,18.25,18.45,18.15,18.3,+0.05,291,40.0,48.86
2012/03/09,518514,9537463,18.3,18.5,18.25,18.45,+0.15,196,60.0,52.57
2012/03/12,296165,5446432,18.35,18.45,18.35,18.35,-0.10,166,38.460000000000001,47.87
2012/03/13,457015,8410820,18.35,18.5,18.3,18.3,-0.05,171,30.77,42.17
2012/03/14,2084727,39881063,19.0,19.5,19.0,19.1,+0.80,840,71.430000000000007,51.92
2012/03/15,586378,11177930,19.1,19.2,19.0,19.05,-0.05,255,67.859999999999999,57.23
2012/03/16,637956,12135714,19.1,19.15,18.9,19.0,-0.05,230,64.290000000000006,59.58
2012/03/19,798439,15313103,19.1,19.3,19.0,19.15,+0.15,341,75.0,64.72
2012/03/20,719470,13863920,19.2,19.4,19.1,19.3,+0.15,312,85.189999999999998,71.55
2012/03/21,1002211,19411634,19.45,19.5,19.25,19.5,+0.20,424,100.0,81.03
2012/03/22,849287,16579305,19.7,19.7,19.45,19.5,0.00,366,85.709999999999994,82.59
2012/03/23,4076896,82406620,19.5,20.5,19.5,20.05,+0.55,1318,79.549999999999997,81.58
2012/03/26,1344883,27052283,20.05,20.3,20.0,20.2,+0.15,581,81.25,81.47
2012/03/27,950571,19057574,20.3,20.3,19.9,19.95,-0.25,405,65.620000000000005,76.18
2012/03/28,1063541,21387893,19.9,20.25,19.9,20.05,+0.10,461,71.879999999999995,74.75
2012/03/29,1737258,33920276,20.0,20.0,19.2,19.4,-0.65,636,26.670000000000002,58.72
2012/03/30,722107,13991173,19.0,19.55,19.0,19.45,+0.05,295,30.0,49.15
2012/04/02,425434,8208293,19.3,19.4,19.2,19.3,-0.15,259,20.0,39.44
2012/04/03,1189760,22585654,19.25,19.4,18.8,18.9,-0.40,517,5.8799999999999999,28.25
2012/04/05,1002248,18570426,18.75,18.8,18.3,18.7,-0.20,333,18.18,24.89
2012/04/06,455372,8591135,18.7,19.05,18.65,18.85,+0.15,243,27.5,25.76
2012/04/09,392063,7275147,18.7,18.8,18.3,18.6,-0.25,207,15.0,22.17
2012/04/10,464941,8796023,18.65,19.05,18.65,18.85,+0.25,280,28.210000000000001,24.18
2012/04/11,407670,7687633,18.7,19.0,18.65,18.9,+0.05,184,35.289999999999999,27.88
2012/04/12,316224,6009779,18.9,19.15,18.9,18.9,0.00,191,48.0,34.59
2012/04/13,571347,10988110,19.0,19.35,19.0,19.3,+0.40,310,90.909999999999997,53.36
2012/04/16,537244,10290045,19.3,19.35,19.0,19.0,-0.30,356,63.640000000000001,56.78
2012/04/17,411200,7746874,19.15,19.2,18.65,18.8,-0.20,318,47.619999999999997,53.72
2012/04/18,341220,6427767,19.0,19.0,18.7,18.95,+0.15,274,61.899999999999999,56.44
2012/04/19,358944,6729449,18.8,18.9,18.65,18.7,-0.25,245,38.100000000000001,50.33
2012/04/20,632133,11735019,18.7,18.7,18.5,18.6,-0.10,381,11.76,37.47
2012/04/23,407714,7538858,18.6,18.65,18.4,18.55,-0.05,228,15.789999999999999,30.24
2012/04/24,335408,6185336,18.5,18.55,18.3,18.4,-0.15,194,9.5199999999999996,23.33
2012/04/25,259644,4792286,18.55,18.55,18.4,18.45,+0.05,217,14.289999999999999,20.31
2012/04/26,267088,4956393,18.5,18.65,18.45,18.5,+0.05,141,19.050000000000001,19.89
2012/04/27,199391,3706471,18.6,18.7,18.5,18.6,+0.10,112,33.329999999999998,24.37
2012/04/30,283000,5253500,18.6,18.65,18.4,18.65,+0.05,128,50.0,32.92
2012/05/02,825072,15604022,18.7,19.15,18.6,19.15,+0.50,379,100.0,55.28
2012/05/03,255303,4860585,19.1,19.1,18.95,19.0,-0.15,144,82.349999999999994,64.30
2012/05/04,442431,8429845,18.95,19.15,18.9,19.15,+0.15,186,100.0,76.20
2012/05/07,194001,3682319,19.1,19.1,18.9,19.05,-0.10,115,88.239999999999995,80.21
2012/05/08,305225,5791741,19.05,19.1,18.85,19.05,0.00,192,86.670000000000002,82.36
2012/05/09,313001,5933620,19.0,19.05,18.9,18.95,-0.10,162,73.329999999999998,79.35
2012/05/10,295074,5625650,18.95,19.2,18.95,19.05,+0.10,147,81.25,79.98
2012/05/11,356348,6780212,19.15,19.15,18.95,19.0,-0.05,220,75.0,78.32
2012/05/14,242004,4593828,19.0,19.1,18.9,19.0,0.00,152,66.670000000000002,74.43
2012/05/15,226516,4290704,19.0,19.05,18.85,19.0,0.00,127,42.859999999999999,63.91
2012/05/16,197032,3726158,19.0,19.0,18.85,18.85,-0.15,122,0.0,42.61
2012/05/17,279133,5319191,18.85,19.25,18.85,19.1,+0.25,171,62.5,49.24
2012/05/18,487522,9168594,19.0,19.05,18.65,18.65,-0.45,266,0.0,32.83
2012/05/21,230003,4331707,18.65,19.0,18.65,18.8,+0.15,127,25.0,30.22
2012/05/22,253550,4812500,18.95,19.05,18.95,18.95,+0.15,106,50.0,36.82
2012/05/23,202992,3821339,19.0,19.0,18.75,18.9,-0.05,168,41.670000000000002,38.44
2012/05/24,168309,3163374,18.9,18.9,18.7,18.7,-0.20,114,8.3300000000000001,28.41
2012/05/25,344200,6416986,18.7,18.75,18.55,18.7,0.00,160,21.43,26.08
2012/05/28,116481,2186065,18.7,18.85,18.7,18.75,+0.05,65,28.57,26.91
2012/05/29,577468,11014784,18.85,19.25,18.8,19.1,+0.35,238,78.569999999999993,44.13
2012/05/30,309335,5873363,19.1,19.1,18.9,19.0,-0.10,181,64.290000000000006,50.85
2012/05/31,184711,3499111,18.9,19.1,18.75,19.05,+0.05,99,71.430000000000007,57.71
2012/06/01,136920,2601289,19.1,19.2,18.85,18.9,-0.15,88,50.0,55.14
2012/06/04,601660,11109425,18.65,18.65,18.2,18.3,-0.60,264,9.5199999999999996,39.93
2012/06/05,170027,3157076,18.4,18.65,18.4,18.6,+0.30,80,38.100000000000001,39.32
2012/06/06,96102,1805158,18.65,18.85,18.65,18.75,+0.15,72,52.380000000000003,43.67
2012/06/07,177015,3340335,19.0,19.0,18.7,18.8,+0.05,116,57.140000000000001,48.16
2012/06/08,169549,3176500,18.7,18.9,18.65,18.75,-0.05,132,52.380000000000003,49.57
2012/06/11,272175,5173125,18.95,19.05,18.9,19.0,+0.25,138,80.0,59.72
2012/06/12,285000,5431250,19.0,19.2,18.95,19.2,+0.20,120,100.0,73.14
2012/06/13,390943,7507867,19.3,19.3,19.15,19.15,-0.05,219,86.359999999999999,77.55
2012/06/14,275251,5275903,19.15,19.3,19.1,19.1,-0.05,127,81.819999999999993,78.97
2012/06/15,304322,5848529,19.2,19.3,19.15,19.15,+0.05,126,83.329999999999998,80.43
2012/06/18,539232,10372498,19.3,19.3,19.2,19.3,+0.15,233,100.0,86.95
2012/06/19,285598,5489402,19.3,19.3,19.15,19.25,-0.05,112,92.310000000000002,88.74
2012/06/20,621808,12018747,19.25,19.35,19.25,19.35,+0.10,192,100.0,92.49
2012/06/21,554041,10706037,19.4,19.4,19.3,19.35,0.00,195,90.0,91.66
2012/06/22,219007,4227340,19.3,19.35,19.25,19.3,-0.05,101,77.780000000000001,87.04
2012/06/25,484024,9374563,19.3,19.45,19.3,19.35,+0.05,197,71.430000000000007,81.84
2012/06/26,433627,8417032,19.35,19.45,19.35,19.4,+0.05,182,85.709999999999994,83.13
2012/06/27,434817,8478640,19.4,19.55,19.4,19.55,+0.15,186,100.0,88.75
2012/06/28,830082,16322011,19.6,19.75,19.6,19.75,+0.20,300,100.0,92.50
2012/06/29,622035,12337709,19.85,19.9,19.8,19.85,+0.10,277,93.329999999999998,92.78
2012/07/02,820071,16373904,19.9,20.0,19.9,19.9,+0.05,319,86.670000000000002,90.74
2012/07/03,1034635,20643707,19.9,20.0,19.9,19.95,+0.05,375,93.329999999999998,91.60
2012/07/04,2957798,59184260,20.0,20.1,19.95,19.95,0.00,906,82.349999999999994,88.52
2012/07/05,2062514,37216502,18.1,18.15,17.85,17.9,X0.00,735,2.2200000000000002,59.75
2012/07/06,649552,11535608,17.9,18.0,17.6,17.6,-0.30,359,0.0,39.83
2012/07/09,488216,8509167,17.5,17.55,17.35,17.35,-0.25,227,0.0,26.55
2012/07/10,284358,4952088,17.35,17.55,17.25,17.4,+0.05,144,5.2599999999999998,19.45
2012/07/11,314609,5491755,17.4,17.55,17.4,17.4,0.00,134,5.2599999999999998,14.72
2012/07/12,334367,5768239,17.4,17.5,17.15,17.15,-0.25,148,0.0,9.81
2012/07/13,461230,7857440,17.0,17.15,16.95,17.05,-0.10,193,3.1699999999999999,7.60
2012/07/16,382412,6476654,17.1,17.15,16.8,16.9,-0.15,156,3.0299999999999998,6.08
2012/07/17,241410,4098320,16.8,17.1,16.8,17.1,+0.20,117,22.219999999999999,11.46
2012/07/18,158553,2716601,17.25,17.3,17.0,17.0,-0.10,90,16.670000000000002,13.20
2012/07/19,149313,2561264,17.2,17.25,17.05,17.15,+0.15,59,46.670000000000002,24.36
2012/07/20,207650,3551514,17.15,17.15,17.0,17.15,0.00,80,46.670000000000002,31.80
2012/07/23,177780,3009072,17.15,17.15,16.9,16.9,-0.25,100,13.33,25.64
2012/07/24,202614,3409345,16.8,16.9,16.8,16.8,-0.10,109,0.0,17.09
2012/07/25,136396,2315320,16.8,17.1,16.8,16.95,+0.15,93,30.0,21.39
2012/07/26,79004,1348168,17.0,17.15,17.0,17.0,+0.05,59,40.0,27.59
2012/07/27,71540,1227430,17.15,17.2,17.1,17.15,+0.15,52,70.0,41.72
2012/07/30,142201,2461625,17.2,17.4,17.2,17.35,+0.20,102,91.670000000000002,58.37
2012/07/31,193748,3360540,17.4,17.5,17.2,17.5,+0.15,105,100.0,72.24
2012/08/01,201426,3515253,17.45,17.55,17.35,17.5,0.00,108,93.329999999999998,79.27
2012/08/03,132585,2308495,17.5,17.55,17.3,17.35,-0.15,91,73.329999999999998,77.29
2012/08/06,163973,2867227,17.4,17.55,17.4,17.45,+0.10,90,86.670000000000002,80.42
2012/08/07,152401,2651584,17.45,17.45,17.35,17.4,-0.05,68,80.0,80.28
2012/08/08,105452,1837353,17.4,17.5,17.35,17.4,0.00,65,72.730000000000004,77.76
2012/08/09,283886,5001580,17.5,17.7,17.45,17.7,+0.30,139,100.0,85.17
2012/08/10,135767,2411321,17.75,17.9,17.7,17.7,0.00,87,71.430000000000007,80.59
2012/08/13,198994,3514289,17.7,17.8,17.55,17.65,-0.05,91,64.290000000000006,75.16
2012/08/14,169894,3009683,17.6,17.85,17.6,17.7,+0.05,81,66.670000000000002,72.33
2012/08/15,285112,5029520,17.8,17.8,17.5,17.55,-0.15,126,41.670000000000002,62.11
2012/08/16,355421,6289900,17.55,17.75,17.55,17.7,+0.15,135,63.640000000000001,62.62
2012/08/17,1113312,20050402,17.8,18.15,17.8,17.9,+0.20,356,68.75,64.67
2012/08/20,385290,6918736,18.15,18.15,17.85,17.9,0.00,149,68.75,66.03
2012/08/21,310704,5578022,18.0,18.05,17.85,18.0,+0.10,118,78.569999999999993,70.21
2012/08/22,166153,2985383,17.9,18.05,17.9,18.05,+0.05,82,84.620000000000005,75.02
2012/08/23,517783,9385246,18.0,18.2,18.0,18.2,+0.15,162,100.0,83.34
2012/08/24,266051,4826971,18.2,18.25,18.1,18.2,0.00,138,93.329999999999998,86.67
2012/08/27,351282,6368567,18.25,18.25,18.05,18.15,-0.05,114,86.670000000000002,86.67
2012/08/28,459616,8350817,18.15,18.3,18.1,18.15,0.00,168,80.0,84.45
2012/08/29,242400,4398599,18.1,18.2,18.1,18.2,+0.05,93,80.0,82.97
2012/08/30,725089,13348087,18.25,18.5,18.25,18.4,+0.20,290,84.620000000000005,83.52
2012/08/31,450360,8273700,18.5,18.5,18.3,18.45,+0.05,156,92.310000000000002,86.45
2012/09/03,641934,11942768,18.55,18.75,18.5,18.7,+0.25,264,94.120000000000005,89.00
2012/09/04,270307,5040257,18.8,18.8,18.55,18.6,-0.10,150,75.0,84.33
2012/09/05,333721,6152515,18.6,18.6,18.35,18.4,-0.20,174,46.670000000000002,71.78
2012/09/06,428653,7950513,18.4,18.7,18.4,18.5,+0.10,184,60.0,67.85
2012/09/07,292690,5434762,18.5,18.65,18.5,18.55,+0.05,142,64.290000000000006,66.66
2012/09/10,542819,10167863,18.6,18.8,18.6,18.75,+0.20,235,92.859999999999999,75.39
2012/09/11,501660,9316692,18.75,18.75,18.45,18.45,-0.30,185,36.359999999999999,62.38
2012/09/12,283116,5247699,18.45,18.6,18.45,18.55,+0.10,124,50.0,58.26
2012/09/13,531511,9835524,18.6,18.6,18.45,18.45,-0.10,113,22.219999999999999,46.25
2012/09/14,418712,7746198,18.6,18.6,18.4,18.45,0.00,196,22.219999999999999,38.24
2012/09/17,380228,7025791,18.45,18.6,18.45,18.5,+0.05,121,33.329999999999998,36.60
2012/09/18,187415,3462632,18.45,18.55,18.4,18.5,0.00,113,25.0,32.73
2012/09/19,5168397,100618844,18.8,19.75,18.75,19.75,+1.25,1928,100.0,55.15
2012/09/20,2661153,52714832,19.9,20.2,19.45,19.65,-0.10,988,69.439999999999998,59.92
2012/09/21,938681,18251940,19.7,19.8,19.3,19.3,-0.35,414,50.0,56.62
2012/09/24,668568,12885687,19.35,19.5,19.1,19.3,0.00,311,50.0,54.42
2012/09/25,529078,10125690,19.45,19.45,19.0,19.0,-0.30,284,33.329999999999998,47.39
2012/09/26,372725,7104947,18.85,19.2,18.85,19.0,0.00,187,33.329999999999998,42.70
2012/09/27,641010,12408740,19.2,19.6,19.2,19.25,+0.25,318,47.219999999999999,44.21
2012/09/28,454756,8704802,19.5,19.55,19.0,19.2,-0.05,227,44.439999999999998,44.28
2012/10/01,182533,3479118,19.05,19.25,19.0,19.05,-0.15,93,20.690000000000001,36.42
2012/10/02,220099,4197581,19.2,19.2,19.0,19.0,-0.05,122,11.109999999999999,27.98
2012/10/03,163002,3100638,19.0,19.15,18.95,19.1,+0.10,86,26.32,27.42
2012/10/04,257954,4908220,19.1,19.1,18.9,19.1,0.00,150,33.329999999999998,29.39
2012/10/05,259820,4946459,19.2,19.2,19.0,19.05,-0.05,111,26.670000000000002,28.48
2012/10/08,324510,6135936,19.1,19.15,18.8,18.85,-0.20,150,6.25,21.07
2012/10/09,257553,4847439,18.85,19.0,18.7,18.7,-0.15,131,0.0,14.05
2012/10/11,437294,8122900,18.65,18.7,18.5,18.55,-0.15,168,4.7599999999999998,10.96
2012/10/12,293334,5459924,18.6,18.75,18.55,18.55,0.00,115,6.6699999999999999,9.53
2012/10/15,249313,4622302,18.55,18.6,18.5,18.55,0.00,104,7.1399999999999997,8.73
2012/10/16,198312,3687702,18.6,18.65,18.55,18.6,+0.05,85,14.289999999999999,10.58
2012/10/17,228264,4259383,18.9,18.9,18.55,18.6,0.00,111,14.289999999999999,11.81
2012/10/18,220602,4107184,18.75,18.75,18.55,18.6,0.00,77,14.289999999999999,12.63
2012/10/19,265170,4946848,18.7,18.7,18.6,18.65,+0.05,102,23.079999999999998,16.11
2012/10/22,258150,4799340,18.45,18.7,18.45,18.65,0.00,87,36.359999999999999,22.86
2012/10/23,146512,2731794,18.65,18.75,18.6,18.65,0.00,70,44.439999999999998,30.05
2012/10/24,260010,4858486,18.6,18.75,18.6,18.7,+0.05,77,55.560000000000002,38.55
2012/10/25,270081,5045654,18.7,18.75,18.6,18.6,-0.10,91,33.329999999999998,36.81
2012/10/26,796067,14741619,18.8,18.8,18.2,18.2,-0.40,230,0.0,24.54
2012/10/29,322472,5976133,18.2,18.75,18.2,18.55,+0.35,151,50.0,33.03
2012/10/30,456296,8628127,18.8,19.0,18.7,18.95,+0.40,239,93.75,53.27
2012/10/31,453400,8659026,19.15,19.25,18.95,18.95,0.00,199,71.430000000000007,59.32
2012/11/01,354550,6727953,19.0,19.0,18.9,19.0,+0.05,142,76.189999999999998,64.95
2012/11/02,2029292,39737396,19.25,19.9,19.15,19.3,+0.30,723,64.709999999999994,64.87
2012/11/05,735022,14264719,19.5,19.6,19.3,19.35,+0.05,314,67.650000000000006,65.80
2012/11/06,322329,6253828,19.35,19.5,19.3,19.5,+0.15,163,76.469999999999999,69.36
2012/11/07,364559,7128550,19.55,19.7,19.4,19.5,0.00,179,76.469999999999999,71.73
2012/11/08,260812,5056870,19.45,19.5,19.3,19.4,-0.10,116,70.590000000000003,71.35
2012/11/09,318798,6178737,19.4,19.5,19.2,19.45,+0.05,169,62.5,68.40
2012/11/12,282046,5489581,19.65,19.65,19.4,19.4,-0.05,105,50.0,62.27
2012/11/13,297127,5734867,19.45,19.45,19.2,19.3,-0.10,158,40.0,54.84
2012/11/14,212011,4135511,19.7,19.7,19.3,19.35,+0.05,97,26.670000000000002,45.45
2012/11/15,143412,2765469,19.25,19.4,19.15,19.25,-0.10,83,18.18,36.36
2012/11/16,238110,4577876,19.25,19.35,19.2,19.2,-0.05,112,9.0899999999999999,27.27
2012/11/19,401792,7652187,19.4,19.4,18.95,19.0,-0.20,185,6.6699999999999999,20.40
2012/11/20,220117,4182449,19.2,19.2,18.95,18.95,-0.05,89,0.0,13.60
2012/11/21,668350,12556709,18.9,19.0,18.6,18.65,-0.30,277,4.5499999999999998,10.59
2012/11/22,728103,13557928,18.65,18.8,18.5,18.75,+0.10,180,20.829999999999998,14.00
2012/11/23,260019,4921261,18.85,19.0,18.8,19.0,+0.25,133,41.670000000000002,23.22
2012/11/26,301658,5725915,19.0,19.0,18.9,18.95,-0.05,123,37.5,27.98
2012/11/27,424554,8065476,19.0,19.05,18.95,19.0,+0.05,110,55.560000000000002,37.17
2012/11/28,264464,5031016,19.0,19.1,18.95,19.1,+0.10,107,66.670000000000002,47.00
2012/11/29,615272,11712858,19.1,19.15,19.0,19.15,+0.05,191,72.219999999999999,55.40
2012/11/30,432174,8254563,19.15,19.15,19.0,19.05,-0.10,180,78.569999999999993,63.12
2012/12/03,241407,4630252,19.1,19.25,19.05,19.15,+0.10,129,86.670000000000002,70.97
2012/12/04,360396,6948601,19.2,19.4,19.15,19.3,+0.15,193,88.890000000000001,76.94
2012/12/05,411853,7989523,19.35,19.5,19.25,19.3,0.00,205,71.430000000000007,75.10
2012/12/06,462900,9019350,19.4,19.65,19.3,19.4,+0.10,257,66.670000000000002,72.29
2012/12/07,272550,5299808,19.4,19.55,19.35,19.35,-0.05,110,57.140000000000001,67.24
2012/12/10,195567,3779697,19.45,19.45,19.2,19.25,-0.10,90,42.859999999999999,59.12
2012/12/11,709440,13843634,19.35,19.7,19.35,19.4,+0.15,335,57.140000000000001,58.46
2012/12/12,234242,4565518,19.6,19.6,19.45,19.45,+0.05,102,64.290000000000006,60.40
2012/12/13,399461,7814360,19.5,19.65,19.5,19.55,+0.10,151,76.920000000000002,65.91
2012/12/14,330293,6448425,19.65,19.65,19.45,19.5,-0.05,164,63.640000000000001,65.15
2012/12/17,189879,3706061,19.55,19.6,19.45,19.5,0.00,89,60.0,63.43
2012/12/18,327904,6407627,19.65,19.65,19.5,19.5,0.00,126,60.0,62.29
2012/12/19,302500,5926693,19.5,19.65,19.5,19.6,+0.10,147,80.0,68.20
2012/12/20,511016,9950504,19.55,19.65,19.35,19.4,-0.20,170,40.0,58.80
2012/12/21,465950,8976134,19.4,19.4,19.2,19.25,-0.15,164,10.0,42.53
2012/12/22,74090,1431277,19.3,19.35,19.25,19.3,+0.05,58,22.219999999999999,35.76
2012/12/24,120184,2323196,19.3,19.45,19.25,19.3,0.00,74,22.219999999999999,31.25
2012/12/25,1133173,22270673,19.3,19.75,19.3,19.65,+0.35,377,81.819999999999993,48.10
2012/12/26,2578876,51453369,19.7,20.1,19.5,20.0,+0.35,875,88.890000000000001,61.70
2012/12/27,3153064,63488931,20.1,20.3,19.95,20.3,+0.30,1040,100.0,74.46
2012/12/28,980674,19813845,20.3,20.4,20.05,20.2,-0.10,416,83.329999999999998,77.42
2013/01/02,1831973,37712037,20.3,20.7,20.3,20.45,+0.25,739,83.329999999999998,79.39
2013/01/03,1166419,24117424,20.4,20.9,20.4,20.6,+0.15,499,82.349999999999994,80.38
2013/01/04,749798,15462578,20.5,20.75,20.45,20.6,0.00,359,81.819999999999993,80.86
2013/01/07,1048347,21578096,20.6,20.7,20.45,20.65,+0.05,399,84.849999999999994,82.19
2013/01/08,638233,13144958,20.7,20.8,20.5,20.65,0.00,236,84.370000000000005,82.91
2013/01/09,836785,17344341,20.55,20.85,20.55,20.85,+0.20,316,96.430000000000007,87.41
2013/01/10,1992715,41639616,20.9,21.15,20.65,20.9,+0.05,660,79.170000000000002,84.66
2013/01/11,508781,10574362,20.85,20.95,20.7,20.85,-0.05,216,72.730000000000004,80.68
2013/01/14,388953,8090221,20.75,20.95,20.65,20.8,-0.05,158,58.82,73.40
2013/01/15,913242,18765956,20.8,20.8,20.45,20.45,-0.35,311,6.6699999999999999,51.15
2013/01/16,593162,12111419,20.45,20.55,20.3,20.4,-0.05,231,11.76,38.02
2013/01/17,1039857,21105590,20.6,20.65,19.95,20.0,-0.40,366,4.1699999999999999,26.74
2013/01/18,516971,10465608,20.05,20.4,20.05,20.35,+0.35,222,33.329999999999998,28.94
2013/01/21,511400,10493148,20.35,20.65,20.3,20.6,+0.25,221,54.170000000000002,37.35
2013/01/22,390474,8067089,20.65,20.7,20.55,20.55,-0.05,199,50.0,41.57
2013/01/23,281251,5773693,20.55,20.6,20.45,20.6,+0.05,112,65.0,49.38
2013/01/24,206566,4239493,20.6,20.6,20.45,20.55,-0.05,95,60.0,52.92
2013/01/25,342264,7052975,20.55,20.75,20.45,20.55,0.00,188,70.590000000000003,58.81
2013/01/28,289904,5956543,20.55,20.65,20.5,20.5,-0.05,99,68.75,62.13
2013/01/29,381650,7859249,20.5,20.7,20.45,20.65,+0.15,158,87.5,70.59
2013/01/30,210445,4346368,20.65,20.8,20.6,20.65,0.00,135,80.0,73.73
2013/01/31,247928,5110178,20.65,20.7,20.45,20.55,-0.10,127,50.0,65.82
2013/02/01,618720,12710707,20.55,20.65,20.5,20.5,-0.05,214,14.289999999999999,48.64
2013/02/04,627174,12949955,20.55,20.8,20.5,20.75,+0.25,249,85.709999999999994,61.00
2013/02/05,440881,9161744,20.7,20.9,20.6,20.9,+0.15,211,100.0,74.00
2013/02/06,1288805,27270252,20.95,21.35,20.95,21.1,+0.20,492,72.219999999999999,73.40
2013/02/18,2871713,62716735,21.6,22.05,21.4,21.95,+0.85,821,93.75,80.18
2013/02/19,1488704,33236439,22.0,22.6,21.95,22.3,+0.35,628,86.049999999999997,82.13
2013/02/20,1017285,22652739,22.4,22.5,22.0,22.4,+0.10,403,90.700000000000003,84.98
2013/02/21,1226243,27075595,22.35,22.35,21.8,22.0,-0.40,369,72.090000000000003,80.68
2013/02/22,531965,11639277,22.0,22.0,21.7,21.9,-0.10,216,66.670000000000002,76.01
2013/02/23,919353,20381715,22.25,22.3,21.95,22.15,+0.25,289,78.569999999999993,76.86
2013/02/25,975959,21972575,22.15,22.75,22.1,22.5,+0.35,414,88.370000000000005,80.70
2013/02/26,858728,19190318,22.15,22.5,22.15,22.3,-0.20,404,75.0,78.80
2013/02/27,322413,7181925,22.5,22.5,22.15,22.2,-0.10,174,59.259999999999998,72.28
2013/03/01,421307,9349428,22.3,22.45,22.1,22.1,-0.10,279,38.100000000000001,60.89
2013/03/04,340666,7539502,22.2,22.25,22.05,22.05,-0.05,182,33.329999999999998,51.70
2013/03/05,372944,8231113,22.05,22.15,21.95,22.1,+0.05,164,38.100000000000001,47.17
2013/03/06,312802,6919381,22.1,22.25,22.05,22.1,0.00,126,38.100000000000001,44.15
2013/03/07,520123,11477910,22.1,22.25,21.95,22.05,-0.05,231,12.5,33.60
2013/03/08,477585,10547932,22.1,22.2,22.0,22.05,0.00,208,12.5,26.57
2013/03/11,1068070,23940963,22.15,22.75,22.1,22.5,+0.45,419,68.75,40.63
2013/03/12,613574,13801122,22.7,22.7,22.3,22.35,-0.15,278,50.0,43.76
2013/03/13,2126626,48669113,22.4,23.25,22.4,22.95,+0.60,771,76.920000000000002,54.81
2013/03/14,756566,17404199,23.0,23.2,22.85,23.0,+0.05,327,80.769999999999996,63.46
2013/03/15,934635,21233168,23.1,23.1,22.45,22.75,-0.25,326,61.539999999999999,62.82
2013/03/18,582342,13249465,22.75,22.9,22.65,22.85,+0.10,229,69.230000000000004,64.96
2013/03/19,500224,11471707,23.0,23.1,22.85,22.9,+0.05,181,73.079999999999998,67.67
2013/03/20,502695,11556979,22.9,23.1,22.9,22.95,+0.05,235,76.0,70.44
2013/03/21,3272397,78566301,23.95,24.35,23.7,23.75,+0.80,1209,73.329999999999998,71.40
2013/03/22,1053272,25162624,23.85,24.0,23.6,23.9,+0.15,504,78.049999999999997,73.62
2013/03/25,1039566,24938681,24.0,24.15,23.9,23.95,+0.05,405,79.489999999999995,75.58
2013/03/26,861442,20682948,24.0,24.1,23.95,24.0,+0.05,307,81.579999999999998,77.58
2013/03/27,991729,23950356,24.1,24.25,24.05,24.2,+0.20,463,92.109999999999999,82.42
2013/03/28,935000,22565817,24.25,24.3,24.0,24.1,-0.10,448,85.290000000000006,83.38
2013/03/29,692292,16723732,24.1,24.25,24.1,24.15,+0.05,350,86.670000000000002,84.48
2013/04/01,1812361,44854362,24.8,24.9,24.6,24.65,+0.50,708,87.5,85.49
2013/04/02,786951,19458316,24.8,24.85,24.55,24.7,+0.05,341,84.620000000000005,85.20
2013/04/03,912349,22527863,24.8,24.8,24.6,24.7,0.00,358,84.620000000000005,85.01
2013/04/08,2073422,49883646,24.3,24.4,23.85,24.0,-0.70,753,14.289999999999999,61.43
2013/04/09,759133,18259342,24.0,24.2,24.0,24.0,0.00,363,14.289999999999999,45.71
2013/04/10,683507,16579069,24.0,24.45,24.0,24.4,+0.40,316,52.380000000000003,47.93
2013/04/11,1018000,25099493,24.5,24.75,24.5,24.65,+0.25,418,76.189999999999998,57.35
2013/04/12,525167,12842519,24.7,24.7,24.3,24.5,-0.15,234,61.899999999999999,58.86
2013/04/15,745437,18362496,24.5,24.8,24.5,24.65,+0.15,249,76.189999999999998,64.64
2013/04/16,445324,10881799,24.5,24.65,24.2,24.65,0.00,218,80.0,69.76
2013/04/17,829700,20609008,24.9,24.9,24.7,24.75,+0.10,305,85.709999999999994,75.08
2013/04/18,401694,9934708,24.75,24.85,24.65,24.75,0.00,194,85.709999999999994,78.62
2013/04/19,1090804,27204466,24.95,25.05,24.85,25.0,+0.25,324,95.239999999999995,84.16
2013/04/22,1718363,43782649,25.0,25.7,25.0,25.65,+0.65,625,97.060000000000002,88.46
2013/04/23,919622,23507145,25.7,25.7,25.4,25.6,-0.05,363,93.329999999999998,90.08
2013/04/24,1509528,39166128,25.6,26.1,25.6,26.0,+0.40,542,94.739999999999995,91.63
2013/04/25,913057,23584684,25.9,26.0,25.7,25.9,-0.10,371,89.469999999999999,90.91
2013/04/26,884719,23026844,25.9,26.2,25.85,25.85,-0.05,355,82.5,88.11
2013/04/29,910249,23323697,25.9,25.9,25.45,25.5,-0.35,383,54.840000000000003,77.02
2013/04/30,1206975,30624760,25.5,25.55,25.3,25.45,-0.05,553,51.609999999999999,68.55
2013/05/02,1286522,32624931,25.45,25.55,25.25,25.45,0.00,460,44.439999999999998,60.51
2013/05/03,556285,14233046,25.5,25.65,25.5,25.6,+0.15,277,50.0,57.01
2013/05/06,755854,19570121,25.9,26.0,25.8,25.85,+0.25,334,63.159999999999997,59.06
2013/05/07,1140170,29232890,25.95,26.0,25.5,25.6,-0.25,493,36.840000000000003,51.65
2013/05/08,599819,15440375,25.7,25.85,25.6,25.75,+0.15,257,52.630000000000003,51.97
2013/05/09,1201839,31031150,25.75,25.9,25.7,25.9,+0.15,343,68.420000000000002,57.46
2013/05/10,1139816,29300016,25.75,25.9,25.55,25.75,-0.15,404,66.670000000000002,60.53
2013/05/13,654100,16748121,25.8,25.85,25.5,25.7,-0.05,270,60.0,60.35
2013/05/14,457133,11715306,25.8,25.8,25.55,25.65,-0.05,228,53.329999999999998,58.01
2013/05/15,2680981,69923998,25.65,26.4,25.6,26.2,+0.55,940,77.780000000000001,64.60
2013/05/16,2022076,53743902,26.7,26.75,26.4,26.5,+0.30,723,80.0,69.74
2013/05/17,1513882,40544311,26.6,26.9,26.55,26.7,+0.20,552,85.709999999999994,75.06
2013/05/20,2058000,55751398,26.8,27.3,26.75,27.3,+0.60,677,100.0,83.37
2013/05/21,2732066,76016385,27.35,28.15,27.35,28.0,+0.70,1002,94.340000000000003,87.03
2013/05/22,3004741,84669090,28.2,28.5,27.6,27.85,-0.15,1242,78.329999999999998,84.13
2013/05/23,2295128,63135009,27.7,27.75,27.3,27.45,-0.40,978,65.0,77.76
2013/05/24,1037078,28258415,27.5,27.65,26.9,27.15,-0.30,494,54.240000000000002,69.92
2013/05/27,1038944,28598431,27.2,27.85,27.2,27.85,+0.70,584,77.590000000000003,72.47
2013/05/28,922459,25600573,27.9,27.9,27.65,27.85,0.00,403,69.049999999999997,71.33
2013/05/29,2230727,62770623,27.9,28.3,27.9,28.25,+0.40,682,87.180000000000007,76.61
2013/05/30,2487601,70893915,28.25,28.75,28.25,28.6,+0.35,920,92.5,81.90
2013/05/31,1567311,44710911,28.7,28.85,28.4,28.5,-0.10,667,82.049999999999997,81.95
2013/06/03,1105075,31159161,28.3,28.3,28.1,28.2,-0.30,464,66.670000000000002,76.85
2013/06/04,982585,27588494,28.3,28.3,28.0,28.15,-0.05,439,64.099999999999994,72.60
2013/06/05,719073,20328812,28.15,28.4,28.1,28.3,+0.15,359,71.790000000000006,72.33
2013/06/06,618852,17405181,28.3,28.3,28.05,28.1,-0.20,314,54.549999999999997,66.40
2013/06/07,2324801,66841226,28.5,29.05,28.5,28.55,+0.45,871,64.290000000000006,65.70
2013/06/10,1100596,31482623,28.7,28.85,28.45,28.45,-0.10,476,47.829999999999998,59.74
2013/06/11,1840122,53000007,28.55,29.0,28.55,28.8,+0.35,651,76.189999999999998,65.23
2013/06/13,1318003,37929328,28.8,28.9,28.65,28.85,+0.05,796,80.950000000000003,70.47
2013/06/14,1069642,30775782,29.0,29.0,28.55,28.8,-0.05,497,76.189999999999998,72.38
2013/06/17,1152880,33105646,28.8,28.85,28.6,28.65,-0.15,595,61.899999999999999,68.88
2013/06/18,1090500,31560400,28.7,29.1,28.7,29.1,+0.45,550,100.0,79.25
2013/06/19,4533728,135407962,29.3,30.3,29.3,29.8,+0.70,1744,77.780000000000001,78.76
2013/06/20,2396647,71655586,29.8,30.1,29.6,30.1,+0.30,1208,89.189999999999998,82.24
2013/06/21,2413051,72358063,29.8,30.5,29.3,29.95,-0.15,1011,73.170000000000002,79.22
2013/06/24,2111509,64189293,30.5,30.7,30.05,30.65,+0.70,982,97.670000000000002,85.37
2013/06/25,2064927,61970947,30.35,30.35,29.8,29.9,-0.75,963,62.789999999999999,77.84
2013/06/26,4034480,122876172,30.0,31.1,30.0,30.85,+0.95,1394,90.200000000000003,81.96
2013/06/27,5051265,141009876,28.7,28.7,27.3,27.7,X0.00,1824,10.529999999999999,58.15
2013/06/28,3058994,83127380,27.7,27.8,26.9,27.3,-0.40,1286,9.5199999999999996,41.94
2013/07/01,1195385,32558941,27.3,27.6,27.05,27.6,+0.30,532,16.670000000000002,33.52
2013/07/02,1168361,32072307,27.7,27.75,27.2,27.2,-0.40,587,7.1399999999999997,24.73
2013/07/03,2117272,58518487,27.2,27.85,27.2,27.55,+0.35,1016,15.48,21.65
2013/07/04,600193,16617295,27.55,27.85,27.5,27.65,+0.10,368,17.859999999999999,20.38
2013/07/05,997957,27503464,27.75,27.75,27.4,27.55,-0.10,541,15.48,18.75
2013/07/08,1031564,28231917,27.55,27.55,27.2,27.4,-0.15,501,11.9,16.47
2013/07/09,1539776,42440819,27.4,27.85,27.05,27.7,+0.30,738,44.439999999999998,25.79
2013/07/10,2253490,63413713,27.9,28.3,27.8,28.2,+0.50,1001,92.859999999999999,48.14
2013/07/11,1220794,34616727,28.25,28.6,28.1,28.3,+0.10,715,80.650000000000006,58.97
2013/07/12,1506000,43130150,28.4,28.85,28.3,28.85,+0.55,775,100.0,72.64
2013/07/15,1102518,31827285,29.0,29.0,28.65,28.7,-0.15,561,84.620000000000005,76.64
2013/07/16,1675895,48503476,29.0,29.1,28.7,28.9,+0.20,813,90.239999999999995,81.17
2013/07/17,1261370,36473130,29.0,29.1,28.75,28.9,0.00,665,90.239999999999995,84.19
2013/07/18,1013707,29205688,28.8,29.0,28.65,28.8,-0.10,528,85.370000000000005,84.59
2013/07/19,1042825,29886014,29.0,29.0,28.5,28.6,-0.20,368,75.609999999999999,81.59
2013/07/22,743501,21201027,28.9,28.9,28.3,28.4,-0.20,405,46.149999999999999,69.77
2013/07/23,1173892,33441606,28.4,28.6,28.4,28.6,+0.20,646,50.0,63.18
2013/07/24,951819,27014103,28.7,28.7,28.3,28.4,-0.20,412,12.5,46.29
2013/07/25,1062351,30344019,28.5,28.8,28.45,28.55,+0.15,510,31.25,41.28
2013/07/26,485739,13834000,28.65,28.7,28.35,28.35,-0.20,248,6.25,29.60
2013/07/29,483502,13648281,28.4,28.45,28.1,28.2,-0.15,310,10.0,23.06
2013/07/30,590518,16741358,28.25,28.5,28.1,28.5,+0.30,284,44.439999999999998,30.18
2013/07/31,635762,18164739,28.7,28.7,28.4,28.4,-0.10,340,33.329999999999998,31.23
2013/08/01,391723,11174966,28.45,28.65,28.4,28.6,+0.20,246,62.5,41.65
2013/08/02,471594,13465892,28.75,28.75,28.4,28.45,-0.15,253,50.0,44.44
2013/08/05,734498,20878288,28.7,28.7,28.25,28.25,-0.20,322,21.43,36.77
2013/08/06,1078663,30680043,28.5,28.65,28.25,28.5,+0.25,583,57.140000000000001,43.56
2013/08/07,977623,27416908,28.5,28.5,27.75,27.75,-0.75,419,0.0,29.04
2013/08/08,588206,16416142,27.75,28.0,27.75,28.0,+0.25,366,25.0,27.69
2013/08/09,473883,13260288,28.0,28.05,27.85,28.0,0.00,340,25.0,26.79
2013/08/12,767345,21764880,28.0,28.5,28.0,28.45,+0.45,347,70.0,41.19
2013/08/13,926486,26421220,28.6,28.7,28.3,28.45,0.00,330,70.0,50.79
2013/08/14,1749170,48640655,28.35,28.35,27.55,27.6,-0.85,768,4.1699999999999999,35.25
2013/08/15,888860,24242540,27.55,27.55,27.0,27.4,-0.20,380,23.530000000000001,31.34
2013/08/16,443080,12143544,27.4,27.6,27.2,27.35,-0.05,300,20.59,27.75
2013/08/19,554477,15130472,27.45,27.65,27.1,27.1,-0.25,335,5.8799999999999999,20.46
2013/08/20,1369201,36187086,27.15,27.15,25.9,26.0,-1.10,653,3.5699999999999998,14.83
2013/08/22,1928033,48127026,24.7,25.25,24.7,25.05,-0.95,855,8.75,12.81
2013/08/23,467638,11856386,25.15,25.5,25.15,25.4,+0.35,282,17.5,14.37
2013/08/26,268900,6806158,25.4,25.4,25.2,25.3,-0.10,185,15.0,14.58
2013/08/27,263398,6667756,25.3,25.4,25.2,25.2,-0.10,184,13.699999999999999,14.29
2013/08/28,325786,8149605,25.15,25.15,24.85,25.1,-0.10,204,13.56,14.05
2013/08/29,934487,23954137,25.25,25.9,25.25,25.9,+0.80,530,40.68,22.93
2013/08/30,442463,11506457,26.05,26.1,25.9,26.0,+0.10,240,44.07,29.98
2013/09/02,372106,9658165,26.0,26.1,25.85,26.1,+0.10,178,57.140000000000001,39.04
2013/09/03,572129,14872111,26.1,26.15,25.8,25.85,-0.25,313,79.310000000000002,52.47
2013/09/04,340796,8832525,25.85,26.05,25.85,26.0,+0.15,232,88.459999999999994,64.47
2013/09/05,404951,10584368,26.0,26.2,26.0,26.2,+0.20,185,100.0,76.31
2013/09/06,419500,11107800,26.2,26.65,26.2,26.5,+0.30,226,91.670000000000002,81.43
2013/09/09,450150,12001661,26.6,26.8,26.5,26.75,+0.25,273,97.439999999999998,86.77
2013/09/10,675393,18129351,26.75,27.1,26.6,26.7,-0.05,372,78.379999999999995,83.98
2013/09/11,308490,8131833,26.7,26.7,26.2,26.5,-0.20,147,53.850000000000001,73.94
2013/09/12,363330,9546228,26.6,26.6,26.15,26.2,-0.30,216,30.77,59.55
2013/09/13,272430,7185557,26.2,26.55,26.2,26.3,+0.10,200,38.460000000000001,52.52
2013/09/14,170186,4495406,26.5,26.5,26.3,26.45,+0.15,84,48.0,51.01
2013/09/16,231475,6135986,26.45,26.6,26.45,26.5,+0.05,112,45.450000000000003,49.16
2013/09/17,310897,8270727,26.6,26.7,26.5,26.5,0.00,163,36.840000000000003,45.05
2013/09/18,172921,4588363,26.6,26.6,26.45,26.55,+0.05,94,42.109999999999999,44.07
2013/09/23,400678,10643093,26.7,26.7,26.5,26.5,-0.05,187,36.840000000000003,41.66
2013/09/24,225113,5948788,26.6,26.6,26.3,26.3,-0.20,114,27.27,36.86
2013/09/25,242445,6382851,26.55,26.55,26.25,26.3,0.00,181,27.27,33.66
2013/09/26,315000,8257750,26.3,26.35,26.15,26.2,-0.10,163,9.0899999999999999,25.47
2013/09/27,901701,23287326,26.4,26.4,25.6,25.75,-0.45,477,13.640000000000001,21.53
2013/09/30,599532,15443456,25.6,26.2,25.45,26.2,+0.45,308,60.0,34.35
2013/10/01,265332,6922348,26.2,26.2,26.0,26.2,0.00,153,60.0,42.90
2013/10/02,177662,4653625,26.3,26.3,26.1,26.1,-0.10,101,52.0,45.93
2013/10/03,356250,9396509,26.1,26.45,26.1,26.3,+0.20,197,68.0,53.29
2013/10/04,354963,9369220,26.45,26.5,26.3,26.5,+0.20,182,91.299999999999997,65.96
2013/10/07,749100,19954560,26.5,26.8,26.4,26.75,+0.25,230,96.299999999999997,76.07
2013/10/08,229320,6121708,26.5,26.85,26.5,26.7,-0.05,120,89.290000000000006,80.47
2013/10/09,232108,6166282,26.6,26.65,26.4,26.45,-0.25,118,71.430000000000007,77.46
2013/10/11,467601,12496655,26.8,26.95,26.5,26.6,+0.15,196,76.670000000000002,77.20
2013/10/14,153751,4074885,26.6,26.7,26.3,26.45,-0.15,74,47.369999999999997,67.26
2013/10/15,267399,7092620,26.45,26.7,26.45,26.55,+0.10,163,52.939999999999998,62.49
2013/10/16,229595,6067886,26.4,26.55,26.35,26.45,-0.10,139,41.18,55.39
2013/10/17,164992,4379226,26.55,26.65,26.4,26.55,+0.10,83,38.460000000000001,49.75
2013/10/18,184357,4890088,26.5,26.6,26.45,26.55,0.00,100,38.460000000000001,45.99
2013/10/21,268102,7122917,26.55,26.65,26.45,26.65,+0.10,148,53.850000000000001,48.61
2013/10/22,268855,7147341,26.6,26.65,26.5,26.55,-0.10,115,38.460000000000001,45.23
2013/10/23,257878,6807293,26.5,26.6,26.1,26.25,-0.30,141,17.649999999999999,36.03
2013/10/24,133270,3503550,26.25,26.4,26.2,26.3,+0.05,75,33.329999999999998,35.13
2013/10/25,176091,4628288,26.3,26.35,26.2,26.25,-0.05,93,25.0,31.75
2013/10/28,166342,4351042,26.25,26.25,26.1,26.2,-0.05,85,18.18,27.23
2013/10/29,231795,6042839,26.15,26.2,25.95,25.95,-0.25,140,0.0,18.15
2013/10/30,140235,3667071,26.0,26.2,26.0,26.2,+0.25,68,35.710000000000001,24.00
2013/10/31,179102,4688752,26.2,26.3,26.1,26.1,-0.10,84,21.43,23.14
2013/11/01,318151,8287507,26.15,26.2,25.9,25.9,-0.20,136,0.0,15.43
2013/11/04,256370,6614204,25.9,25.95,25.7,25.75,-0.15,179,5.5599999999999996,12.14
2013/11/05,414859,10627979,25.65,25.7,25.5,25.55,-0.20,203,5.5599999999999996,9.94
2013/11/06,590271,14927651,25.3,25.4,25.2,25.2,-0.35,317,0.0,6.63
2013/11/07,248498,6260300,25.2,25.3,25.1,25.25,+0.05,127,12.5,8.59
2013/11/08,243570,6181413,25.25,25.6,25.2,25.4,+0.15,129,25.0,14.06
2013/11/11,218727,5595252,25.4,25.7,25.4,25.6,+0.20,126,41.670000000000002,23.26
2013/11/12,760813,19770151,25.6,26.3,25.55,26.3,+0.70,373,100.0,48.84
2013/11/13,2054725,56175479,26.7,27.75,26.7,27.15,+0.85,1000,77.359999999999999,58.35
2013/11/14,2103075,58153525,27.4,28.0,27.3,27.8,+0.65,923,93.099999999999994,69.93
2013/11/15,890965,24731432,27.95,27.95,27.55,27.7,-0.10,406,89.659999999999997,76.51
2013/11/18,664022,18407208,27.85,27.9,27.55,27.8,+0.10,295,93.099999999999994,82.04
2013/11/19,543226,15024373,27.8,27.85,27.55,27.6,-0.20,273,86.209999999999994,83.43
2013/11/20,481414,13332837,27.5,27.8,27.5,27.75,+0.15,228,91.069999999999993,85.98
2013/11/21,264287,7303434,27.75,27.75,27.55,27.65,-0.10,165,86.540000000000006,86.17
2013/11/22,654300,18046253,27.6,27.75,27.5,27.5,-0.15,299,79.590000000000003,83.98
2013/11/25,468312,12916712,27.5,27.7,27.5,27.6,+0.10,259,69.230000000000004,79.07
2013/11/26,498595,13832551,27.6,27.8,27.6,27.75,+0.15,313,64.290000000000006,74.14
2013/11/27,655652,18263584,27.75,27.95,27.7,27.85,+0.10,304,77.780000000000001,75.36
2013/11/28,708935,19838830,27.85,28.1,27.85,28.1,+0.25,340,100.0,83.57
2013/11/29,843509,23789077,28.1,28.4,27.95,28.4,+0.30,388,100.0,89.04
2013/12/02,1064817,30543434,28.4,28.95,28.3,28.9,+0.50,511,96.549999999999997,91.54
2013/12/03,1057480,30473845,28.85,29.1,28.6,28.75,-0.15,526,78.120000000000005,87.07
2013/12/04,643929,18533618,28.8,28.9,28.65,28.75,0.00,364,78.120000000000005,84.09
2013/12/05,818138,23552273,28.7,28.95,28.6,28.95,+0.20,417,90.620000000000005,86.27
2013/12/06,1507873,43671288,28.75,29.15,28.75,28.9,-0.05,357,83.870000000000005,85.47
2013/12/09,757702,21922608,28.95,29.15,28.85,29.0,+0.10,303,89.659999999999997,86.87
2013/12/10,757892,21789903,29.0,29.0,28.65,28.8,-0.20,253,73.079999999999998,82.27
2013/12/11,942985,26938319,28.8,28.8,28.4,28.6,-0.20,243,54.170000000000002,72.91
2013/12/12,571110,16215517,28.5,28.6,28.25,28.45,-0.15,315,22.219999999999999,56.02
2013/12/13,335080,9570820,28.45,28.65,28.4,28.55,+0.10,276,33.329999999999998,48.46
2013/12/16,365126,10465100,28.8,28.8,28.5,28.7,+0.15,273,50.0,48.98
2013/12/17,252384,7260258,28.9,28.9,28.6,28.8,+0.10,177,61.109999999999999,53.02
2013/12/18,245350,7068029,28.9,28.9,28.6,28.8,0.00,199,61.109999999999999,55.72
2013/12/19,161068,4641395,28.85,28.85,28.75,28.75,-0.05,82,55.560000000000002,55.67
2013/12/20,761307,21684997,28.6,28.65,28.4,28.4,-0.35,315,20.0,43.78
2013/12/23,485298,13692238,28.4,28.4,28.05,28.15,-0.25,201,11.76,33.11
2013/12/24,373106,10478777,28.15,28.15,28.05,28.1,-0.05,190,5.8799999999999999,24.03
2013/12/25,462474,12956872,28.1,28.2,27.9,27.9,-0.20,258,0.0,16.02
2013/12/26,335503,9317353,27.6,27.85,27.6,27.8,-0.10,186,15.380000000000001,15.81
2013/12/27,504548,14005031,27.8,27.9,27.7,27.7,-0.10,265,7.6900000000000004,13.10
2013/12/30,542589,15053543,27.7,27.9,27.65,27.75,+0.05,217,11.539999999999999,12.58
2013/12/31,927341,25948498,27.85,28.35,27.75,28.1,+0.35,310,40.0,21.72
2014/01/02,313751,8863062,28.2,28.3,28.2,28.25,+0.15,150,61.899999999999999,35.11
2014/01/03,311084,8775602,28.25,28.35,28.1,28.1,-0.15,160,62.5,44.24
2014/01/06,747520,20762949,28.25,28.25,27.6,27.85,-0.25,388,33.329999999999998,40.60
2014/01/07,363743,10131238,27.8,27.95,27.75,27.95,+0.10,240,46.670000000000002,42.63
2014/01/08,448863,12509882,27.95,28.0,27.65,28.0,+0.05,285,53.329999999999998,46.20
2014/01/09,472625,13118541,28.05,28.05,27.55,27.9,-0.10,243,43.75,45.38
2014/01/10,523603,14415338,27.7,27.7,27.4,27.45,-0.45,261,5.2599999999999998,32.00
2014/01/13,1302067,35254109,27.2,27.45,26.95,27.25,-0.20,511,21.43,28.47
2014/01/14,693995,18681213,27.05,27.25,26.8,26.8,-0.45,389,0.0,18.98
2014/01/15,578411,15530241,26.8,27.0,26.75,26.75,-0.05,405,0.0,12.65
2014/01/16,394777,10658829,26.95,27.1,26.8,27.1,+0.35,296,23.329999999999998,16.21
2014/01/17,324404,8749458,27.1,27.1,26.8,27.0,-0.10,217,19.23,17.22
2014/01/20,286593,7700560,27.0,27.0,26.8,26.95,-0.05,166,15.380000000000001,16.61
2014/01/21,306551,8228603,26.85,26.95,26.8,26.8,-0.15,235,3.8500000000000001,12.35
2014/01/22,715755,18993253,26.6,26.7,26.45,26.6,-0.20,361,12.0,12.23
2014/01/23,683691,18134080,26.6,26.75,26.4,26.5,-0.10,446,9.5199999999999996,11.32
2014/01/24,304543,8124827,26.4,26.85,26.4,26.85,+0.35,199,52.939999999999998,25.20
2014/01/27,594222,16034649,26.85,27.2,26.6,27.1,+0.25,412,87.5,45.97
2014/02/05,455301,12269520,26.8,27.1,26.8,26.9,-0.20,309,62.5,51.48
2014/02/06,250273,6770615,27.0,27.2,26.85,27.15,+0.25,165,93.75,65.57
2014/02/07,277240,7532210,27.2,27.3,27.05,27.3,+0.15,208,100.0,77.04
2014/02/10,381706,10497844,27.3,27.6,27.3,27.55,+0.25,232,95.829999999999998,83.30
2014/02/11,590469,16065528,27.5,27.5,27.05,27.3,-0.25,300,75.0,80.53
2014/02/12,389182,10570788,27.1,27.4,27.1,27.15,-0.15,220,62.5,74.52
2014/02/13,200716,5461552,27.15,27.35,27.1,27.1,-0.05,131,58.329999999999998,69.12
2014/02/14,364731,9899657,27.25,27.4,27.0,27.0,-0.10,179,40.0,59.41
2014/02/17,291699,7885273,27.1,27.15,27.0,27.1,+0.10,184,37.5,52.11
2014/02/18,300460,8100619,27.1,27.1,26.9,26.9,-0.20,170,6.6699999999999999,36.96
2014/02/19,373611,10053927,27.0,27.0,26.85,27.0,+0.10,223,20.0,31.31
2014/02/20,423235,11427574,27.0,27.15,26.85,27.1,+0.10,302,33.329999999999998,31.98
2014/02/21,309613,8380569,27.1,27.2,27.0,27.2,+0.10,206,53.850000000000001,39.27
2014/02/24,870910,23942968,27.2,27.65,27.2,27.6,+0.40,428,93.75,57.43
2014/02/25,436518,12022940,27.7,27.7,27.45,27.45,-0.15,236,70.590000000000003,61.82
2014/02/26,278382,7635542,27.6,27.6,27.35,27.5,+0.05,193,76.469999999999999,66.70
2014/02/27,339065,9281532,27.55,27.55,27.3,27.4,-0.10,175,64.709999999999994,66.04
2014/03/03,237701,6484658,27.4,27.4,27.2,27.25,-0.15,149,47.060000000000002,59.72
2014/03/04,193577,5261013,27.25,27.3,27.1,27.1,-0.15,133,29.41,49.61
2014/03/05,307569,8423293,27.25,27.5,27.2,27.5,+0.40,203,76.469999999999999,58.56
2014/03/06,1819953,51191608,28.0,28.3,28.0,28.25,+0.75,900,96.150000000000006,71.09
2014/03/07,1122939,31727157,28.5,28.5,27.95,28.0,-0.25,575,64.290000000000006,68.82
2014/03/10,932827,26220511,28.1,28.25,28.0,28.2,+0.20,422,78.569999999999993,72.07
2014/03/11,849188,23831185,28.2,28.25,27.95,28.1,-0.10,424,71.430000000000007,71.86
2014/03/12,536433,15014475,28.0,28.1,27.9,28.1,0.00,306,71.430000000000007,71.72
2014/03/13,499541,14029815,28.1,28.2,28.0,28.05,-0.05,266,67.859999999999999,70.43
2014/03/14,381293,10688925,28.0,28.1,27.95,28.05,0.00,269,67.859999999999999,69.57
2014/03/17,660929,18586131,28.1,28.3,28.0,28.3,+0.25,354,84.620000000000005,74.59
2014/03/18,579845,16345092,28.3,28.35,28.1,28.25,-0.05,306,58.329999999999998,69.17
2014/03/19,799619,22506923,28.3,28.3,27.95,28.0,-0.25,459,16.670000000000002,51.67
2014/03/20,763462,21474506,28.05,28.25,28.0,28.2,+0.20,379,66.670000000000002,56.67
2014/03/21,500134,14061915,28.1,28.2,28.05,28.15,-0.05,221,55.560000000000002,56.30
2014/03/24,701777,19751101,28.0,28.25,27.8,28.2,+0.05,388,72.730000000000004,61.77
2014/03/25,680854,19253247,28.2,28.4,28.2,28.35,+0.15,513,91.670000000000002,71.74
2014/03/26,1073327,30430457,28.35,28.4,28.25,28.4,+0.05,518,100.0,81.16
2014/03/27,798545,22572165,28.4,28.4,28.15,28.2,-0.20,472,66.670000000000002,76.33
2014/03/28,746280,21031739,28.1,28.3,28.1,28.15,-0.05,500,58.329999999999998,70.33
2014/03/31,669985,18934569,28.15,28.35,28.15,28.35,+0.20,391,91.670000000000002,77.45
2014/04/01,533859,15128195,28.35,28.4,28.25,28.4,+0.05,381,100.0,84.96
2014/04/02,649378,18414326,28.4,28.4,28.25,28.4,0.00,390,100.0,89.97
2014/04/03,726590,20602395,28.4,28.45,28.25,28.25,-0.15,425,69.230000000000004,83.06
2014/04/07,1948101,55938042,28.25,29.4,28.2,29.2,+0.95,939,84.620000000000005,83.58
2014/04/08,788681,22869511,29.2,29.2,28.8,29.1,-0.10,465,76.920000000000002,81.36
2014/04/09,662501,19241374,29.05,29.1,28.9,29.1,0.00,365,76.920000000000002,79.88
2014/04/10,779584,22656036,29.25,29.3,28.9,28.95,-0.15,483,65.379999999999995,75.04
2014/04/11,641784,18575672,28.9,29.1,28.8,28.9,-0.05,333,60.0,70.03
2014/04/14,544958,15634728,28.9,28.9,28.5,28.9,0.00,257,58.329999999999998,66.13
2014/04/15,504371,14607223,28.9,29.0,28.9,28.9,0.00,328,58.329999999999998,63.53
2014/04/16,418863,12128527,29.0,29.15,28.85,29.15,+0.25,296,79.170000000000002,68.74
2014/04/17,339216,9837001,29.1,29.1,28.85,29.1,-0.05,173,75.0,70.83
2014/04/18,201279,5830931,29.2,29.2,28.85,28.9,-0.20,112,50.0,63.89
2014/04/21,466293,13399997,28.8,28.9,28.65,28.7,-0.20,264,25.0,50.92
2014/04/22,528475,15101483,28.7,28.8,28.3,28.5,-0.20,259,20.0,40.62
2014/04/23,760351,21444329,28.3,28.55,28.0,28.15,-0.35,386,12.5,31.25
2014/04/24,437418,12414598,28.1,28.55,28.1,28.35,+0.20,246,29.170000000000002,30.55
2014/04/25,655608,18438333,28.45,28.5,27.85,28.2,-0.15,395,25.93,29.01
2014/04/28,465342,13012560,28.0,28.15,27.8,28.15,-0.05,268,25.0,27.67
2014/04/29,278501,7840826,28.2,28.2,28.1,28.15,0.00,150,25.0,26.78
2014/04/30,369446,10378381,28.15,28.2,28.0,28.1,-0.05,199,21.43,24.99
2014/05/02,336235,9539697,28.2,28.55,28.1,28.45,+0.35,210,59.090000000000003,36.36
2014/05/05,142379,4040535,28.45,28.5,28.2,28.3,-0.15,98,50.0,40.91
2014/05/06,205211,5826362,28.3,28.5,28.25,28.45,+0.15,107,86.670000000000002,56.16
2014/05/07,171800,4873388,28.5,28.5,28.3,28.4,-0.05,89,80.0,64.11
2014/05/08,203174,5752605,28.3,28.4,28.2,28.4,0.00,121,80.0,69.41
2014/05/09,325297,9215783,28.5,28.55,28.25,28.3,-0.10,195,66.670000000000002,68.49
2014/05/12,228629,6454097,28.3,28.3,28.2,28.25,-0.05,117,45.450000000000003,60.81
2014/05/13,185885,5239668,28.25,28.3,28.1,28.25,0.00,113,45.450000000000003,55.69
2014/05/14,244988,6881209,28.2,28.25,28.0,28.05,-0.20,150,9.0899999999999999,40.16
2014/05/15,238436,6686778,28.15,28.15,28.0,28.1,+0.05,138,18.18,32.83
2014/05/16,265100,7415620,28.0,28.05,27.9,28.05,-0.05,166,23.079999999999998,29.58
2014/05/19,247676,6916059,28.05,28.05,27.85,27.9,-0.15,156,7.1399999999999997,22.10
2014/05/20,216385,6031194,27.9,28.0,27.85,27.85,-0.05,124,0.0,14.73
2014/05/21,111068,3099522,27.85,28.0,27.85,28.0,+0.15,66,21.43,16.96
2014/05/22,201553,5632019,28.0,28.05,27.85,28.05,+0.05,131,44.439999999999998,26.12
2014/05/23,353081,9892868,28.05,28.1,27.95,28.1,+0.05,116,55.560000000000002,35.93
2014/05/26,492357,13906096,28.15,28.4,28.1,28.3,+0.20,242,81.819999999999993,51.22
2014/05/27,281158,7961687,28.4,28.4,28.2,28.3,0.00,154,81.819999999999993,61.42
2014/05/28,283419,8020862,28.3,28.35,28.2,28.25,-0.05,155,72.730000000000004,65.19
2014/05/29,372605,10505190,28.3,28.35,28.1,28.15,-0.10,200,54.549999999999997,61.64
2014/05/30,283440,7997362,28.2,28.35,28.05,28.35,+0.20,160,90.909999999999997,71.39
2014/06/03,244879,6874528,28.3,28.3,28.0,28.05,-0.30,170,36.359999999999999,59.71
2014/06/04,396900,11097507,28.0,28.05,27.9,27.9,-0.15,230,9.0899999999999999,42.84
2014/06/05,667407,18536759,27.9,27.9,27.7,27.75,-0.15,392,7.1399999999999997,30.94
2014/06/06,342326,9557342,27.75,28.05,27.7,28.0,+0.25,160,42.859999999999999,34.92
2014/06/09,370637,10392072,28.0,28.1,28.0,28.05,+0.05,153,50.0,39.95
2014/06/10,504451,14115431,27.95,28.1,27.9,28.0,-0.05,158,46.149999999999999,42.01
2014/06/11,680522,18978033,27.9,28.0,27.8,27.85,-0.15,349,23.079999999999998,35.70
2014/06/12,1209473,33339407,27.8,27.8,27.35,27.45,-0.40,647,10.0,27.13
2014/06/13,1056221,28620776,27.4,27.4,26.95,27.2,-0.25,530,18.52,24.26
2014/06/16,341996,9305288,27.2,27.3,27.15,27.2,0.00,180,21.739999999999998,23.42
2014/06/17,211100,5766708,27.2,27.4,27.15,27.35,+0.15,128,34.780000000000001,27.20
2014/06/18,470668,12961868,27.35,27.7,27.35,27.7,+0.35,294,65.219999999999999,39.87
2014/06/19,161359,4458086,27.7,27.7,27.55,27.65,-0.05,115,60.869999999999997,46.87
2014/06/20,395547,10937212,27.65,27.7,27.6,27.6,-0.05,223,56.520000000000003,50.09
2014/06/23,403309,11056382,27.6,27.7,27.2,27.3,-0.30,240,33.329999999999998,44.50
2014/06/24,193538,5295762,27.3,27.45,27.3,27.35,+0.05,137,47.060000000000002,45.36
2014/06/25,169312,4621931,27.35,27.35,27.2,27.35,0.00,88,53.329999999999998,48.02
2014/06/26,335008,9134774,27.25,27.35,27.2,27.35,0.00,211,36.359999999999999,44.13
2014/06/27,378335,10298226,27.35,27.35,27.15,27.25,-0.10,275,18.18,35.48
2014/06/30,327132,8877785,27.25,27.25,27.05,27.15,-0.10,186,15.380000000000001,28.78
2014/07/01,301322,8202251,27.15,27.35,27.15,27.35,+0.20,186,46.149999999999999,34.57
2014/07/02,345199,9398623,27.4,27.45,27.15,27.2,-0.15,194,23.079999999999998,30.74
2014/07/03,313884,8509168,27.2,27.2,27.05,27.1,-0.10,200,7.6900000000000004,23.05
2014/07/04,603469,16304584,27.1,27.1,26.95,27.05,-0.05,316,20.0,22.04
2014/07/07,698079,18789915,27.05,27.15,26.85,26.9,-0.15,356,8.3300000000000001,17.47
2014/07/08,1091404,29015745,26.85,26.85,26.45,26.6,-0.30,539,15.0,16.65
2014/07/09,877793,23113388,26.4,26.5,26.25,26.35,-0.25,533,8.3300000000000001,13.88
2014/07/10,606450,15931732,26.35,26.35,26.2,26.25,-0.10,347,4.0,10.58
2014/07/11,1414200,36718400,26.15,26.25,25.75,25.85,-0.40,656,5.8799999999999999,9.01
2014/07/14,1115865,28521989,25.85,25.85,25.4,25.55,-0.30,512,7.3200000000000003,8.45
2014/07/15,646775,16542986,25.55,25.85,25.35,25.8,+0.25,321,24.32,13.74
2014/07/16,633305,16528121,25.9,26.2,25.8,26.15,+0.35,407,44.439999999999998,23.97
2014/07/17,580003,15209326,26.2,26.3,26.15,26.25,+0.10,332,50.0,32.65
2014/07/18,472808,12437064,26.3,26.45,26.2,26.45,+0.20,269,73.329999999999998,46.21
2014/07/21,763938,20282500,26.6,26.7,26.45,26.45,0.00,413,81.480000000000004,57.97
2014/07/22,1658729,43567431,26.5,26.5,26.15,26.35,-0.10,676,74.069999999999993,63.34
2014/07/24,1244968,28937747,23.25,23.45,23.1,23.2,X0.00,707,2.7799999999999998,43.16
2014/07/25,1396907,31877895,23.3,23.3,22.6,22.75,-0.45,688,3.6600000000000001,29.99
2014/07/28,476125,10747080,22.7,22.7,22.5,22.55,-0.20,340,1.1899999999999999,20.39
2014/07/29,698567,15580363,22.55,22.55,22.2,22.25,-0.30,377,1.1100000000000001,13.96
2014/07/30,505601,11275300,22.3,22.4,22.15,22.35,+0.10,285,4.4000000000000004,10.78
2014/07/31,369994,8340051,22.4,22.65,22.4,22.5,+0.15,249,7.6900000000000004,9.75
2014/08/01,589636,13098566,22.5,22.5,22.0,22.1,-0.40,354,2.1299999999999999,7.21
2014/08/04,718781,15714880,22.1,22.15,21.7,21.85,-0.25,390,3.1299999999999999,5.85
2014/08/05,321650,7013133,21.85,21.95,21.75,21.75,-0.10,194,2.8599999999999999,4.85
2014/08/06,396341,8532662,21.7,21.8,21.35,21.4,-0.35,263,2.5600000000000001,4.08
2014/08/07,884241,18516721,21.2,21.2,20.8,20.8,-0.60,560,0.0,2.72
2014/08/08,959472,19332764,20.6,20.6,20.0,20.15,-0.65,522,5.6600000000000001,3.70
2014/08/11,829721,16697002,20.2,20.35,19.95,20.3,+0.15,409,12.960000000000001,6.79
2014/08/12,1398105,30133478,20.7,21.7,20.7,21.7,+1.40,624,64.810000000000002,26.13
2014/08/13,1863150,41001726,21.9,22.15,21.8,22.15,+0.45,884,86.269999999999996,46.18
2014/08/14,823960,18099623,22.4,22.5,21.75,21.75,-0.40,433,70.590000000000003,54.32
2014/08/15,560550,12288433,22.05,22.05,21.65,22.0,+0.25,287,80.390000000000001,63.01
2014/08/18,323001,7093822,22.1,22.1,21.9,22.0,0.00,156,80.390000000000001,68.81
2014/08/19,409533,9011590,22.1,22.1,21.85,22.1,+0.10,194,84.310000000000002,73.97
2014/08/20,245118,5439714,22.3,22.3,22.1,22.15,+0.05,153,86.269999999999996,78.07
2014/08/21,433236,9545876,22.1,22.2,21.85,21.9,-0.25,216,76.469999999999999,77.54
2014/08/22,437205,9673790,21.95,22.25,21.95,22.25,+0.35,223,86.109999999999999,80.39
2014/08/25,257301,5713005,22.3,22.3,22.1,22.3,+0.05,174,76.469999999999999,79.08
2014/08/26,578485,13058908,22.3,22.8,22.3,22.7,+0.40,321,91.299999999999997,83.15
2014/08/27,552080,12606520,22.9,22.95,22.7,22.85,+0.15,275,92.310000000000002,86.20
2014/08/28,354502,8115720,22.85,22.95,22.8,22.95,+0.10,177,100.0,90.80
2014/08/29,575827,13019032,22.95,22.95,22.3,22.3,-0.65,310,40.909999999999997,74.17
2014/09/01,255705,5762388,22.4,22.7,22.4,22.45,+0.15,157,54.549999999999997,67.63
2014/09/02,241216,5436846,22.6,22.75,22.45,22.45,0.00,140,54.549999999999997,63.27
2014/09/03,313571,7094561,22.75,22.75,22.5,22.55,+0.10,165,60.0,62.18
2014/09/04,177508,4014453,22.55,22.7,22.55,22.65,+0.10,109,64.709999999999994,63.02
2014/09/05,179122,4040824,22.75,22.75,22.45,22.55,-0.10,115,38.460000000000001,54.83
2014/09/09,179467,4080512,22.9,22.9,22.6,22.75,+0.20,101,69.230000000000004,59.63
2014/09/10,247054,5572479,22.75,22.75,22.45,22.65,-0.10,147,53.850000000000001,57.70
2014/09/11,135551,3063300,22.7,22.7,22.5,22.6,-0.05,97,46.149999999999999,53.85
2014/09/12,194556,4370319,22.55,22.55,22.35,22.4,-0.20,125,9.0899999999999999,38.93
2014/09/15,150532,3353620,22.4,22.4,22.1,22.4,0.00,114,37.5,38.45
2014/09/16,209927,4660076,22.4,22.4,22.05,22.15,-0.25,141,11.76,29.55
2014/09/17,316074,7035590,22.15,22.4,22.1,22.1,-0.05,249,5.8799999999999999,21.66
2014/09/18,168509,3727622,22.15,22.3,22.05,22.1,0.00,143,5.8799999999999999,16.40
2014/09/19,110601,2451562,22.05,22.35,22.05,22.15,+0.05,89,11.76,14.85
2014/09/22,238023,5242508,22.1,22.2,21.95,22.05,-0.10,161,12.5,14.07
2014/09/23,120982,2665354,22.0,22.2,22.0,22.0,-0.05,77,6.6699999999999999,11.60
2014/09/24,159115,3487854,22.0,22.0,21.85,21.95,-0.05,136,14.289999999999999,12.49
2014/09/25,266312,5791844,22.0,22.1,21.6,21.6,-0.35,181,0.0,8.33
2014/09/26,295958,6338395,21.6,21.6,21.2,21.4,-0.20,240,16.670000000000002,11.11
2014/09/29,204234,4355332,21.5,21.55,21.15,21.3,-0.10,125,12.0,11.41
2014/09/30,253500,5349096,21.25,21.35,20.95,21.35,+0.05,193,28.57,17.13
2014/10/01,201351,4285653,21.15,21.35,21.15,21.35,0.00,67,28.57,20.94
2014/10/02,158127,3357929,21.35,21.5,21.15,21.25,-0.10,143,24.0,21.96
2014/10/03,234552,4987186,21.25,21.4,21.2,21.25,0.00,157,24.0,22.64
2014/10/06,164971,3512820,21.3,21.4,21.2,21.25,0.00,89,26.09,23.79
2014/10/07,181152,3865651,21.25,21.45,21.15,21.45,+0.20,120,43.479999999999997,30.35
2014/10/08,119489,2558061,21.4,21.5,21.35,21.35,-0.10,72,61.539999999999999,40.74
2014/10/09,120006,2560226,21.4,21.5,21.25,21.35,0.00,95,66.670000000000002,49.38
2014/10/13,344869,7204249,20.7,21.2,20.7,20.75,-0.60,227,6.25,35.00
2014/10/14,157007,3273447,20.75,21.0,20.6,20.95,+0.20,136,38.890000000000001,36.29
2014/10/15,372556,7747364,20.95,21.0,20.6,20.65,-0.30,236,5.5599999999999996,26.04
2014/10/16,317318,6461357,20.6,20.6,20.1,20.6,-0.05,172,35.710000000000001,29.26
2014/10/17,228587,4671512,20.6,20.65,20.3,20.65,+0.05,156,39.289999999999999,32.61
2014/10/20,378398,8005723,20.9,21.75,20.7,21.25,+0.60,195,69.700000000000003,44.97
2014/10/21,186109,3974724,21.3,21.45,21.2,21.45,+0.20,128,81.819999999999993,57.25
2014/10/22,178012,3819502,21.75,21.75,21.3,21.35,-0.10,127,75.760000000000005,63.42
2014/10/23,155008,3314018,21.3,21.5,21.3,21.3,-0.05,99,72.730000000000004,66.52
2014/10/24,186019,3923199,21.4,21.4,20.95,21.0,-0.30,145,54.549999999999997,62.53
2014/10/27,168625,3537596,21.05,21.05,20.8,21.0,0.00,112,54.549999999999997,59.87
2014/10/28,158200,3335538,21.2,21.3,20.9,21.0,0.00,103,54.549999999999997,58.09
2014/10/29,149737,3150208,21.0,21.2,20.95,21.1,+0.10,121,55.170000000000002,57.12
2014/10/30,115279,2428563,21.3,21.3,21.05,21.05,-0.05,53,33.329999999999998,49.19
2014/10/31,326440,6979974,21.1,21.6,21.1,21.4,+0.35,187,63.159999999999997,53.84
2014/11/03,264811,5663695,21.4,21.5,21.3,21.35,-0.05,162,57.890000000000001,55.19
2014/11/04,138020,2945074,21.35,21.45,21.25,21.25,-0.10,77,56.25,55.54
2014/11/05,162264,3429553,21.25,21.35,21.05,21.1,-0.15,99,37.5,49.53
2014/11/06,147543,3107531,21.15,21.2,21.0,21.0,-0.10,80,25.0,41.35
2014/11/07,253250,5328473,21.0,21.25,20.95,21.0,0.00,161,14.289999999999999,32.33
2014/11/10,323121,6790802,21.0,21.15,20.95,21.05,+0.05,130,15.380000000000001,26.68
2014/11/11,290257,6168736,21.05,21.4,21.05,21.25,+0.20,157,46.149999999999999,33.17
2014/11/12,244516,5158986,21.4,21.4,21.0,21.2,-0.05,145,38.460000000000001,34.93
2014/11/13,367412,7752136,21.2,21.35,20.95,21.0,-0.20,192,9.0899999999999999,26.32
2014/11/14,219006,4601880,21.0,21.1,20.95,21.05,+0.05,103,20.0,24.22
2014/11/17,461501,9552546,20.85,20.9,20.6,20.6,-0.45,244,0.0,16.15
2014/11/18,426180,8682519,20.6,20.6,20.2,20.2,-0.40,222,0.0,10.77
2014/11/19,353501,7153368,20.4,20.4,20.1,20.25,+0.05,185,11.539999999999999,11.03
2014/11/20,330202,6701459,20.3,20.45,20.2,20.3,+0.05,124,15.380000000000001,12.48
2014/11/21,286402,5801510,20.3,20.4,20.2,20.3,0.00,158,15.380000000000001,13.45
2014/11/24,281975,5728636,20.3,20.4,20.25,20.25,-0.05,193,11.539999999999999,12.82
2014/11/25,1115483,22462025,20.2,20.25,20.05,20.15,-0.10,308,7.6900000000000004,11.11
2014/11/26,696518,14012534,20.15,20.25,20.05,20.05,-0.10,387,0.0,7.41
2014/11/27,334740,6719266,20.05,20.2,20.05,20.1,+0.05,182,5.8799999999999999,6.90
2014/11/28,299775,6085556,20.2,20.4,20.05,20.4,+0.30,142,63.640000000000001,25.81
2014/12/01,218235,4410542,20.15,20.4,20.05,20.4,0.00,140,87.5,46.38
2014/12/02,653203,13434479,20.45,20.7,20.25,20.5,+0.10,339,69.230000000000004,54.00
2014/12/03,757835,15915762,20.75,21.25,20.65,20.85,+0.35,422,66.670000000000002,58.22
2014/12/04,339436,7010166,20.85,20.95,20.5,20.6,-0.25,231,45.829999999999998,54.09
2014/12/05,443697,9113829,20.55,20.75,20.45,20.45,-0.15,297,33.329999999999998,47.17
2014/12/08,246660,5029826,20.5,20.5,20.35,20.4,-0.05,176,29.170000000000002,41.17
2014/12/09,185300,3768318,20.45,20.45,20.3,20.35,-0.05,134,25.0,35.78
2014/12/10,269621,5452579,20.35,20.35,20.15,20.2,-0.15,207,12.5,28.02
2014/12/11,174100,3507429,20.2,20.2,20.1,20.15,-0.05,117,8.3300000000000001,21.46
2014/12/12,126301,2554039,20.45,20.45,20.15,20.15,0.00,98,4.3499999999999996,15.76
2014/12/15,420440,8441553,20.15,20.15,20.0,20.0,-0.15,301,0.0,10.51
2014/12/16,441923,8867635,20.0,20.2,20.0,20.05,+0.05,301,5.2599999999999998,8.76
2014/12/17,703707,14086140,20.05,20.1,19.95,19.95,-0.10,358,0.0,5.84
2014/12/18,366501,7323870,20.0,20.1,19.95,19.95,0.00,270,0.0,3.89
2014/12/19,218088,4366810,19.95,20.2,19.95,20.0,+0.05,140,10.0,5.92
2014/12/22,405133,8084410,20.0,20.05,19.85,20.0,0.00,263,25.0,12.28
2014/12/23,211552,4262841,20.15,20.3,20.0,20.2,+0.20,135,58.329999999999998,27.63
2014/12/24,304304,6157298,20.2,20.35,20.15,20.2,0.00,141,58.329999999999998,37.86
2014/12/25,213034,4311384,20.3,20.3,20.2,20.25,+0.05,92,80.0,51.91
2014/12/26,263752,5342664,20.3,20.35,20.2,20.3,+0.05,147,90.0,64.61
2014/12/27,243332,4947704,20.35,20.4,20.3,20.3,0.00,106,81.819999999999993,70.34
2014/12/29,353720,7198972,20.35,20.45,20.25,20.25,-0.05,201,66.670000000000002,69.11
2014/12/30,261137,5296042,20.35,20.4,20.25,20.3,+0.05,108,75.0,71.07
2014/12/31,118580,2408764,20.45,20.45,20.25,20.35,+0.05,88,83.329999999999998,75.16
2015/01/05,196755,3976136,20.35,20.35,20.15,20.15,-0.20,121,33.329999999999998,61.22
2015/01/06,255100,5121058,20.1,20.2,20.0,20.05,-0.10,156,11.109999999999999,44.51
2015/01/07,265918,5335068,20.05,20.15,20.0,20.05,0.00,174,11.109999999999999,33.37
2015/01/08,173393,3483446,20.25,20.25,20.05,20.05,0.00,135,11.109999999999999,25.95
2015/01/09,259020,5200204,20.1,20.15,20.0,20.05,0.00,160,11.109999999999999,21.00
2015/01/12,84502,1695115,20.0,20.15,20.0,20.05,0.00,61,11.109999999999999,17.70
2015/01/13,197006,3950120,20.05,20.1,20.0,20.0,-0.05,146,0.0,11.80
2015/01/14,227342,4575456,20.1,20.25,20.0,20.15,+0.15,156,33.329999999999998,18.98
2015/01/15,163014,3285277,20.3,20.3,20.1,20.1,-0.05,113,28.57,22.17
2015/01/16,375880,7527992,20.1,20.2,20.0,20.05,-0.05,211,16.670000000000002,20.34
2015/01/19,229558,4594160,20.05,20.1,20.0,20.0,-0.05,138,0.0,13.56
2015/01/20,81700,1637667,20.0,20.15,20.0,20.1,+0.10,63,33.329999999999998,20.15
2015/01/21,422462,8440658,20.0,20.05,19.9,19.95,-0.15,236,12.5,17.60
2015/01/22,190115,3802460,19.95,20.1,19.95,20.0,+0.05,123,25.0,20.06
2015/01/23,891282,17738590,20.0,20.05,19.8,19.95,-0.05,321,30.0,23.37
2015/01/26,134005,2671800,19.95,20.0,19.9,19.9,-0.05,72,20.0,22.25
2015/01/27,466504,9267530,19.9,19.95,19.8,19.85,-0.05,245,10.0,18.16
2015/01/28,122301,2428649,19.95,19.95,19.8,19.85,0.00,78,12.5,16.28
2015/01/29,147005,2919100,19.85,19.95,19.8,19.85,0.00,111,14.289999999999999,15.61
2015/01/30,116267,2316741,19.9,20.0,19.85,19.95,+0.10,75,42.859999999999999,24.70
2015/02/02,288241,5730216,19.95,20.0,19.8,19.8,-0.15,172,0.0,16.47
2015/02/03,143210,2843429,19.8,19.95,19.8,19.85,+0.05,99,16.670000000000002,16.54
2015/02/04,280524,5561230,19.9,19.95,19.8,19.8,-0.05,190,0.0,11.03
2015/02/05,154029,3053817,19.8,19.95,19.8,19.8,0.00,112,0.0,7.35
2015/02/06,191019,3782680,19.85,19.95,19.75,19.8,0.00,136,20.0,11.57
2015/02/09,175758,3484986,19.85,19.95,19.8,19.95,+0.15,98,80.0,34.38
2015/02/10,160971,3203365,19.95,20.0,19.85,19.9,-0.05,136,60.0,42.92
2015/02/11,110160,2188300,19.95,20.0,19.8,19.85,-0.05,102,40.0,41.94
2015/02/12,172548,3430860,19.95,19.95,19.85,19.85,0.00,90,40.0,41.29
2015/02/13,459451,9205570,19.85,20.1,19.8,20.0,+0.15,213,71.430000000000007,51.34
2015/02/24,286102,5730790,20.0,20.2,19.9,19.95,-0.05,221,44.439999999999998,49.04
2015/02/25,243952,4871230,20.0,20.05,19.9,19.95,0.00,204,44.439999999999998,47.50
2015/02/26,323118,6460926,20.0,20.2,19.85,20.2,+0.25,223,100.0,65.00
2015/03/02,206409,4143233,20.2,20.2,20.0,20.15,-0.05,175,87.5,72.50
2015/03/03,302258,6101270,20.05,20.3,20.0,20.1,-0.05,177,60.0,68.33
2015/03/04,176994,3565074,20.2,20.25,20.1,20.15,+0.05,140,70.0,68.88
2015/03/05,154500,3110921,20.15,20.2,20.1,20.1,-0.05,115,60.0,65.92
2015/03/06,257515,5166621,20.1,20.2,20.0,20.1,0.00,155,60.0,63.95
2015/03/09,166040,3335800,20.1,20.15,20.05,20.1,0.00,119,55.560000000000002,61.15
2015/03/10,319770,6406133,20.05,20.1,20.0,20.05,-0.05,184,44.439999999999998,55.58
2015/03/11,280231,5607660,20.0,20.1,19.95,20.0,-0.05,142,33.329999999999998,48.16
2015/03/12,173324,3463580,20.0,20.05,19.95,20.0,0.00,141,14.289999999999999,36.87
2015/03/13,256365,5152783,20.0,20.2,20.0,20.2,+0.20,138,71.430000000000007,48.39
2015/03/16,202044,4073938,20.2,20.25,20.1,20.1,-0.10,131,50.0,48.93
2015/03/17,110878,2228710,20.15,20.15,20.05,20.05,-0.05,88,33.329999999999998,43.73
2015/03/18,299117,6020330,20.05,20.2,20.05,20.1,+0.05,164,50.0,45.82
2015/03/19,420223,8426127,20.1,20.1,20.0,20.1,0.00,212,50.0,47.22
2015/03/20,344219,6923412,20.1,20.2,20.05,20.2,+0.10,181,83.329999999999998,59.26
2015/03/23,969774,19859018,20.3,20.7,20.3,20.5,+0.30,556,73.329999999999998,63.95
2015/03/24,417628,8517515,20.5,20.55,20.3,20.3,-0.20,416,46.670000000000002,58.19
2015/03/25,715211,14554731,20.35,20.45,20.25,20.3,0.00,314,42.859999999999999,53.08
2015/03/26,381554,7715682,20.3,20.3,20.2,20.2,-0.10,358,28.57,44.91
2015/03/27,565764,11577754,20.2,20.6,20.15,20.5,+0.30,267,71.430000000000007,53.75
2015/03/30,260455,5318054,20.6,20.6,20.3,20.35,-0.15,300,50.0,52.50
2015/03/31,330593,6744808,20.4,20.45,20.35,20.4,+0.05,275,57.140000000000001,54.05
2015/04/01,445201,9057824,20.4,20.45,20.25,20.3,-0.10,294,38.460000000000001,48.85
2015/04/02,204535,4165455,20.3,20.45,20.25,20.3,0.00,211,27.27,41.66
2015/04/07,752789,15386956,20.3,20.6,20.25,20.6,+0.30,755,100.0,61.10
2015/04/08,1078576,22386838,20.7,20.85,20.6,20.85,+0.25,833,100.0,74.06
2015/04/09,487391,10089392,20.85,20.9,20.5,20.6,-0.25,349,60.0,69.37
2015/04/10,249655,5117320,20.5,20.55,20.45,20.45,-0.15,194,40.0,59.58
2015/04/13,210296,4292513,20.45,20.5,20.35,20.4,-0.05,195,23.079999999999998,47.41
2015/04/14,317680,6474184,20.4,20.45,20.3,20.4,0.00,160,23.079999999999998,39.30
2015/04/15,431010,8768600,20.45,20.45,20.25,20.25,-0.15,287,0.0,26.20
2015/04/16,247771,5030297,20.3,20.4,20.25,20.3,+0.05,147,7.6900000000000004,20.03
2015/04/17,263158,5321851,20.4,20.4,20.15,20.25,-0.05,162,13.33,17.79
2015/04/20,182026,3668577,20.2,20.25,20.1,20.15,-0.10,133,6.25,13.94
2015/04/21,353010,7087201,20.15,20.15,20.0,20.05,-0.10,252,5.5599999999999996,11.14
2015/04/22,176008,3527411,20.05,20.1,20.0,20.05,0.00,135,9.0899999999999999,10.46
2015/04/23,371841,7466201,20.05,20.15,20.0,20.05,0.00,228,10.0,10.30
2015/04/24,235529,4735428,20.05,20.15,20.05,20.1,+0.05,192,22.219999999999999,14.28
2015/04/27,375586,7557730,20.05,20.2,20.05,20.2,+0.10,212,44.439999999999998,24.33
2015/04/28,338007,6822138,20.2,20.25,20.1,20.2,0.00,140,50.0,32.89
2015/04/29,276477,5585608,20.2,20.25,20.15,20.15,-0.05,193,37.5,34.43
2015/04/30,226183,4590792,20.35,20.4,20.2,20.35,+0.20,150,87.5,52.12
2015/05/04,189280,3833428,20.4,20.4,20.2,20.25,-0.10,125,62.5,55.58
2015/05/05,5076007,102278291,20.25,20.25,20.1,20.15,-0.10,145,37.5,49.55
2015/05/06,315518,6377935,20.15,20.35,20.05,20.15,0.00,212,37.5,45.53
2015/05/07,187206,3767370,20.15,20.2,20.05,20.15,0.00,144,28.57,39.87
2015/05/08,283202,5680478,20.05,20.15,20.0,20.0,-0.15,148,0.0,26.58
2015/05/11,734076,14576120,20.0,20.15,19.7,19.85,-0.15,380,21.43,24.86
2015/05/12,352561,6992542,19.85,20.0,19.7,20.0,+0.15,177,42.859999999999999,30.86
2015/05/13,309224,6174690,20.0,20.05,19.9,20.0,0.00,157,42.859999999999999,34.86
2015/05/14,216085,4291152,19.8,20.0,19.8,19.85,-0.15,147,21.43,30.38
2015/05/15,159299,3172049,19.85,20.0,19.8,19.9,+0.05,101,30.77,30.51
2015/05/18,194450,3851070,19.9,19.95,19.75,19.75,-0.15,185,7.6900000000000004,22.90
2015/05/19,139764,2772922,19.8,19.9,19.8,19.85,+0.10,143,30.0,25.27
2015/05/20,58274,1154886,19.8,19.9,19.8,19.8,-0.05,54,22.219999999999999,24.26
2015/05/21,264333,5221590,19.8,19.85,19.7,19.8,0.00,150,22.219999999999999,23.58
2015/05/22,258675,5103750,19.85,19.85,19.7,19.7,-0.10,157,0.0,15.72
2015/05/25,121115,2387931,19.7,19.75,19.7,19.75,+0.05,87,14.289999999999999,15.24
2015/05/26,242298,4775917,19.8,19.85,19.65,19.65,-0.10,120,0.0,10.16
2015/05/27,223353,4391548,19.7,19.75,19.6,19.65,0.00,123,12.5,10.94
2015/05/28,295000,5787250,19.65,19.7,19.55,19.65,0.00,171,25.0,15.62
2015/05/29,254323,5011411,19.7,19.8,19.65,19.65,0.00,127,28.57,19.93
2015/06/01,295001,5773770,19.65,19.7,19.5,19.55,-0.10,130,12.5,17.46
2015/06/02,545341,10529327,19.55,19.55,19.2,19.2,-0.35,286,0.0,11.64
2015/06/03,590012,11247291,19.2,19.3,18.95,19.0,-0.20,321,5.5599999999999996,9.61
2015/06/04,1007543,18730675,19.0,19.0,18.35,18.45,-0.55,494,6.6699999999999999,8.63
2015/06/05,381016,6972754,18.45,18.45,18.2,18.25,-0.20,244,3.0299999999999998,6.76
2015/06/08,152050,2785892,18.25,18.45,18.2,18.35,+0.10,103,9.3800000000000008,7.64
2015/06/09,277201,5053287,18.4,18.4,18.15,18.15,-0.20,175,0.0,5.09
2015/06/10,201243,3671159,18.15,18.4,18.1,18.25,+0.10,133,8.8200000000000003,6.33
2015/06/11,150293,2750254,18.25,18.45,18.25,18.25,0.00,105,9.3699999999999992,7.34
2015/06/12,110047,2029368,18.25,18.5,18.25,18.5,+0.25,76,27.59,14.09
2015/06/15,156452,2886228,18.5,18.65,18.35,18.65,+0.15,82,45.829999999999998,24.67
2015/06/16,114005,2104390,18.65,18.65,18.35,18.45,-0.20,91,38.890000000000001,29.41
2015/06/17,308882,5662032,18.4,18.45,18.2,18.2,-0.25,179,18.18,25.67
2015/06/18,122088,2232482,18.3,18.45,18.2,18.4,+0.20,92,54.549999999999997,35.29
2015/06/22,259000,4795550,18.5,18.6,18.4,18.5,+0.10,124,72.730000000000004,47.77
2015/06/23,190365,3545721,18.6,18.75,18.5,18.7,+0.20,133,92.310000000000002,62.62
2015/06/24,251000,4704650,18.7,18.85,18.6,18.85,+0.15,145,100.0,75.08
2015/06/25,171926,3263485,18.9,19.1,18.9,19.1,+0.25,99,100.0,83.38
2015/06/26,195291,3760563,19.2,19.35,19.1,19.3,+0.20,116,95.650000000000006,87.47
2015/06/29,171334,3272275,19.3,19.3,18.9,18.95,-0.35,104,65.219999999999999,80.05
2015/06/30,69113,1314844,18.95,19.1,18.9,19.05,+0.10,51,73.909999999999997,78.01
2015/07/01,177000,3391550,19.15,19.2,19.0,19.2,+0.15,62,86.959999999999994,81.00
2015/07/02,104819,2013438,19.25,19.3,19.1,19.1,-0.10,64,73.680000000000007,78.56
2015/07/03,241010,4609290,19.2,19.2,19.0,19.15,+0.05,91,76.469999999999999,77.86
2015/07/06,275200,5231789,19.1,19.1,18.95,19.0,-0.15,111,53.329999999999998,69.69
2015/07/07,313200,5955080,19.0,19.1,18.95,19.0,0.00,159,22.219999999999999,53.87
2015/07/08,921798,17207047,19.0,19.0,18.2,18.4,-0.60,448,17.390000000000001,41.71
2015/07/09,1360205,22825080,17.0,17.0,16.3,16.55,X0.00,394,8.3300000000000001,30.59
2015/07/13,217681,3647509,16.8,16.85,16.6,16.75,+0.20,159,15.0,25.39
2015/07/14,228001,3848917,16.8,16.95,16.8,16.8,+0.05,123,16.670000000000002,22.49
2015/07/15,179120,3011733,16.9,16.95,16.8,16.8,0.00,83,16.670000000000002,20.55
2015/07/16,113001,1904367,17.0,17.0,16.8,16.8,0.00,68,17.239999999999998,19.45
2015/07/17,168891,2847150,17.0,17.0,16.75,16.8,0.00,130,17.859999999999999,18.92
2015/07/20,104156,1768734,17.0,17.1,16.85,16.85,+0.05,69,19.640000000000001,19.16
2015/07/21,65348,1103755,16.9,17.0,16.85,16.85,0.00,56,20.370000000000001,19.56
2015/07/22,91065,1526648,16.8,17.0,16.65,16.7,-0.15,68,50.0,29.71
2015/07/23,138202,2311920,16.7,16.95,16.65,16.65,-0.05,96,10.0,23.14
2015/07/24,486327,8120459,16.65,16.8,16.6,16.75,+0.10,57,30.0,25.43
2015/07/27,384633,6339165,16.85,16.85,15.95,16.6,-0.15,224,56.520000000000003,35.79
2015/07/28,688400,11604598,16.6,16.75,16.3,16.5,-0.10,107,47.829999999999998,39.80
2015/07/29,465656,7592758,16.4,16.4,16.2,16.2,-0.30,70,21.739999999999998,33.78
2015/07/30,96501,1574440,16.2,16.5,16.15,16.45,+0.25,59,43.479999999999997,37.01
2015/07/31,574003,9372348,16.45,16.5,15.9,15.9,-0.55,154,0.0,24.67
2015/08/03,321225,5085872,15.9,15.95,15.6,15.6,-0.30,132,0.0,16.45
2015/08/04,174102,2716274,15.6,15.8,15.5,15.7,+0.10,116,13.789999999999999,15.57
2015/08/05,122225,1929235,15.7,15.95,15.65,15.65,-0.05,70,11.109999999999999,14.08
2015/08/06,124002,1955484,15.9,15.9,15.6,15.65,0.00,64,11.109999999999999,13.09
2015/08/07,63055,991126,15.65,15.9,15.55,15.7,+0.05,46,16.0,14.06
2015/08/10,120081,1899453,15.9,15.9,15.7,15.85,+0.15,71,35.0,21.04
2015/08/11,206240,3259974,15.9,15.95,15.7,15.7,-0.15,113,20.0,20.70
2015/08/12,105103,1643485,15.8,15.85,15.5,15.6,-0.10,64,10.0,17.13
2015/08/13,42131,659188,15.6,15.7,15.6,15.7,+0.10,30,44.439999999999998,26.23
2015/08/14,118674,1864129,15.85,15.9,15.6,15.65,-0.05,70,33.329999999999998,28.60
2015/08/17,371505,5624073,15.55,15.55,15.0,15.0,-0.65,203,0.0,19.07
2015/08/18,232238,3464820,15.0,15.0,14.8,14.85,-0.15,116,4.3499999999999996,14.16
2015/08/19,412405,5860920,14.8,14.8,13.8,14.1,-0.75,248,13.949999999999999,14.09
2015/08/20,270783,3760698,14.0,14.0,13.75,13.9,-0.20,164,6.8200000000000003,11.66
2015/08/21,332501,4509387,13.8,13.8,13.4,13.6,-0.30,193,7.8399999999999999,10.38
2015/08/24,757284,9761548,13.2,13.6,12.25,13.0,-0.60,387,20.550000000000001,13.77
2015/08/25,382859,4930647,12.0,13.4,12.0,13.4,+0.40,180,35.899999999999999,21.15
2015/08/26,235220,3084186,13.0,13.4,12.9,13.4,0.00,139,35.899999999999999,26.07
2015/08/27,257642,3467948,13.45,13.55,13.3,13.45,+0.05,141,40.850000000000001,31.00
2015/08/28,294256,3999646,13.45,13.7,13.45,13.6,+0.15,146,53.329999999999998,38.45
2015/08/31,155001,2099764,13.6,13.8,13.3,13.8,+0.20,101,64.290000000000006,47.06
2015/09/01,179019,2471617,13.8,13.9,13.7,13.75,-0.05,116,87.5,60.54
2015/09/02,80490,1102381,13.7,13.75,13.6,13.75,0.00,61,92.109999999999999,71.06
2015/09/03,176100,2431380,13.7,13.9,13.7,13.85,+0.10,73,97.370000000000005,79.83
2015/09/04,129917,1811403,13.8,14.05,13.8,13.85,0.00,92,90.239999999999995,83.30
2015/09/07,105018,1448447,13.9,13.9,13.65,13.8,-0.05,65,78.260000000000005,81.62
2015/09/08,33255,457516,13.8,13.85,13.65,13.75,-0.05,31,60.0,74.41
2015/09/09,193960,2691744,13.85,13.95,13.75,13.85,+0.10,133,73.329999999999998,74.05
2015/09/10,156150,2193337,13.9,14.25,13.85,14.15,+0.30,93,89.469999999999999,79.19
2015/09/11,186035,2661406,14.2,14.45,14.2,14.45,+0.30,115,100.0,86.12
2015/09/14,105203,1524921,14.5,14.55,14.45,14.45,0.00,66,89.469999999999999,87.23
2015/09/15,99001,1424114,14.45,14.5,14.2,14.4,-0.05,64,83.329999999999998,85.93
2015/09/16,60032,864071,14.5,14.5,14.3,14.3,-0.10,56,72.219999999999999,81.36
2015/09/17,87387,1257652,14.5,14.55,14.35,14.35,+0.05,60,77.780000000000001,80.17
2015/09/18,134064,1939023,14.4,14.6,14.4,14.5,+0.15,79,89.469999999999999,83.27
2015/09/21,161500,2295447,14.5,14.5,14.1,14.1,-0.40,128,41.18,69.24
2015/09/22,32213,463028,14.3,14.4,14.3,14.35,+0.25,30,66.670000000000002,68.38
2015/09/23,104023,1467180,14.25,14.25,14.05,14.05,-0.30,79,0.0,45.59
2015/09/24,39022,549386,14.2,14.2,14.05,14.1,+0.05,33,9.0899999999999999,33.42
2015/09/25,133016,1867894,14.25,14.25,13.95,13.95,-0.15,77,0.0,22.28
2015/09/30,48008,671920,14.1,14.1,13.9,14.0,+0.05,34,14.289999999999999,19.61
2015/10/01,31093,435475,14.0,14.1,13.9,14.1,+0.10,24,28.57,22.59
2015/10/02,36628,515933,14.1,14.15,14.0,14.15,+0.05,28,35.710000000000001,26.96
2015/10/05,98355,1390689,14.15,14.25,14.05,14.1,-0.05,54,33.329999999999998,29.08
2015/10/06,97504,1382106,14.2,14.3,14.1,14.1,0.00,64,40.0,32.72
2015/10/07,59570,843280,14.1,14.25,14.1,14.1,0.00,43,50.0,38.48
2015/10/08,24497,346356,14.2,14.2,14.1,14.1,0.00,21,50.0,42.32
2015/10/12,116005,1652970,14.2,14.3,14.15,14.25,+0.15,74,87.5,57.38
2015/10/13,132000,1896800,14.25,14.45,14.25,14.45,+0.20,86,100.0,71.58
2015/10/14,136121,1972978,14.45,14.65,14.4,14.65,+0.20,79,100.0,81.05
2015/10/15,170218,2491358,14.65,14.7,14.55,14.65,0.00,87,92.859999999999999,84.98
2015/10/16,148974,2177514,14.65,14.7,14.5,14.65,0.00,87,92.310000000000002,87.42
2015/10/19,113402,1671106,14.6,14.85,14.6,14.85,+0.20,66,100.0,91.61
2015/10/20,291855,4400551,14.9,15.25,14.8,15.15,+0.30,161,91.299999999999997,91.50
2015/10/21,158003,2387948,15.45,15.45,15.0,15.05,-0.10,79,70.370000000000005,84.46
2015/10/22,219002,3278282,15.05,15.1,14.9,14.95,-0.10,82,61.539999999999999,76.82
2015/10/23,134000,2011450,15.15,15.15,14.95,14.95,0.00,64,58.329999999999998,70.65
2015/10/26,47232,709130,15.1,15.1,14.95,15.0,+0.05,46,57.140000000000001,66.15
2015/10/27,79331,1188015,15.0,15.0,14.9,15.0,0.00,49,52.630000000000003,61.64
2015/10/28,65402,974530,15.0,15.0,14.8,14.85,-0.15,41,36.840000000000003,53.37
2015/10/29,78726,1172110,14.85,15.0,14.7,14.7,-0.15,48,11.76,39.50
2015/10/30,49100,724127,14.75,15.0,14.7,14.75,+0.05,37,6.6699999999999999,28.55
2015/11/02,174300,2551229,14.95,14.95,14.55,14.75,0.00,92,22.219999999999999,26.44
2015/11/03,125442,1849739,14.8,14.85,14.65,14.8,+0.05,67,41.670000000000002,31.52
2015/11/04,110553,1643512,14.85,14.95,14.8,14.95,+0.15,96,66.670000000000002,43.23
2015/11/05,77871,1155531,14.95,14.95,14.8,14.85,-0.10,65,54.549999999999997,47.00
2015/11/06,56555,841175,14.8,14.95,14.8,14.9,+0.05,45,77.780000000000001,57.26
2015/11/09,41289,609202,14.9,14.9,14.65,14.7,-0.20,33,33.329999999999998,49.28
2015/11/10,51775,755318,14.6,14.65,14.55,14.65,-0.05,38,22.219999999999999,40.26
2015/11/11,90211,1325687,14.85,14.85,14.6,14.6,-0.05,59,11.109999999999999,30.54
2015/11/12,113002,1664928,14.85,14.9,14.6,14.75,+0.15,68,50.0,37.03
2015/11/13,105360,1537553,14.75,14.75,14.5,14.6,-0.15,60,22.219999999999999,32.10
2015/11/16,121007,1744755,14.5,14.5,14.35,14.4,-0.20,68,8.3300000000000001,24.18
2015/11/17,44007,638710,14.6,14.6,14.5,14.5,+0.10,35,25.0,24.45
2015/11/18,60140,867770,14.5,14.5,14.35,14.4,-0.10,47,8.3300000000000001,19.08
2015/11/19,81003,1167345,14.45,14.5,14.35,14.5,+0.10,72,27.27,21.81
2015/11/20,64200,931903,14.5,14.6,14.4,14.4,-0.10,56,9.0899999999999999,17.57
2015/11/23,62008,891670,14.5,14.5,14.35,14.4,0.00,52,9.0899999999999999,14.74
2015/11/24,44190,633457,14.4,14.4,14.3,14.35,-0.05,51,8.3300000000000001,12.61
2015/11/25,54007,773955,14.4,14.4,14.25,14.3,-0.05,43,10.0,11.74
2015/11/26,42402,611776,14.45,14.5,14.35,14.45,+0.15,30,57.140000000000001,26.88
2015/11/27,28004,406160,14.5,14.55,14.4,14.5,+0.05,26,71.430000000000007,41.73
2015/11/30,43553,626654,14.5,14.5,14.3,14.35,-0.15,43,28.57,37.34
2015/12/01,73211,1052194,14.4,14.4,14.35,14.35,0.00,50,28.57,34.41
2015/12/02,49115,708705,14.4,14.55,14.35,14.45,+0.10,52,57.140000000000001,41.99
2015/12/03,41017,590538,14.5,14.5,14.35,14.4,-0.05,49,50.0,44.66
2015/12/04,39214,563550,14.4,14.5,14.3,14.4,0.00,52,50.0,46.44
2015/12/07,104041,1509188,14.4,14.6,14.4,14.5,+0.10,70,71.430000000000007,54.77
2015/12/08,83009,1202535,14.5,14.55,14.4,14.45,-0.05,52,50.0,53.18
2015/12/09,75001,1085615,14.55,14.55,14.35,14.35,-0.10,45,16.670000000000002,41.01
2015/12/10,87004,1252360,14.35,14.5,14.35,14.35,0.00,49,16.670000000000002,32.90
2015/12/11,72924,1049366,14.45,14.5,14.3,14.35,0.00,36,16.670000000000002,27.49
2015/12/14,124061,1744959,14.2,14.2,14.0,14.0,-0.35,78,0.0,18.33
2015/12/15,61006,858484,14.0,14.15,14.0,14.05,+0.05,49,8.3300000000000001,15.00
2015/12/16,47090,668682,14.2,14.3,14.15,14.25,+0.20,28,41.670000000000002,23.89
2015/12/17,28503,407416,14.25,14.35,14.2,14.25,0.00,28,41.670000000000002,29.82
2015/12/18,31405,444050,14.25,14.25,14.1,14.1,-0.15,30,18.18,25.94
2015/12/21,17018,240902,14.1,14.2,14.1,14.15,+0.05,33,27.27,26.38
2015/12/22,47277,669904,14.15,14.2,14.15,14.2,+0.05,35,40.0,30.92
2015/12/23,52951,751305,14.2,14.25,14.1,14.25,+0.05,36,50.0,37.28
2015/12/24,92023,1312122,14.25,14.3,14.2,14.3,+0.05,53,85.709999999999994,53.42
2015/12/25,52053,737901,14.1,14.25,14.1,14.2,-0.10,30,57.140000000000001,54.66
2015/12/28,109211,1547032,14.2,14.3,14.1,14.15,-0.05,84,20.0,43.11
2015/12/29,72161,1026190,14.2,14.3,14.15,14.15,0.00,60,20.0,35.41
2015/12/30,164397,2364063,14.3,14.55,14.25,14.3,+0.15,102,44.439999999999998,38.42
2015/12/31,112659,1629751,14.3,14.55,14.3,14.4,+0.10,54,66.670000000000002,47.83
2016/01/04,101665,1465049,14.4,14.55,14.3,14.45,+0.05,86,77.780000000000001,57.82
2016/01/05,47102,682827,14.45,14.55,14.4,14.4,-0.05,34,66.670000000000002,60.77
2016/01/06,61005,877970,14.4,14.45,14.35,14.35,-0.05,40,55.560000000000002,59.03
2016/01/07,68500,972922,14.35,14.4,14.1,14.2,-0.15,61,22.219999999999999,46.76
2016/01/08,34006,484584,14.1,14.3,14.1,14.3,+0.10,29,44.439999999999998,45.98
2016/01/11,87078,1230158,14.2,14.25,14.05,14.2,-0.10,62,30.0,40.65
2016/01/12,95243,1343948,14.15,14.2,14.0,14.15,-0.05,61,27.27,36.19
2016/01/13,31328,443557,14.15,14.25,14.05,14.05,-0.10,34,9.0899999999999999,27.16
2016/01/14,122576,1712395,14.0,14.1,13.9,13.95,-0.10,81,7.6900000000000004,20.67
2016/01/15,633268,8864502,14.0,14.05,13.9,14.0,+0.05,54,15.380000000000001,18.91
2016/01/18,86304,1191269,13.85,13.9,13.7,13.85,-0.15,68,20.0,19.28
2016/01/19,141750,1943147,13.85,13.85,13.55,13.8,-0.05,105,29.41,22.65
2016/01/20,103053,1409972,13.8,13.8,13.6,13.6,-0.20,59,6.6699999999999999,17.32
2016/01/21,668001,9430414,13.7,14.3,13.6,13.95,+0.35,64,53.329999999999998,29.33
2016/01/22,129004,1792156,14.25,14.25,13.75,13.9,-0.05,63,46.670000000000002,35.11
2016/01/25,60010,839390,14.0,14.1,13.85,14.0,+0.10,46,60.0,43.41
2016/01/26,31221,437844,14.0,14.05,14.0,14.0,0.00,31,60.0,48.94
2016/01/27,15079,211273,14.0,14.05,14.0,14.0,0.00,20,60.0,52.63
2016/01/28,52354,741341,14.0,14.25,14.0,14.1,+0.10,41,73.329999999999998,59.53
2016/01/29,84952,1212209,14.1,14.4,14.1,14.4,+0.30,57,100.0,73.02
2016/01/30,94204,1365866,14.3,14.55,14.3,14.5,+0.10,53,94.739999999999995,80.26
2016/02/01,50009,720676,14.6,14.6,14.15,14.45,-0.05,49,85.0,81.84
2016/02/02,58006,841884,14.55,14.55,14.35,14.55,+0.10,48,94.120000000000005,85.93
2016/02/03,64209,932856,14.55,14.55,14.45,14.55,0.00,49,93.329999999999998,88.40
2016/02/15,267023,4039145,14.55,15.5,14.55,14.95,+0.40,201,63.329999999999998,80.04
2016/02/16,279720,4281103,15.0,15.5,14.95,15.5,+0.55,156,100.0,86.69
2016/02/17,148300,2286045,15.4,15.45,15.35,15.4,-0.10,83,93.329999999999998,88.90
2016/02/18,167214,2595312,15.35,15.7,15.35,15.5,+0.10,109,87.5,88.44
2016/02/19,221060,3486136,15.6,16.0,15.6,15.75,+0.25,123,86.489999999999995,87.79
2016/02/22,217018,3412515,15.9,16.0,15.5,15.55,-0.20,151,75.680000000000007,83.76
2016/02/23,64015,997225,15.6,15.7,15.5,15.6,+0.05,48,75.760000000000005,81.09
2016/02/24,111135,1728739,15.55,15.6,15.45,15.6,0.00,74,74.189999999999998,78.79
2016/02/25,82024,1278010,15.6,15.7,15.55,15.55,-0.05,69,68.969999999999999,75.52
2016/02/26,105130,1637963,15.55,15.65,15.5,15.55,0.00,65,57.140000000000001,69.40
2016/03/01,259436,4081927,15.55,15.95,15.5,15.8,+0.25,150,69.230000000000004,69.35
2016/03/02,255100,4068156,15.8,16.05,15.8,16.05,+0.25,160,100.0,79.56
2016/03/03,318423,5153566,16.1,16.3,16.0,16.25,+0.20,184,94.120000000000005,84.41
2016/03/04,107288,1743906,16.25,16.3,16.2,16.3,+0.05,93,100.0,89.60
2016/03/07,360084,5919520,16.3,16.75,16.3,16.6,+0.30,183,88.459999999999994,89.22
2016/03/08,245200,4059962,16.8,16.8,16.35,16.5,-0.10,121,77.780000000000001,85.41
2016/03/09,151190,2471244,16.5,16.5,16.25,16.5,0.00,103,76.920000000000002,82.58
2016/03/10,127021,2085341,16.5,16.5,16.3,16.4,-0.10,67,69.230000000000004,78.13
2016/03/11,522616,8800272,16.5,17.05,16.5,17.0,+0.60,283,96.769999999999996,84.35
2016/03/14,282636,4791662,17.0,17.15,16.75,17.0,0.00,170,88.890000000000001,85.86
2016/03/15,288600,4781186,16.9,16.95,16.2,16.4,-0.60,184,34.780000000000001,68.83
2016/03/16,244500,4022263,16.45,16.55,16.4,16.55,+0.15,100,36.840000000000003,58.17
2016/03/17,115300,1903468,16.65,16.65,16.45,16.45,-0.10,102,26.32,47.55
2016/03/18,173173,2840519,16.3,16.55,16.3,16.45,0.00,103,26.32,40.47
2016/03/21,243897,4081644,16.6,16.9,16.55,16.85,+0.40,174,68.420000000000002,49.79
2016/03/22,136788,2292923,16.85,16.9,16.7,16.9,+0.05,91,73.680000000000007,57.75
2016/03/23,286221,4748291,16.6,16.7,16.45,16.65,-0.25,167,47.369999999999997,54.29
2016/03/24,82468,1368521,16.65,16.65,16.5,16.65,0.00,75,47.369999999999997,51.98
2016/03/25,470296,7778161,16.65,16.75,16.35,16.4,-0.25,286,26.670000000000002,43.54
2016/03/28,289559,4684105,16.4,16.4,16.0,16.15,-0.25,152,16.670000000000002,34.59
2016/03/29,329184,5238307,16.15,16.15,15.8,15.8,-0.35,191,0.0,23.06
2016/03/30,599797,9317293,15.8,15.8,15.4,15.7,-0.10,283,20.0,22.04
2016/03/31,109491,1731992,15.7,15.9,15.7,15.85,+0.15,112,30.0,24.69
2016/04/01,119016,1894656,15.9,16.0,15.85,15.9,+0.05,84,33.329999999999998,27.57
2016/04/06,206261,3266782,15.9,16.0,15.65,15.75,-0.15,171,25.93,27.02
2016/04/07,112543,1773035,15.8,15.9,15.7,15.9,+0.15,112,37.039999999999999,30.36
2016/04/08,131302,2098109,15.9,16.05,15.9,16.0,+0.10,80,44.439999999999998,35.05
2016/04/11,58550,935349,16.0,16.0,15.8,15.95,-0.05,82,55.0,41.70
2016/04/12,235627,3729851,16.15,16.15,15.7,15.8,-0.15,174,53.329999999999998,45.58
2016/04/13,79436,1263024,15.9,16.0,15.85,15.95,+0.15,51,73.329999999999998,54.83
2016/04/14,162582,2605046,16.0,16.1,15.95,15.95,0.00,87,60.0,56.55
2016/04/15,74611,1193484,15.95,16.1,15.95,16.0,+0.05,68,70.0,61.03
2016/04/18,69715,1109145,16.0,16.0,15.85,15.9,-0.10,65,50.0,57.36
2016/04/19,97556,1568646,16.15,16.2,16.0,16.05,+0.15,49,70.0,61.57
2016/04/20,198393,3207574,16.4,16.4,16.1,16.15,+0.10,93,64.290000000000006,62.48
2016/04/21,123347,1977735,16.15,16.15,15.95,16.05,-0.10,42,50.0,58.32
2016/04/22,92285,1472837,16.05,16.05,15.9,15.95,-0.10,55,35.710000000000001,50.78
2016/04/25,139508,2219459,15.95,16.0,15.85,15.9,-0.05,77,9.0899999999999999,36.88
2016/04/26,97150,1545032,15.85,16.0,15.85,15.85,-0.05,45,0.0,24.59
2016/04/27,106451,1694043,15.95,16.0,15.85,15.85,0.00,44,0.0,16.39
2016/04/28,135153,2137874,15.85,15.85,15.75,15.85,0.00,54,15.380000000000001,16.06
2016/04/29,272303,4247148,15.85,15.85,15.3,15.55,-0.30,129,22.73,18.29
2016/05/03,139709,2157730,15.55,15.55,15.35,15.35,-0.20,86,4.5499999999999998,13.71
2016/05/04,90000,1382500,15.35,15.5,15.3,15.3,-0.05,51,0.0,9.14
2016/05/05,103459,1578670,15.3,15.35,15.2,15.3,0.00,67,11.76,10.01
2016/05/06,175195,2675332,15.3,15.35,15.2,15.3,0.00,47,12.5,10.84
2016/05/09,125884,1961951,15.4,15.75,15.4,15.6,+0.30,76,50.0,23.90
2016/05/10,90088,1399172,15.6,15.6,15.5,15.5,-0.10,32,37.5,28.43
2016/05/11,106104,1652116,15.55,15.7,15.5,15.5,0.00,47,46.149999999999999,34.33
2016/05/12,51001,795765,15.7,15.7,15.55,15.6,+0.10,28,61.539999999999999,43.40
2016/05/13,109008,1690772,15.6,15.75,15.35,15.55,-0.05,52,63.640000000000001,50.14
2016/05/16,419501,6714491,15.9,16.25,15.8,15.9,+0.35,189,66.670000000000002,55.65
2016/05/17,101201,1608716,16.05,16.05,15.85,15.9,0.00,54,66.670000000000002,59.32
2016/05/18,97300,1552434,15.9,16.0,15.9,15.95,+0.05,49,71.430000000000007,63.36
2016/05/19,82096,1300359,15.9,15.95,15.7,15.85,-0.10,61,55.560000000000002,60.76
2016/05/20,60360,958472,15.75,15.95,15.7,15.95,+0.10,41,66.670000000000002,62.73
2016/05/23,190006,3042246,16.0,16.1,15.85,16.1,+0.15,101,83.329999999999998,69.60
2016/05/24,134474,2156231,16.1,16.1,15.95,15.95,-0.15,58,66.670000000000002,68.62
2016/05/25,84396,1358023,16.0,16.15,16.0,16.1,+0.15,52,83.329999999999998,73.53
2016/05/26,263267,4311600,16.4,16.5,16.2,16.4,+0.30,115,87.5,78.19
2016/05/27,143741,2367735,16.5,16.55,16.4,16.5,+0.10,84,94.120000000000005,83.50
2016/05/30,249514,4147004,16.6,16.75,16.5,16.55,+0.05,107,80.950000000000003,82.65
2016/05/31,119317,1977526,16.6,16.65,16.5,16.6,+0.05,70,85.709999999999994,83.67
2016/06/01,70002,1159182,16.6,16.7,16.5,16.55,-0.05,39,80.950000000000003,82.76
2016/06/02,156451,2596791,16.55,16.7,16.5,16.6,+0.05,87,83.329999999999998,82.95
2016/06/03,141526,2329571,16.6,16.6,16.3,16.3,-0.30,89,43.75,69.88
2016/06/04,140115,2293839,16.45,16.5,16.25,16.5,+0.20,80,66.670000000000002,68.81
2016/06/06,39001,643066,16.5,16.55,16.35,16.45,-0.05,18,45.450000000000003,61.02
2016/06/07,200107,3265329,16.45,16.45,16.15,16.3,-0.15,132,25.0,49.01
2016/06/08,632434,10581100,16.5,16.85,16.5,16.7,+0.40,261,78.569999999999993,58.86
2016/06/13,125281,2078508,16.7,16.8,16.5,16.65,-0.05,84,71.430000000000007,63.05
2016/06/14,194010,3230366,16.65,16.8,16.5,16.65,0.00,89,71.430000000000007,65.84
2016/06/15,105250,1753674,16.75,16.75,16.6,16.65,0.00,48,71.430000000000007,67.70
2016/06/16,72831,1208556,16.65,16.65,16.55,16.6,-0.05,45,64.290000000000006,66.56
2016/06/17,94216,1567180,16.7,16.7,16.55,16.6,0.00,58,64.290000000000006,65.80
2016/06/20,110300,1836139,16.6,16.75,16.6,16.65,+0.05,57,71.430000000000007,67.68
2016/06/21,100771,1678946,16.7,16.7,16.65,16.7,+0.05,69,78.569999999999993,71.31
2016/06/22,55679,927569,16.7,16.7,16.65,16.7,0.00,35,57.140000000000001,66.59
2016/06/23,113677,1895486,16.7,16.75,16.65,16.75,+0.05,50,83.329999999999998,72.17
2016/06/24,353183,5888496,16.75,16.75,16.45,16.5,-0.25,98,14.289999999999999,52.87
2016/06/27,147941,2422180,16.35,16.5,16.3,16.5,0.00,85,44.439999999999998,50.06
2016/06/28,45571,752058,16.4,16.6,16.4,16.5,0.00,50,44.439999999999998,48.18
2016/06/29,71116,1184185,16.6,16.75,16.6,16.65,+0.15,44,77.780000000000001,58.05
2016/06/30,105218,1748777,16.7,16.7,16.6,16.6,-0.05,57,66.670000000000002,60.92
2016/07/01,115044,1923784,16.7,16.75,16.65,16.75,+0.15,75,100.0,73.94
2016/07/04,286501,4823538,16.75,16.9,16.75,16.8,+0.05,93,83.329999999999998,77.07
2016/07/05,309446,5244601,16.9,17.0,16.9,16.9,+0.10,102,85.709999999999994,79.95
2016/07/06,290210,4892270,16.9,16.9,16.8,16.9,0.00,87,85.709999999999994,81.87
2016/07/07,491945,8319865,16.9,16.95,16.85,16.95,+0.05,178,92.859999999999999,85.53
2016/07/11,881685,14197644,16.05,16.25,16.0,16.25,X0.00,239,25.0,65.35
2016/07/12,262543,4259772,16.25,16.3,16.2,16.25,0.00,75,25.0,51.90
2016/07/13,237913,3871971,16.35,16.35,16.25,16.25,0.00,73,25.0,42.93
2016/07/14,159169,2595970,16.25,16.45,16.2,16.45,+0.20,84,45.0,43.62
2016/07/15,170237,2799386,16.45,16.5,16.4,16.45,0.00,67,45.0,44.08
2016/07/18,96003,1580049,16.45,16.55,16.4,16.45,0.00,50,45.0,44.39
2016/07/19,198684,3273116,16.5,16.55,16.4,16.45,0.00,75,47.369999999999997,45.38
2016/07/20,204914,3354731,16.4,16.4,16.3,16.35,-0.10,83,36.840000000000003,42.53
2016/07/21,690521,11284489,16.35,16.4,16.3,16.35,0.00,114,63.640000000000001,49.56
2016/07/22,114314,1868766,16.4,16.4,16.3,16.4,+0.05,60,57.140000000000001,52.09
2016/07/25,169549,2757491,16.45,16.45,16.2,16.25,-0.15,90,14.289999999999999,39.49
2016/07/26,147810,2388410,16.2,16.2,16.15,16.15,-0.10,83,0.0,26.33
2016/07/27,93487,1513437,16.2,16.2,16.15,16.2,+0.05,58,12.5,21.72
2016/07/28,117476,1899859,16.15,16.25,16.1,16.25,+0.05,72,33.329999999999998,25.59
2016/07/29,99543,1609141,16.2,16.25,16.15,16.2,-0.05,67,22.219999999999999,24.47
2016/08/01,81382,1319249,16.1,16.25,16.1,16.2,0.00,36,28.57,25.83
2016/08/02,141207,2290250,16.15,16.3,16.15,16.25,+0.05,58,42.859999999999999,31.51
2016/08/03,103012,1668142,16.25,16.25,16.15,16.25,0.00,61,42.859999999999999,35.30
2016/08/04,210049,3405938,16.2,16.35,16.15,16.25,0.00,81,42.859999999999999,37.82
2016/08/05,105794,1725039,16.3,16.35,16.3,16.35,+0.10,58,100.0,58.54
2016/08/08,109326,1787653,16.4,16.4,16.3,16.35,0.00,85,83.329999999999998,66.81
2016/08/09,158667,2592963,16.3,16.4,16.3,16.4,+0.05,77,100.0,77.87
2016/08/10,218255,3584037,16.4,16.45,16.35,16.45,+0.05,99,100.0,85.24
2016/08/11,122142,2004745,16.45,16.5,16.35,16.4,-0.05,72,75.0,81.83
2016/08/12,263224,4368922,16.45,16.8,16.4,16.7,+0.30,124,84.620000000000005,82.76
2016/08/15,1209388,20835755,17.1,17.5,17.0,17.05,+0.35,497,66.670000000000002,77.39
2016/08/16,294440,5075872,17.1,17.35,17.1,17.3,+0.25,150,85.189999999999998,79.99
2016/08/17,586649,10178461,17.5,17.5,17.15,17.35,+0.05,234,87.5,82.50
2016/08/18,240586,4150477,17.45,17.45,17.15,17.3,-0.05,111,83.329999999999998,82.78
2016/08/19,408804,7008674,17.3,17.4,17.0,17.0,-0.30,203,58.329999999999998,74.63
2016/08/22,280034,4758028,17.0,17.05,16.85,17.0,0.00,139,56.520000000000003,68.59
2016/08/23,221216,3794890,17.0,17.25,17.0,17.1,+0.10,99,65.219999999999999,67.47
2016/08/24,287018,4944606,17.2,17.3,17.15,17.2,+0.10,112,72.730000000000004,69.22
2016/08/25,196042,3382311,17.3,17.3,17.2,17.25,+0.05,132,61.539999999999999,66.66
2016/08/26,201026,3464944,17.25,17.3,17.2,17.25,0.00,89,61.539999999999999,64.95
2016/08/29,244063,4200421,17.25,17.25,17.15,17.2,-0.05,127,53.850000000000001,61.25
2016/08/30,127143,2191067,17.25,17.25,17.2,17.2,0.00,99,58.329999999999998,60.27
2016/08/31,210070,3619897,17.2,17.3,17.15,17.3,+0.10,100,81.819999999999993,67.45
2016/09/01,213478,3684290,17.3,17.3,17.2,17.3,0.00,78,100.0,78.30
2016/09/02,149353,2580605,17.25,17.35,17.2,17.25,-0.05,84,71.430000000000007,76.01
2016/09/05,206415,3538836,17.25,17.25,17.05,17.15,-0.10,98,33.329999999999998,61.78
2016/09/06,450667,7665618,17.1,17.15,16.95,17.05,-0.10,167,25.0,49.52
2016/09/07,255020,4331988,17.0,17.1,16.9,17.1,+0.05,151,44.439999999999998,47.82
2016/09/08,168303,2884329,17.15,17.2,17.05,17.1,0.00,80,44.439999999999998,46.69
2016/09/09,172401,2967005,17.2,17.3,17.1,17.2,+0.10,77,66.670000000000002,53.35
2016/09/10,83108,1417357,17.15,17.15,17.0,17.1,-0.10,52,44.439999999999998,50.38
2016/09/12,159229,2702693,17.05,17.05,16.9,17.0,-0.10,67,22.219999999999999,41.00
2016/09/13,108000,1833500,17.0,17.1,16.95,16.95,-0.05,55,11.109999999999999,31.03
2016/09/14,123123,2090225,17.0,17.05,16.85,17.0,+0.05,51,33.329999999999998,31.80
2016/09/19,101400,1734456,17.15,17.2,17.05,17.15,+0.15,67,66.670000000000002,43.42
2016/09/20,91450,1567100,17.15,17.2,17.05,17.15,0.00,82,66.670000000000002,51.17
2016/09/21,232189,4002041,17.2,17.3,17.15,17.25,+0.10,107,88.890000000000001,63.74
2016/09/22,141601,2431645,17.35,17.35,17.05,17.2,-0.05,112,70.0,65.82
2016/09/23,59365,1020427,17.3,17.3,17.1,17.1,-0.10,34,50.0,60.55
2016/09/26,197503,3376401,17.15,17.2,17.0,17.05,-0.05,45,40.0,53.70
2016/09/29,44248,758216,17.15,17.15,17.1,17.1,+0.05,24,50.0,52.47
2016/09/30,51959,890548,17.1,17.2,17.1,17.2,+0.10,31,70.0,58.31
2016/10/03,124270,2123290,17.2,17.2,17.0,17.0,-0.20,72,0.0,38.87
2016/10/04,54193,922624,17.0,17.05,17.0,17.0,0.00,39,0.0,25.91
2016/10/05,102383,1740389,17.05,17.1,17.0,17.0,0.00,52,0.0,17.27
2016/10/06,111229,1891015,17.0,17.15,16.95,17.05,+0.05,63,25.0,19.84
2016/10/07,80235,1365468,17.05,17.1,16.95,17.1,+0.05,43,42.859999999999999,27.52
2016/10/11,612037,10272232,17.0,17.1,16.65,16.75,-0.35,231,18.18,24.41
2016/10/12,234001,3933117,16.7,16.9,16.7,16.9,+0.15,85,45.450000000000003,31.42
2016/10/13,154054,2611462,16.9,17.0,16.9,17.0,+0.10,60,63.640000000000001,42.16
2016/10/14,171958,2908250,17.0,17.1,16.75,16.75,-0.25,81,18.18,34.17
2016/10/18,2415829,44451250,18.4,18.4,18.4,18.4,X0.00,753,100.0,56.11
2016/10/19,3319915,64245535,19.05,19.9,19.05,19.1,+0.70,1541,75.379999999999995,62.54
2016/10/20,1143445,21862505,19.1,19.35,18.8,19.0,-0.10,504,72.310000000000002,65.79
2016/10/21,1367242,26382919,19.2,19.7,19.0,19.1,+0.10,608,75.379999999999995,68.99
2016/10/24,307305,5880495,19.25,19.25,19.05,19.15,+0.05,162,76.920000000000002,71.63
2016/10/25,642817,12196158,19.25,19.25,18.85,18.9,-0.25,345,68.75,70.67
2016/10/26,394533,7424640,18.9,18.95,18.75,18.85,-0.05,240,66.670000000000002,69.33
2016/10/27,349153,6552966,18.9,18.95,18.7,18.75,-0.10,189,63.490000000000002,67.38
2016/10/28,360843,6711226,18.7,18.7,18.5,18.6,-0.15,198,13.33,49.36
2016/10/31,246156,4637930,18.6,19.0,18.6,18.9,+0.30,172,28.57,42.43
2016/11/01,192288,3647672,18.95,19.1,18.85,18.9,0.00,144,33.329999999999998,39.40
2016/11/02,247265,4667929,18.85,19.0,18.8,18.8,-0.10,179,25.0,34.60
2016/11/03,200533,3745764,18.7,18.85,18.6,18.8,0.00,113,40.0,36.40
2016/11/04,192304,3588359,18.8,18.8,18.6,18.7,-0.10,95,26.670000000000002,33.16
2016/11/07,168833,3200492,18.65,19.1,18.65,18.85,+0.15,91,58.329999999999998,41.55
2016/11/08,234080,4384457,18.85,18.85,18.65,18.8,-0.05,115,50.0,44.37
2016/11/09,636202,11829785,18.85,18.85,18.5,18.5,-0.30,211,0.0,29.58
2016/11/10,224404,4194553,18.6,18.8,18.6,18.6,+0.10,104,16.670000000000002,25.28
2016/11/11,269008,5040848,18.75,18.8,18.65,18.8,+0.20,173,50.0,33.52
2016/11/14,325006,6124559,18.8,18.95,18.75,18.85,+0.05,174,58.329999999999998,41.79
2016/11/15,694133,13194308,18.9,19.15,18.85,18.95,+0.10,315,69.230000000000004,50.94
2016/11/16,288647,5490674,19.05,19.1,18.95,19.0,+0.05,166,76.920000000000002,59.60
2016/11/17,429656,8193164,19.0,19.15,18.95,19.1,+0.10,250,92.310000000000002,70.50
2016/11/18,280753,5357880,19.1,19.15,19.0,19.1,0.00,129,92.310000000000002,77.77
2016/11/21,285364,5453466,19.15,19.15,19.05,19.15,+0.05,170,100.0,85.18
2016/11/22,315120,6045465,19.15,19.25,19.15,19.15,0.00,176,84.620000000000005,85.00
2016/11/23,183513,3503947,19.2,19.25,19.0,19.0,-0.15,88,58.329999999999998,76.11
2016/11/24,242552,4581024,19.0,19.0,18.85,18.85,-0.15,147,20.0,57.41
2016/11/25,259113,4859626,18.85,18.85,18.7,18.8,-0.05,137,18.18,44.33
2016/11/28,877148,16729662,18.8,19.2,18.8,19.2,+0.40,355,90.909999999999997,59.85
2016/11/29,821477,15997349,19.3,19.6,19.25,19.5,+0.30,427,88.890000000000001,69.53
2016/11/30,4983506,101096169,19.55,20.95,19.45,20.9,+1.40,1660,97.780000000000001,78.94
2016/12/01,2636426,54458942,20.85,20.85,20.4,20.45,-0.45,1109,77.780000000000001,78.56
2016/12/02,609943,12481379,20.45,20.7,20.3,20.45,0.00,356,77.780000000000001,78.30
2016/12/05,638403,13031396,20.3,20.55,20.3,20.35,-0.10,336,73.329999999999998,76.64
2016/12/06,827452,16976423,20.45,20.7,20.35,20.35,0.00,443,73.329999999999998,75.53
2016/12/07,562504,11432579,20.4,20.5,20.15,20.25,-0.10,301,68.890000000000001,73.31
2016/12/08,744920,14983834,20.25,20.25,20.0,20.25,0.00,311,67.439999999999998,71.35
2016/12/09,313715,6358526,20.25,20.35,20.15,20.35,+0.10,191,64.709999999999994,69.14
2016/12/12,552643,11211181,20.35,20.4,20.15,20.2,-0.15,189,50.0,62.76
2016/12/13,290557,5851293,20.0,20.3,20.0,20.2,0.00,193,23.530000000000001,49.68
2016/12/14,487283,9851649,20.2,20.3,20.15,20.2,0.00,184,28.57,42.64
2016/12/15,161504,3250728,20.1,20.2,20.05,20.15,-0.05,110,21.43,35.57
2016/12/16,175972,3547940,20.15,20.25,20.1,20.1,-0.05,116,14.289999999999999,28.47
2016/12/19,273569,5516557,20.1,20.25,20.1,20.15,+0.05,176,30.0,28.98
2016/12/20,275081,5554785,20.25,20.25,20.1,20.15,0.00,195,37.5,31.82
2016/12/21,215300,4347637,20.15,20.3,20.1,20.2,+0.05,163,50.0,37.88
2016/12/22,261001,5264370,20.25,20.3,20.1,20.1,-0.10,119,25.0,33.58
2016/12/23,1072667,21186802,20.1,20.1,19.2,19.5,-0.60,475,27.27,31.48
2016/12/26,432128,8508362,19.75,19.9,19.5,19.6,+0.10,193,36.359999999999999,33.11
2016/12/27,366570,7166625,19.7,19.7,19.45,19.45,-0.15,156,22.73,29.65
2016/12/28,340749,6604593,19.4,19.45,19.3,19.4,-0.05,188,18.18,25.83
2016/12/29,246286,4782742,19.4,19.55,19.35,19.35,-0.05,115,13.640000000000001,21.77
2016/12/30,321431,6232785,19.35,19.45,19.35,19.45,+0.10,141,22.73,22.09
2017/01/03,252208,4911831,19.75,19.75,19.35,19.35,-0.10,173,13.640000000000001,19.28
2017/01/04,538127,10460413,19.35,19.75,19.3,19.75,+0.40,347,50.0,29.52
2017/01/05,800576,15686474,19.75,19.75,19.45,19.5,-0.25,365,33.329999999999998,30.79
2017/01/06,376111,7323533,19.45,19.55,19.4,19.55,+0.05,242,41.670000000000002,34.42
2017/01/09,535306,10530770,19.5,19.85,19.5,19.85,+0.30,284,100.0,56.28
2017/01/10,587092,11609166,19.9,19.9,19.65,19.8,-0.05,271,83.329999999999998,65.30
2017/01/11,633718,12388968,19.7,19.7,19.4,19.6,-0.20,311,50.0,60.20
2017/01/12,313287,6109954,19.6,19.65,19.45,19.55,-0.05,282,41.670000000000002,54.02
2017/01/13,279185,5454829,19.55,19.6,19.45,19.5,-0.05,150,33.329999999999998,47.12
2017/01/16,258673,5027081,19.5,19.5,19.35,19.4,-0.10,122,16.670000000000002,36.97
2017/01/17,724398,13943760,19.4,19.45,19.1,19.15,-0.25,324,6.25,26.73
2017/01/18,236196,4554748,19.2,19.4,19.15,19.35,+0.20,176,31.25,28.24
2017/01/19,248260,4799014,19.35,19.4,19.25,19.4,+0.05,197,37.5,31.33
2017/01/20,156088,3022810,19.45,19.45,19.3,19.4,0.00,86,37.5,33.39
2017/01/23,741543,14215167,19.4,19.4,19.1,19.15,-0.25,355,8.3300000000000001,25.04
2017/01/24,252365,4862456,19.15,19.4,19.15,19.35,+0.20,179,45.450000000000003,31.84
2017/02/02,633461,12239324,19.35,19.5,19.2,19.45,+0.10,356,70.0,44.56
2017/02/03,455400,8879961,19.5,19.55,19.45,19.55,+0.10,292,100.0,63.04
2017/02/06,1707598,33849034,19.6,20.15,19.5,19.9,+0.35,615,76.189999999999998,67.43
2017/02/07,709466,13953050,19.85,19.95,19.55,19.55,-0.35,299,42.859999999999999,59.24
2017/02/08,535721,10479388,19.55,19.65,19.5,19.6,+0.05,329,47.619999999999997,55.36
2017/02/09,449765,8778083,19.5,19.65,19.45,19.6,0.00,294,47.619999999999997,52.78
2017/02/10,653791,12672322,19.6,19.6,19.3,19.4,-0.20,387,28.57,44.71
2017/02/13,372076,7203040,19.3,19.45,19.3,19.35,-0.05,329,20.0,36.48
2017/02/14,384107,7439228,19.35,19.45,19.3,19.35,0.00,321,15.789999999999999,29.58
2017/02/15,713022,13864391,19.35,19.55,19.35,19.4,+0.05,387,11.76,23.64
2017/02/16,304446,5898200,19.4,19.45,19.35,19.35,-0.05,180,5.8799999999999999,17.72
2017/02/17,292322,5671104,19.35,19.45,19.3,19.45,+0.10,180,23.079999999999998,19.50
2017/02/18,349313,6770580,19.4,19.45,19.3,19.45,0.00,172,42.859999999999999,27.29
2017/02/20,629491,12228511,19.45,19.5,19.35,19.4,-0.05,292,28.57,27.71
2017/02/21,257147,4982869,19.4,19.45,19.35,19.4,0.00,150,33.329999999999998,29.58
2017/02/22,311051,6038625,19.4,19.45,19.4,19.4,0.00,142,40.0,33.05
2017/02/23,353493,6852103,19.4,19.45,19.35,19.35,-0.05,167,20.0,28.70
2017/02/24,1267824,24759101,19.4,19.75,19.4,19.5,+0.15,504,44.439999999999998,33.94
2017/03/01,502753,9806145,19.5,19.6,19.45,19.45,-0.05,257,33.329999999999998,33.74
2017/03/02,717100,13981536,19.5,19.6,19.4,19.55,+0.10,236,55.560000000000002,41.01
2017/03/03,1791124,35308464,19.55,19.9,19.5,19.7,+0.15,580,66.670000000000002,49.56
2017/03/06,656768,12935429,19.7,19.8,19.6,19.65,-0.05,345,54.549999999999997,51.22
2017/03/07,370133,7273131,19.7,19.7,19.6,19.65,0.00,218,54.549999999999997,52.33
2017/03/08,329500,6459215,19.65,19.7,19.5,19.65,0.00,187,54.549999999999997,53.07
2017/03/09,750305,14617694,19.6,19.65,19.4,19.5,-0.15,305,27.27,44.47
2017/03/10,357398,6942828,19.5,19.5,19.35,19.45,-0.05,243,18.18,35.71
2017/03/13,172586,3354847,19.4,19.5,19.4,19.4,-0.05,207,9.0899999999999999,26.84
2017/03/14,2852023,56502866,19.4,20.0,19.4,19.95,+0.55,795,92.310000000000002,48.66
2017/03/15,1249587,24866519,19.95,19.95,19.75,19.95,0.00,410,92.310000000000002,63.21
2017/03/16,2969706,60145720,19.95,20.9,19.8,20.15,+0.20,929,51.609999999999999,59.34
2017/03/17,2116962,42425540,20.2,20.35,19.8,20.2,+0.05,687,54.840000000000003,57.84
2017/03/20,3704602,75922777,20.3,20.65,20.25,20.65,+0.45,1148,83.870000000000005,66.52
2017/03/21,4789715,95329600,19.8,20.1,19.65,20.0,-0.65,1721,41.939999999999998,58.33
2017/03/22,8420844,172380096,19.95,20.85,19.85,20.65,+0.65,2959,83.870000000000005,66.85
2017/03/23,2865674,58742741,20.6,20.6,20.35,20.45,-0.20,1478,70.0,67.90
2017/03/24,5838526,121048360,20.55,21.0,20.45,20.85,+0.40,2257,90.629999999999995,75.48
2017/03/27,5001779,104360155,20.8,21.1,20.65,20.65,-0.20,1997,68.969999999999999,73.31
2017/03/28,1755817,36004065,20.7,20.75,20.25,20.5,-0.15,1034,58.619999999999997,68.41
2017/03/29,1567358,31897155,20.5,20.5,20.2,20.3,-0.20,807,44.829999999999998,60.55
2017/03/30,2320721,46763086,20.2,20.25,20.05,20.15,-0.15,1053,34.479999999999997,51.86
2017/03/31,965138,19604554,20.2,20.4,20.2,20.25,+0.10,647,41.380000000000003,48.36
2017/04/05,1427223,29051614,20.35,20.45,20.25,20.4,+0.15,1177,44.0,46.91
2017/04/06,1311174,26573933,20.4,20.4,20.15,20.25,-0.15,587,19.050000000000001,37.62
2017/04/07,1238317,24866609,20.25,20.25,20.0,20.1,-0.15,675,9.0899999999999999,28.11
2017/04/10,1822194,36318187,20.1,20.1,19.85,19.9,-0.20,831,4.0,20.07
2017/04/11,1116567,22075751,19.9,19.95,19.65,19.75,-0.15,584,9.0899999999999999,16.41
2017/04/12,1041253,20354240,19.7,19.75,19.45,19.55,-0.20,540,9.5199999999999996,14.11
2017/04/13,586571,11506529,19.55,19.7,19.55,19.65,+0.10,288,20.0,16.08
2017/04/14,858066,16668802,19.65,19.65,19.35,19.35,-0.30,485,0.0,10.72
2017/04/17,695010,13397090,19.35,19.45,19.2,19.25,-0.10,311,4.0,8.48
2017/04/18,341114,6607962,19.25,19.5,19.25,19.45,+0.20,179,20.829999999999998,12.59
2017/04/19,292349,5678088,19.4,19.5,19.35,19.45,0.00,200,23.809999999999999,16.33
2017/04/20,269210,5219222,19.45,19.45,19.35,19.4,-0.05,171,22.219999999999999,18.30
2017/04/21,269181,5217583,19.4,19.45,19.3,19.45,+0.05,157,33.329999999999998,23.31
2017/04/24,650207,12507772,19.35,19.4,19.15,19.3,-0.15,335,25.0,23.87
2017/04/25,518257,9990634,19.35,19.4,19.2,19.25,-0.05,289,18.18,21.97
2017/04/26,514168,9992431,19.3,19.55,19.25,19.4,+0.15,233,50.0,31.32
2017/04/27,264130,5152857,19.5,19.55,19.45,19.45,+0.05,166,75.0,45.88
2017/04/28,284080,5508561,19.45,19.45,19.35,19.35,-0.10,173,50.0,47.26
2017/05/02,543613,10513050,19.4,19.45,19.25,19.4,+0.05,238,62.5,52.34
2017/05/03,259570,5017976,19.4,19.4,19.3,19.35,-0.05,170,50.0,51.56
2017/05/04,257001,4982319,19.3,19.5,19.25,19.35,0.00,131,50.0,51.04
2017/05/05,234124,4522890,19.35,19.35,19.3,19.3,-0.05,123,37.5,46.53
2017/05/08,192014,3708218,19.3,19.35,19.3,19.3,0.00,125,28.57,40.54
2017/05/09,434100,8370969,19.3,19.35,19.2,19.2,-0.10,222,0.0,27.03
2017/05/10,487102,9340006,19.2,19.25,19.15,19.15,-0.05,264,0.0,18.02
2017/05/11,536015,10225593,19.05,19.15,19.0,19.05,-0.10,252,10.0,15.34
2017/05/12,442271,8401275,19.05,19.1,18.9,19.05,0.00,228,25.0,18.56
2017/05/15,410355,7852245,19.1,19.25,19.05,19.15,+0.10,209,41.670000000000002,26.26
2017/05/16,406826,7806525,19.25,19.3,19.05,19.2,+0.05,186,50.0,34.18
2017/05/17,349681,6733320,19.1,19.35,19.1,19.3,+0.10,159,88.890000000000001,52.42
2017/05/18,225942,4345541,19.2,19.3,19.1,19.25,-0.05,115,77.780000000000001,60.88
2017/05/19,294213,5671870,19.25,19.35,19.25,19.3,+0.05,108,88.890000000000001,70.22
2017/05/22,447285,8657912,19.3,19.4,19.3,19.35,+0.05,142,90.0,76.81
2017/05/23,271001,5243919,19.35,19.4,19.3,19.35,0.00,109,90.0,81.21
2017/05/24,258046,5007790,19.35,19.45,19.35,19.4,+0.05,118,90.909999999999997,84.44
2017/05/25,232853,4517518,19.4,19.45,19.35,19.4,0.00,131,87.5,85.46
2017/05/26,454577,8836751,19.4,19.5,19.35,19.5,+0.10,229,100.0,90.30
2017/05/31,357529,6966663,19.4,19.55,19.4,19.5,0.00,197,88.890000000000001,89.83
2017/06/01,388003,7560857,19.5,19.55,19.4,19.45,-0.05,183,77.780000000000001,85.82
2017/06/02,267460,5205614,19.45,19.5,19.45,19.5,+0.05,156,83.329999999999998,84.99
2017/06/03,208438,4062453,19.5,19.5,19.45,19.5,0.00,97,80.0,83.33
2017/06/05,534165,10459690,19.5,19.65,19.5,19.6,+0.10,265,85.709999999999994,84.12
2017/06/06,594725,11702150,19.6,19.8,19.55,19.7,+0.10,210,77.780000000000001,82.01
2017/06/07,352195,6939407,19.7,19.75,19.65,19.7,0.00,197,77.780000000000001,80.60
2017/06/08,362061,7136380,19.7,19.8,19.65,19.7,0.00,158,77.780000000000001,79.66
2017/06/09,547854,10805099,19.7,19.8,19.65,19.65,-0.05,210,62.5,73.94
2017/06/12,278159,5473471,19.65,19.7,19.65,19.7,+0.05,163,75.0,74.29
2017/06/13,538163,10616967,19.65,19.8,19.65,19.75,+0.05,207,85.709999999999994,78.10
2017/06/14,607288,11951537,19.75,19.8,19.55,19.65,-0.10,275,57.140000000000001,71.12
2017/06/15,378417,7453538,19.7,19.75,19.6,19.7,+0.05,181,66.670000000000002,69.63
2017/06/16,419490,8258202,19.7,19.75,19.65,19.7,0.00,203,60.0,66.42
2017/06/19,628010,12427443,19.7,19.9,19.7,19.8,+0.10,265,71.430000000000007,68.09
2017/06/20,421875,8345839,19.8,19.85,19.7,19.75,-0.05,192,57.140000000000001,64.44
2017/06/21,510109,10075553,19.7,19.8,19.7,19.8,+0.05,247,71.430000000000007,66.77
2017/06/22,353779,7001171,19.8,19.85,19.75,19.8,0.00,206,71.430000000000007,68.32
2017/06/23,344302,6820877,19.8,19.9,19.75,19.8,0.00,144,71.430000000000007,69.36
2017/06/26,827268,16408772,19.8,19.95,19.75,19.9,+0.10,344,87.5,75.41
2017/06/27,736523,14730778,19.9,20.05,19.9,20.0,+0.10,288,88.890000000000001,79.90
2017/06/28,519918,10411210,20.0,20.1,19.95,19.95,-0.05,268,66.670000000000002,75.49
2017/06/29,274341,5479370,19.95,20.05,19.95,19.95,0.00,185,62.5,71.16
2017/06/30,295629,5887550,19.95,19.95,19.8,19.95,0.00,150,62.5,68.27
2017/07/03,507733,10134317,19.9,20.0,19.85,19.95,0.00,238,62.5,66.34
2017/07/04,559422,11166390,20.0,20.0,19.9,19.95,0.00,192,57.140000000000001,63.28
2017/07/05,339150,6758064,19.95,19.95,19.9,19.95,0.00,129,57.140000000000001,61.24
2017/07/06,497198,9855153,19.95,19.95,19.7,19.75,-0.20,235,12.5,45.00
2017/07/07,463269,9130929,19.75,19.75,19.65,19.7,-0.05,241,11.109999999999999,33.70
2017/07/10,343148,6771654,19.7,19.8,19.7,19.75,+0.05,169,22.219999999999999,29.88
2017/07/11,576256,11342503,19.75,19.8,19.6,19.65,-0.10,264,11.109999999999999,23.62
2017/07/12,412798,8131955,19.7,19.85,19.6,19.75,+0.10,217,37.5,28.25
2017/07/13,769602,15221017,19.75,19.85,19.7,19.8,+0.05,215,50.0,35.50
2017/07/14,1900894,37647385,19.8,19.85,19.75,19.8,0.00,315,50.0,40.34
2017/07/17,2611956,51777770,19.8,19.9,19.75,19.85,+0.05,764,71.430000000000007,50.70
2017/07/18,1715146,31276653,18.25,18.3,18.2,18.2,X0.00,522,0.0,33.80
2017/07/19,548912,9960307,18.2,18.2,18.1,18.1,-0.10,261,0.0,22.53
2017/07/20,575201,10384946,18.1,18.2,18.0,18.0,-0.10,274,0.0,15.02
2017/07/21,609203,10875740,18.0,18.05,17.8,17.8,-0.20,303,0.0,10.01
2017/07/24,525320,9270264,17.9,17.9,17.55,17.55,-0.25,243,0.0,6.67
2017/07/25,527250,9251481,17.6,17.6,17.5,17.6,+0.05,240,4.1699999999999999,5.84
2017/07/26,330779,5809130,17.6,17.6,17.5,17.5,-0.10,175,0.0,3.89
2017/07/27,464929,8122456,17.4,17.6,17.4,17.6,+0.10,208,8.0,5.26
2017/07/28,312845,5501168,17.55,17.65,17.5,17.6,0.00,130,22.219999999999999,10.92
2017/07/31,256727,4515561,17.65,17.65,17.55,17.65,+0.05,130,31.25,17.70
2017/08/01,500812,8904783,17.65,17.9,17.65,17.9,+0.25,252,62.5,32.63
2017/08/02,304321,5405261,17.85,17.85,17.7,17.75,-0.15,172,53.850000000000001,39.70
2017/08/03,250506,4423152,17.7,17.75,17.6,17.6,-0.15,121,40.0,39.80
2017/08/04,236674,4170042,17.6,17.7,17.6,17.6,0.00,114,40.0,39.86
2017/08/07,369064,6504780,17.6,17.75,17.6,17.6,0.00,182,40.0,39.90
2017/08/08,758872,13657846,17.6,17.65,17.6,17.6,0.00,94,40.0,39.93
2017/08/09,311424,5486059,17.6,17.7,17.6,17.6,0.00,109,25.0,34.95
2017/08/10,530307,9240875,17.55,17.65,17.25,17.35,-0.25,271,15.380000000000001,28.43
2017/08/11,347144,5968783,17.25,17.25,17.15,17.2,-0.15,202,6.6699999999999999,21.17
2017/08/14,525409,8967883,17.15,17.2,16.95,17.0,-0.20,291,5.5599999999999996,15.96
2017/08/15,176055,3015693,17.0,17.2,17.0,17.2,+0.20,110,31.25,21.06
2017/08/16,1563316,26614984,17.2,17.25,17.0,17.05,-0.15,212,12.5,18.21
2017/08/17,305410,5262799,17.05,17.35,17.05,17.3,+0.25,168,43.75,26.72
2017/08/18,145717,2526916,17.3,17.4,17.2,17.35,+0.05,79,53.329999999999998,35.59
2017/08/21,234960,4062510,17.4,17.4,17.2,17.3,-0.05,141,46.670000000000002,39.29
2017/08/22,235487,4080574,17.3,17.4,17.25,17.3,0.00,137,50.0,42.86
2017/08/23,214553,3724611,17.3,17.4,17.3,17.35,+0.05,106,88.890000000000001,58.20
2017/08/24,1783657,30861664,17.35,17.4,17.3,17.3,-0.05,119,77.780000000000001,64.73
2017/08/25,208835,3620962,17.3,17.4,17.3,17.35,+0.05,76,87.5,72.32
2017/08/28,293315,5099163,17.4,17.45,17.35,17.35,0.00,152,77.780000000000001,74.14
2017/08/29,247055,4288800,17.4,17.4,17.3,17.3,-0.05,125,62.5,70.26
2017/08/30,289923,5032052,17.3,17.4,17.3,17.4,+0.10,112,80.0,73.51
2017/08/31,1725556,29883399,17.4,17.5,17.4,17.45,+0.05,122,83.329999999999998,76.79
2017/09/01,458043,8053256,17.45,17.65,17.45,17.65,+0.20,182,100.0,84.52
2017/09/04,488430,8662856,17.65,17.85,17.65,17.7,+0.05,172,72.730000000000004,80.59
2017/09/05,215002,3804434,17.7,17.75,17.65,17.7,0.00,95,72.730000000000004,77.97
2017/09/06,320250,5641923,17.7,17.7,17.55,17.55,-0.15,120,45.450000000000003,67.13
2017/09/07,1623312,28304720,17.6,17.7,17.6,17.6,+0.05,120,54.549999999999997,62.93
2017/09/08,300779,5298036,17.6,17.7,17.55,17.6,0.00,99,54.549999999999997,60.13
2017/09/11,532335,9305526,17.55,17.6,17.35,17.5,-0.10,247,36.359999999999999,52.21
2017/09/12,174334,3044360,17.5,17.5,17.4,17.45,-0.05,83,20.0,41.48
2017/09/13,284025,4949339,17.45,17.5,17.35,17.45,0.00,121,20.0,34.32
2017/09/14,1305644,23595719,17.45,17.55,17.4,17.55,+0.10,81,40.0,36.21
2017/09/15,231180,4057558,17.55,17.6,17.5,17.55,0.00,131,50.0,40.81
2017/09/18,210589,3702704,17.6,17.65,17.55,17.6,+0.05,97,71.430000000000007,51.02
2017/09/19,358791,6257470,17.6,17.6,17.35,17.45,-0.15,148,28.57,43.53
2017/09/20,249470,4335024,17.45,17.45,17.3,17.4,-0.05,126,25.0,37.35
2017/09/21,164446,2858586,17.4,17.45,17.35,17.4,0.00,92,28.57,34.42
2017/09/22,364214,6309340,17.4,17.4,17.25,17.25,-0.15,114,0.0,22.95
2017/09/25,404089,6949829,17.25,17.3,17.05,17.2,-0.05,184,25.0,23.63
2017/09/26,299201,5132845,17.15,17.2,17.1,17.15,-0.05,118,16.670000000000002,21.31
2017/09/27,235353,4041038,17.15,17.3,17.1,17.25,+0.10,93,33.329999999999998,25.32
2017/09/28,110750,1909973,17.25,17.3,17.2,17.2,-0.05,64,25.0,25.21
2017/09/29,227300,3898439,17.15,17.2,17.1,17.15,-0.05,131,18.18,22.87
2017/09/30,389420,6731522,17.2,17.45,17.2,17.45,+0.30,128,100.0,48.58
2017/10/02,220480,3830622,17.35,17.45,17.3,17.3,-0.15,110,62.5,53.22
2017/10/03,661038,11689165,17.3,17.4,17.3,17.3,0.00,72,62.5,56.31
2017/10/05,248671,4327405,17.3,17.45,17.3,17.4,+0.10,107,87.5,66.71
2017/10/06,306324,5375151,17.4,17.7,17.35,17.6,+0.20,160,83.329999999999998,72.25
2017/10/11,211001,3696467,17.55,17.6,17.45,17.5,-0.10,100,66.670000000000002,70.39
2017/10/12,156112,2723140,17.5,17.5,17.4,17.45,-0.05,82,58.329999999999998,66.37
2017/10/13,157702,2750697,17.45,17.5,17.4,17.4,-0.05,91,50.0,60.92
2017/10/16,127504,2220167,17.4,17.45,17.35,17.45,+0.05,67,50.0,57.28
2017/10/17,204200,3541589,17.4,17.45,17.3,17.4,-0.05,137,25.0,46.52
2017/10/18,112004,1943169,17.4,17.4,17.3,17.3,-0.10,59,0.0,31.01
2017/10/19,130223,2257588,17.3,17.4,17.3,17.3,0.00,76,0.0,20.67
2017/10/20,143951,2495247,17.3,17.35,17.25,17.35,+0.05,66,22.219999999999999,21.19
2017/10/23,301356,5262342,17.5,17.5,17.45,17.45,+0.10,140,57.140000000000001,33.18
2017/10/24,279124,4890367,17.5,17.6,17.45,17.5,+0.05,135,71.430000000000007,45.93
2017/10/25,269331,4729359,17.55,17.6,17.55,17.55,+0.05,128,85.709999999999994,59.19
2017/10/26,1315249,23555763,17.65,18.2,17.65,17.95,+0.40,613,73.680000000000007,64.02
2017/10/27,650936,11725541,18.05,18.2,17.9,17.9,-0.05,329,68.420000000000002,65.49
2017/10/30,841722,15018119,17.95,18.0,17.85,17.9,0.00,184,68.420000000000002,66.47
2017/10/31,395001,7090368,17.9,18.0,17.9,17.95,+0.05,187,73.680000000000007,68.87
2017/11/01,266050,4778196,17.95,18.0,17.9,17.9,-0.05,122,68.420000000000002,68.72
2017/11/02,218230,3908615,17.9,18.0,17.9,17.9,0.00,96,60.0,65.81
2017/11/03,769602,13990236,17.9,18.0,17.9,18.0,+0.10,124,73.329999999999998,68.31
2017/11/06,449701,8071901,18.0,18.05,17.9,17.9,-0.10,132,53.850000000000001,63.49
2017/11/07,305563,5482722,17.95,18.0,17.9,17.9,0.00,129,45.450000000000003,57.48
2017/11/08,218341,3914567,17.9,18.0,17.9,17.9,0.00,106,14.289999999999999,43.08
2017/11/09,412301,7376626,17.9,18.0,17.65,17.75,-0.15,182,25.0,37.05
2017/11/10,241987,4300666,17.7,17.85,17.7,17.8,+0.05,118,37.5,37.20
2017/11/13,234500,4170048,17.8,17.85,17.7,17.75,-0.05,98,25.0,33.13
2017/11/14,622002,11065734,17.8,17.8,17.7,17.8,+0.05,53,37.5,34.59
2017/11/15,519460,9166312,17.8,17.8,17.55,17.7,-0.10,252,30.0,33.06
2017/11/16,286522,5059786,17.7,17.75,17.55,17.7,0.00,144,30.0,32.04
2017/11/17,146604,2587918,17.65,17.7,17.6,17.65,-0.05,83,22.219999999999999,28.77
2017/11/20,192280,3392804,17.6,17.7,17.55,17.6,-0.05,98,11.109999999999999,22.88
2017/11/21,331010,5814023,17.6,17.7,17.5,17.6,0.00,158,20.0,21.92
2017/11/22,246171,4336062,17.6,17.7,17.55,17.6,0.00,155,28.57,24.13
2017/11/23,415434,7285187,17.6,17.65,17.5,17.55,-0.05,158,14.289999999999999,20.85
2017/11/24,244028,4306144,17.6,17.7,17.6,17.65,+0.10,81,50.0,30.57
2017/11/27,199499,3521855,17.65,17.7,17.6,17.65,0.00,85,50.0,37.05
2017/11/28,892150,15895689,17.65,17.7,17.55,17.55,-0.10,176,20.0,31.37
2017/11/29,136165,2391612,17.55,17.6,17.55,17.55,0.00,68,25.0,29.24
2017/11/30,300331,5265391,17.55,17.6,17.45,17.45,-0.10,168,0.0,19.49
2017/12/01,309484,5404467,17.5,17.5,17.4,17.45,0.00,122,16.670000000000002,18.55
2017/12/04,255333,4459874,17.45,17.6,17.4,17.55,+0.10,104,50.0,29.04
2017/12/05,166230,2912269,17.55,17.55,17.5,17.55,0.00,80,50.0,36.03
2017/12/06,302001,5277967,17.55,17.55,17.4,17.5,-0.05,117,33.329999999999998,35.13
2017/12/07,237101,4141627,17.5,17.5,17.45,17.45,-0.05,84,16.670000000000002,28.98
2017/12/08,363027,6329274,17.45,17.45,17.35,17.45,0.00,108,28.57,28.84
2017/12/11,294169,5139341,17.5,17.6,17.4,17.45,0.00,106,40.0,32.56
2017/12/12,83757,1467545,17.5,17.6,17.45,17.6,+0.15,55,100.0,55.04
2017/12/13,69756,1223802,17.55,17.6,17.5,17.55,-0.05,49,80.0,63.36
2017/12/14,132101,2317976,17.55,17.6,17.5,17.55,0.00,77,80.0,68.91
2017/12/15,197103,3462988,17.55,17.6,17.5,17.55,0.00,75,80.0,72.61
2017/12/18,105460,1850935,17.5,17.65,17.5,17.5,-0.05,61,50.0,65.08
2017/12/19,112085,1962638,17.5,17.55,17.5,17.55,+0.05,58,66.670000000000002,65.61
2017/12/20,113000,1982900,17.6,17.65,17.5,17.6,+0.05,58,83.329999999999998,71.52
2017/12/21,38500,676321,17.6,17.65,17.55,17.55,-0.05,29,60.0,67.68
2017/12/22,95544,1678692,17.55,17.7,17.5,17.55,0.00,69,40.0,58.45
2017/12/25,761577,13372472,17.6,17.85,17.55,17.85,+0.30,130,100.0,72.30
2017/12/26,330018,5882174,17.85,17.9,17.75,17.85,0.00,170,87.5,77.37
2017/12/27,795012,14294216,17.8,18.0,17.8,17.95,+0.10,160,90.0,81.58
2017/12/28,209927,3767943,18.0,18.0,17.9,17.95,0.00,121,90.0,84.39
2017/12/29,369413,6638494,18.0,18.0,17.95,18.0,+0.05,149,100.0,89.59
2018/01/02,2014784,37069030,18.1,18.55,18.1,18.45,+0.45,658,90.480000000000004,89.89
2018/01/03,454780,8320299,18.4,18.4,18.2,18.35,-0.10,239,80.950000000000003,86.91
2018/01/04,371751,6779891,18.35,18.35,18.2,18.25,-0.10,160,71.430000000000007,81.75
2018/01/05,398108,7274676,18.3,18.35,18.2,18.3,+0.05,154,75.0,79.50
2018/01/08,659019,12148445,18.3,18.55,18.3,18.4,+0.10,280,81.25,80.08
2018/01/09,241722,4428383,18.4,18.4,18.25,18.3,-0.10,127,66.670000000000002,75.61
2018/01/10,197392,3611511,18.3,18.35,18.25,18.35,+0.05,99,69.230000000000004,73.49
2018/01/11,371233,6824685,18.45,18.45,18.35,18.35,0.00,180,66.670000000000002,71.21
2018/01/12,375958,6916323,18.35,18.45,18.3,18.4,+0.05,161,66.670000000000002,69.69
2018/01/15,493210,9108578,18.4,18.55,18.4,18.5,+0.10,203,85.709999999999994,75.03
2018/01/16,586437,10875919,18.55,18.65,18.45,18.6,+0.10,256,88.890000000000001,79.65
2018/01/17,408740,7596284,18.65,18.65,18.5,18.65,+0.05,214,100.0,86.43
2018/01/18,461118,8584393,18.7,18.75,18.5,18.65,0.00,166,80.0,84.29
2018/01/19,454487,8460655,18.65,18.65,18.5,18.6,-0.05,156,70.0,79.52
2018/01/22,317216,5891343,18.6,18.65,18.5,18.55,-0.05,169,60.0,73.01
2018/01/23,278109,5162664,18.55,18.65,18.5,18.65,+0.10,129,77.780000000000001,74.60
2018/01/24,244556,4538128,18.65,18.65,18.5,18.55,-0.10,150,55.560000000000002,68.25
2018/01/25,231322,4290071,18.55,18.6,18.5,18.55,0.00,145,42.859999999999999,59.79
2018/01/26,716372,13101496,18.55,18.55,18.45,18.55,0.00,117,33.329999999999998,50.97
2018/01/29,247263,4590935,18.65,18.65,18.5,18.5,-0.05,107,16.670000000000002,39.54
2018/01/30,220891,4079900,18.5,18.55,18.4,18.4,-0.10,116,0.0,26.36
2018/01/31,234682,4287761,18.3,18.35,18.2,18.35,-0.05,127,33.329999999999998,28.68
2018/02/01,115356,2114279,18.35,18.35,18.3,18.35,0.00,47,33.329999999999998,30.23
2018/02/02,208039,3804515,18.4,18.4,18.25,18.3,-0.05,134,22.219999999999999,27.56
2018/02/05,794015,14548772,18.2,18.2,18.0,18.15,-0.15,149,23.079999999999998,26.06
2018/02/06,895146,15845776,17.9,17.95,17.5,17.55,-0.60,455,4.3499999999999996,18.82
2018/02/07,324101,5775368,18.0,18.0,17.65,17.85,+0.30,176,30.43,22.69
2018/02/08,264166,4695307,17.85,17.85,17.7,17.85,0.00,107,30.43,25.27
2018/02/09,575790,10131376,17.7,17.75,17.45,17.7,-0.15,246,22.73,24.43
2018/02/12,316004,5617572,17.7,18.0,17.65,17.85,+0.15,128,42.109999999999999,30.33
2018/02/21,441020,7993911,18.0,18.2,18.0,18.15,+0.30,176,73.680000000000007,44.78
2018/02/22,168739,3041335,17.95,18.1,17.95,18.05,-0.10,126,63.159999999999997,50.90
2018/02/23,210418,3820380,18.25,18.3,18.1,18.15,+0.10,110,82.349999999999994,61.38
2018/02/26,853448,15497874,18.2,18.25,18.15,18.15,0.00,174,82.349999999999994,68.37
2018/02/27,198276,3598955,18.15,18.25,18.1,18.15,0.00,132,82.349999999999994,73.03
2018/03/01,185014,3346167,18.1,18.15,18.0,18.15,0.00,78,82.349999999999994,76.14
2018/03/02,189111,3427273,18.05,18.2,18.05,18.15,0.00,113,82.349999999999994,78.21
2018/03/05,155866,2820315,18.25,18.25,18.0,18.05,-0.10,104,61.539999999999999,72.65
2018/03/06,740589,13591502,18.2,18.2,18.0,18.1,+0.05,129,42.859999999999999,62.72
2018/03/07,210067,3787806,18.0,18.1,18.0,18.0,-0.10,109,14.289999999999999,46.57
2018/03/08,101402,1829394,18.0,18.1,18.0,18.0,0.00,70,0.0,31.05
2018/03/09,410522,7511628,18.05,18.45,18.05,18.3,+0.30,230,66.670000000000002,42.92
2018/03/12,734122,13595352,18.35,18.65,18.35,18.6,+0.30,345,92.310000000000002,59.38
2018/03/13,659537,12317333,18.7,18.75,18.55,18.7,+0.10,275,93.329999999999998,70.70
2018/03/14,287481,5357334,18.7,18.7,18.6,18.6,-0.10,177,80.0,73.80
2018/03/15,223063,4175119,18.6,18.8,18.6,18.75,+0.15,132,93.75,80.45
2018/03/16,402883,7541298,18.8,18.8,18.65,18.7,-0.05,138,87.5,82.80
2018/03/19,463841,8693588,18.8,18.8,18.7,18.75,+0.05,255,93.75,86.45
2018/03/20,219053,4109432,18.7,18.8,18.65,18.8,+0.05,106,100.0,90.96
2018/03/21,4289084,84644140,20.0,20.05,19.55,19.8,+1.00,1614,87.5,89.81
2018/03/22,1719115,34107801,19.75,19.9,19.7,19.8,0.00,754,85.290000000000006,88.30
2018/03/23,1140476,22525370,19.5,19.85,19.5,19.85,+0.05,630,86.670000000000002,87.76
2018/03/26,1823283,36343228,19.85,20.0,19.75,20.0,+0.15,624,96.549999999999997,90.69
2018/03/27,1609402,32381533,20.0,20.2,20.0,20.15,+0.15,638,96.870000000000005,92.75
2018/03/28,1441653,28630383,20.1,20.15,20.0,20.05,-0.10,481,90.319999999999993,91.94
2018/03/29,1165300,23436228,20.050000000000001,20.199999999999999,20.050000000000001,20.149999999999999,+0.10,463,96.769999999999996,93.55
